Started GET "/" for ::1 at 2026-09-28 19:54:38 +0530
Processing by Rails::WelcomeController#index as HTML
  Rendering C:/RailsInstaller/Ruby3.1.2/lib/ruby/gems/3.1.0/gems/railties-7.0.10/lib/rails/templates/rails/welcome/index.html.erb
  Rendered C:/RailsInstaller/Ruby3.1.2/lib/ruby/gems/3.1.0/gems/railties-7.0.10/lib/rails/templates/rails/welcome/index.html.erb (Duration: 9.0ms | Allocations: 683)
Completed 200 OK in 125ms (Views: 32.5ms | ActiveRecord: 0.0ms | Allocations: 7858)


  [1m[35m (7.1ms)[0m  [1m[35mCREATE TABLE "schema_migrations" ("version" varchar NOT NULL PRIMARY KEY)[0m
  [1m[35m (3.0ms)[0m  [1m[35mCREATE TABLE "ar_internal_metadata" ("key" varchar NOT NULL PRIMARY KEY, "value" varchar, "created_at" datetime(6) NOT NULL, "updated_at" datetime(6) NOT NULL)[0m
  [1m[36mActiveRecord::SchemaMigration Pluck (0.6ms)[0m  [1m[34mSELECT "schema_migrations"."version" FROM "schema_migrations" ORDER BY "schema_migrations"."version" ASC[0m
Migrating to CreateItems (20260928144252)
  [1m[36mTRANSACTION (0.1ms)[0m  [1m[36mbegin transaction[0m
  [1m[35m (1.2ms)[0m  [1m[35mCREATE TABLE "items" ("id" integer PRIMARY KEY AUTOINCREMENT NOT NULL, "title" varchar, "description" text, "category" varchar, "location" varchar, "date_lost_found" date, "status" varchar, "created_at" datetime(6) NOT NULL, "updated_at" datetime(6) NOT NULL)[0m
  [1m[36mActiveRecord::SchemaMigration Create (0.2ms)[0m  [1m[32mINSERT INTO "schema_migrations" ("version") VALUES (?)[0m  [["version", "20260928144252"]]
  [1m[36mTRANSACTION (4.0ms)[0m  [1m[36mcommit transaction[0m
  [1m[36mActiveRecord::InternalMetadata Load (0.3ms)[0m  [1m[34mSELECT "ar_internal_metadata".* FROM "ar_internal_metadata" WHERE "ar_internal_metadata"."key" = ? LIMIT ?[0m  [["key", "environment"], ["LIMIT", 1]]
  [1m[36mTRANSACTION (0.1ms)[0m  [1m[36mbegin transaction[0m
  [1m[36mActiveRecord::InternalMetadata Create (1.0ms)[0m  [1m[32mINSERT INTO "ar_internal_metadata" ("key", "value", "created_at", "updated_at") VALUES (?, ?, ?, ?)[0m  [["key", "environment"], ["value", "development"], ["created_at", "2026-09-28 14:43:48.464703"], ["updated_at", "2026-09-28 14:43:48.464703"]]
  [1m[36mTRANSACTION (1.8ms)[0m  [1m[36mcommit transaction[0m
  [1m[36mActiveRecord::SchemaMigration Pluck (0.1ms)[0m  [1m[34mSELECT "schema_migrations"."version" FROM "schema_migrations" ORDER BY "schema_migrations"."version" ASC[0m
  [1m[36mActiveRecord::SchemaMigration Pluck (0.3ms)[0m  [1m[34mSELECT "schema_migrations"."version" FROM "schema_migrations" ORDER BY "schema_migrations"."version" ASC[0m
  [1m[36mActiveRecord::InternalMetadata Load (0.4ms)[0m  [1m[34mSELECT "ar_internal_metadata".* FROM "ar_internal_metadata" WHERE "ar_internal_metadata"."key" = ? LIMIT ?[0m  [["key", "environment"], ["LIMIT", 1]]
  [1m[36mActiveRecord::SchemaMigration Pluck (0.2ms)[0m  [1m[34mSELECT "schema_migrations"."version" FROM "schema_migrations" ORDER BY "schema_migrations"."version" ASC[0m
Started GET "/" for ::1 at 2026-09-28 20:43:32 +0530
  [1m[36mActiveRecord::SchemaMigration Pluck (0.4ms)[0m  [1m[34mSELECT "schema_migrations"."version" FROM "schema_migrations" ORDER BY "schema_migrations"."version" ASC[0m
Processing by ItemsController#index as HTML
  Rendering layout layouts/application.html.erb
  Rendering items/index.html.erb within layouts/application
  [1m[36mItem Load (0.8ms)[0m  [1m[34mSELECT "items".* FROM "items"[0m
  ↳ app/views/items/index.html.erb:7
  Rendered items/index.html.erb within layouts/application (Duration: 24.3ms | Allocations: 1436)
  Rendered layout layouts/application.html.erb (Duration: 1986.3ms | Allocations: 71542)
Completed 500 Internal Server Error in 2051ms (ActiveRecord: 0.8ms | Allocations: 76933)


  
ActionView::Template::Error (Permission denied @ rb_file_s_rename - (C:/Users/ELCOT/lost_and_found/tmp/cache/assets/sprockets/v4.0.0/5M/5M1J6i4zS9tMG5w4Vcdrc9H_STYictkKigSqnt-0Mhc.cache.22440.12352.186983, C:/Users/ELCOT/lost_and_found/tmp/cache/assets/sprockets/v4.0.0/5M/5M1J6i4zS9tMG5w4Vcdrc9H_STYictkKigSqnt-0Mhc.cache)):
     6:     <%= csrf_meta_tags %>
     7:     <%= csp_meta_tag %>
     8: 
     9:     <%= stylesheet_link_tag "application", "data-turbo-track": "reload" %>
    10:     <%= javascript_importmap_tags %>
    11:   </head>
    12: 
  
app/views/layouts/application.html.erb:9
Started GET "/" for ::1 at 2026-09-28 20:48:07 +0530
  [1m[36mActiveRecord::SchemaMigration Pluck (0.4ms)[0m  [1m[34mSELECT "schema_migrations"."version" FROM "schema_migrations" ORDER BY "schema_migrations"."version" ASC[0m
Processing by ItemsController#index as HTML
  Rendering layout layouts/application.html.erb
  Rendering items/index.html.erb within layouts/application
  [1m[36mItem Load (0.3ms)[0m  [1m[34mSELECT "items".* FROM "items"[0m
  ↳ app/views/items/index.html.erb:7
  Rendered items/index.html.erb within layouts/application (Duration: 10.1ms | Allocations: 1567)
  Rendered layout layouts/application.html.erb (Duration: 541.7ms | Allocations: 73345)
Completed 500 Internal Server Error in 668ms (ActiveRecord: 0.3ms | Allocations: 81495)


  
ActionView::Template::Error (Permission denied @ rb_file_s_rename - (C:/Users/ELCOT/lost_and_found/tmp/cache/assets/sprockets/v4.0.0/Rr/RrD4a5dpp6R6HXXl6FsxCki1ka9y5kAJIY7SuuUe5xU.cache.22460.9880.148429, C:/Users/ELCOT/lost_and_found/tmp/cache/assets/sprockets/v4.0.0/Rr/RrD4a5dpp6R6HXXl6FsxCki1ka9y5kAJIY7SuuUe5xU.cache)):
     6:     <%= csrf_meta_tags %>
     7:     <%= csp_meta_tag %>
     8: 
     9:     <%= stylesheet_link_tag "application", "data-turbo-track": "reload" %>
    10:     <%= javascript_importmap_tags %>
    11:   </head>
    12: 
  
app/views/layouts/application.html.erb:9
Started GET "/" for ::1 at 2026-09-28 20:51:30 +0530
  [1m[36mActiveRecord::SchemaMigration Pluck (0.3ms)[0m  [1m[34mSELECT "schema_migrations"."version" FROM "schema_migrations" ORDER BY "schema_migrations"."version" ASC[0m
Processing by ItemsController#index as HTML
  Rendering layout layouts/application.html.erb
  Rendering items/index.html.erb within layouts/application
  [1m[36mItem Load (0.3ms)[0m  [1m[34mSELECT "items".* FROM "items"[0m
  ↳ app/views/items/index.html.erb:7
  Rendered items/index.html.erb within layouts/application (Duration: 8.1ms | Allocations: 1567)
  Rendered layout layouts/application.html.erb (Duration: 510.0ms | Allocations: 73194)
Completed 500 Internal Server Error in 606ms (ActiveRecord: 0.3ms | Allocations: 81342)


  
ActionView::Template::Error (Permission denied @ rb_file_s_rename - (C:/Users/ELCOT/lost_and_found/tmp/cache/assets/sprockets/v4.0.0/-d/-dSv1t3JLjxJy9J2OoNCRPbotULRuNe6bI1xprqc43U.cache.22320.9152.422151, C:/Users/ELCOT/lost_and_found/tmp/cache/assets/sprockets/v4.0.0/-d/-dSv1t3JLjxJy9J2OoNCRPbotULRuNe6bI1xprqc43U.cache)):
     6:     <%= csrf_meta_tags %>
     7:     <%= csp_meta_tag %>
     8: 
     9:     <%= stylesheet_link_tag "application", "data-turbo-track": "reload" %>
    10:     <%= javascript_importmap_tags %>
    11:   </head>
    12: 
  
app/views/layouts/application.html.erb:9
Started GET "/" for ::1 at 2026-09-28 20:51:31 +0530
Processing by ItemsController#index as HTML
  Rendering layout layouts/application.html.erb
  Rendering items/index.html.erb within layouts/application
  [1m[36mItem Load (0.2ms)[0m  [1m[34mSELECT "items".* FROM "items"[0m
  ↳ app/views/items/index.html.erb:7
  Rendered items/index.html.erb within layouts/application (Duration: 1.5ms | Allocations: 653)
  Rendered layout layouts/application.html.erb (Duration: 70.8ms | Allocations: 36201)
Completed 200 OK in 74ms (Views: 71.7ms | ActiveRecord: 0.2ms | Allocations: 36584)


Started GET "/items/new" for ::1 at 2026-09-28 20:52:05 +0530
Processing by ItemsController#new as HTML
  Rendering layout layouts/application.html.erb
  Rendering items/new.html.erb within layouts/application
  Rendered items/new.html.erb within layouts/application (Duration: 100.0ms | Allocations: 3264)
  Rendered layout layouts/application.html.erb (Duration: 140.5ms | Allocations: 4794)
Completed 200 OK in 352ms (Views: 142.3ms | ActiveRecord: 1.3ms | Allocations: 17511)


Started POST "/items" for ::1 at 2026-09-28 20:53:32 +0530
Processing by ItemsController#create as TURBO_STREAM
  Parameters: {"authenticity_token"=>"[FILTERED]", "item"=>{"title"=>"Black wallet", "description"=>"Black leather wallet", "location"=>"college campus", "status"=>"Lost", "contact"=>"9876543210"}, "commit"=>"Submit Item"}
Completed 500 Internal Server Error in 10ms (ActiveRecord: 0.0ms | Allocations: 1517)


  
ActiveModel::UnknownAttributeError (unknown attribute 'contact' for Item.

          raise UnknownAttributeError.new(self, k.to_s)
          ^^^^^):
  
app/controllers/items_controller.rb:15:in `create'
  [1m[36mActiveRecord::SchemaMigration Pluck (0.3ms)[0m  [1m[34mSELECT "schema_migrations"."version" FROM "schema_migrations" ORDER BY "schema_migrations"."version" ASC[0m
Migrating to AddContactToItems (20260928152501)
  [1m[36mTRANSACTION (0.1ms)[0m  [1m[36mbegin transaction[0m
  [1m[35m (1.3ms)[0m  [1m[35mALTER TABLE "items" ADD "contact" varchar[0m
  [1m[36mActiveRecord::SchemaMigration Create (0.3ms)[0m  [1m[32mINSERT INTO "schema_migrations" ("version") VALUES (?)[0m  [["version", "20260928152501"]]
  [1m[36mTRANSACTION (6.1ms)[0m  [1m[36mcommit transaction[0m
  [1m[36mActiveRecord::InternalMetadata Load (0.3ms)[0m  [1m[34mSELECT "ar_internal_metadata".* FROM "ar_internal_metadata" WHERE "ar_internal_metadata"."key" = ? LIMIT ?[0m  [["key", "environment"], ["LIMIT", 1]]
  [1m[36mActiveRecord::SchemaMigration Pluck (0.1ms)[0m  [1m[34mSELECT "schema_migrations"."version" FROM "schema_migrations" ORDER BY "schema_migrations"."version" ASC[0m
Started GET "/" for ::1 at 2026-09-28 20:56:42 +0530
  [1m[36mActiveRecord::SchemaMigration Pluck (0.6ms)[0m  [1m[34mSELECT "schema_migrations"."version" FROM "schema_migrations" ORDER BY "schema_migrations"."version" ASC[0m
Processing by ItemsController#index as HTML
  Rendering layout layouts/application.html.erb
  Rendering items/index.html.erb within layouts/application
  [1m[36mItem Load (0.5ms)[0m  [1m[34mSELECT "items".* FROM "items"[0m
  ↳ app/views/items/index.html.erb:7
  Rendered items/index.html.erb within layouts/application (Duration: 10.2ms | Allocations: 1440)
  Rendered layout layouts/application.html.erb (Duration: 138.8ms | Allocations: 41649)
Completed 200 OK in 196ms (Views: 154.3ms | ActiveRecord: 0.5ms | Allocations: 47015)


Started GET "/items/new" for ::1 at 2026-09-28 20:56:44 +0530
Processing by ItemsController#new as HTML
  Rendering layout layouts/application.html.erb
  Rendering items/new.html.erb within layouts/application
  Rendered items/new.html.erb within layouts/application (Duration: 16.0ms | Allocations: 2605)
  Rendered layout layouts/application.html.erb (Duration: 22.0ms | Allocations: 4133)
Completed 200 OK in 49ms (Views: 23.2ms | ActiveRecord: 3.3ms | Allocations: 11472)


Started POST "/items" for ::1 at 2026-09-28 20:57:20 +0530
Processing by ItemsController#create as TURBO_STREAM
  Parameters: {"authenticity_token"=>"[FILTERED]", "item"=>{"title"=>"Black wallet", "description"=>"Black leather wallet", "location"=>"college campus", "status"=>"Lost", "contact"=>"9876543210"}, "commit"=>"Submit Item"}
  [1m[36mTRANSACTION (0.1ms)[0m  [1m[36mbegin transaction[0m
  ↳ app/controllers/items_controller.rb:17:in `create'
  [1m[36mItem Create (19.7ms)[0m  [1m[32mINSERT INTO "items" ("title", "description", "category", "location", "date_lost_found", "status", "created_at", "updated_at", "contact") VALUES (?, ?, ?, ?, ?, ?, ?, ?, ?)[0m  [["title", "Black wallet"], ["description", "Black leather wallet"], ["category", nil], ["location", "college campus"], ["date_lost_found", nil], ["status", "Lost"], ["created_at", "2026-09-28 15:27:20.730860"], ["updated_at", "2026-09-28 15:27:20.730860"], ["contact", "9876543210"]]
  ↳ app/controllers/items_controller.rb:17:in `create'
  [1m[36mTRANSACTION (8.2ms)[0m  [1m[36mcommit transaction[0m
  ↳ app/controllers/items_controller.rb:17:in `create'
Redirected to http://localhost:3000/items/1
Completed 302 Found in 46ms (ActiveRecord: 28.0ms | Allocations: 4306)


Started GET "/items/1" for ::1 at 2026-09-28 20:57:20 +0530
Processing by ItemsController#show as TURBO_STREAM
  Parameters: {"id"=>"1"}
  [1m[36mItem Load (0.6ms)[0m  [1m[34mSELECT "items".* FROM "items" WHERE "items"."id" = ? LIMIT ?[0m  [["id", 1], ["LIMIT", 1]]
  ↳ app/controllers/items_controller.rb:7:in `show'
  Rendering layout layouts/application.html.erb
  Rendering items/show.html.erb within layouts/application
  Rendered items/show.html.erb within layouts/application (Duration: 2.0ms | Allocations: 394)
  Rendered layout layouts/application.html.erb (Duration: 10.5ms | Allocations: 2133)
Completed 200 OK in 27ms (Views: 12.1ms | ActiveRecord: 0.6ms | Allocations: 4996)


Started GET "/items/1/edit" for ::1 at 2026-09-28 20:57:53 +0530
Processing by ItemsController#edit as HTML
  Parameters: {"id"=>"1"}
  [1m[36mItem Load (0.3ms)[0m  [1m[34mSELECT "items".* FROM "items" WHERE "items"."id" = ? LIMIT ?[0m  [["id", 1], ["LIMIT", 1]]
  ↳ app/controllers/items_controller.rb:25:in `edit'
  Rendering layout layouts/application.html.erb
  Rendering items/edit.html.erb within layouts/application
  Rendered items/edit.html.erb within layouts/application (Duration: 4.4ms | Allocations: 1595)
  Rendered layout layouts/application.html.erb (Duration: 16.3ms | Allocations: 2979)
Completed 200 OK in 28ms (Views: 17.8ms | ActiveRecord: 0.3ms | Allocations: 3826)


Started GET "/items" for ::1 at 2026-09-28 21:00:07 +0530
Processing by ItemsController#index as HTML
  Rendering layout layouts/application.html.erb
  Rendering items/index.html.erb within layouts/application
  [1m[36mItem Load (0.3ms)[0m  [1m[34mSELECT "items".* FROM "items"[0m
  ↳ app/views/items/index.html.erb:7
  Rendered items/index.html.erb within layouts/application (Duration: 3.8ms | Allocations: 640)
  Rendered layout layouts/application.html.erb (Duration: 13.0ms | Allocations: 2193)
Completed 200 OK in 19ms (Views: 14.1ms | ActiveRecord: 0.3ms | Allocations: 2504)


Started PATCH "/items/1" for ::1 at 2026-09-28 21:00:10 +0530
Processing by ItemsController#update as TURBO_STREAM
  Parameters: {"authenticity_token"=>"[FILTERED]", "item"=>{"title"=>"Black wallet", "description"=>"Black leather wallet", "location"=>"college campus", "status"=>"Lost", "contact"=>"9876543210"}, "commit"=>"Update Item", "id"=>"1"}
  [1m[36mItem Load (0.3ms)[0m  [1m[34mSELECT "items".* FROM "items" WHERE "items"."id" = ? LIMIT ?[0m  [["id", 1], ["LIMIT", 1]]
  ↳ app/controllers/items_controller.rb:29:in `update'
Redirected to http://localhost:3000/items/1
Completed 302 Found in 12ms (ActiveRecord: 0.3ms | Allocations: 1267)


Started GET "/items/1" for ::1 at 2026-09-28 21:00:10 +0530
Processing by ItemsController#show as TURBO_STREAM
  Parameters: {"id"=>"1"}
  [1m[36mItem Load (0.3ms)[0m  [1m[34mSELECT "items".* FROM "items" WHERE "items"."id" = ? LIMIT ?[0m  [["id", 1], ["LIMIT", 1]]
  ↳ app/controllers/items_controller.rb:7:in `show'
  Rendering layout layouts/application.html.erb
  Rendering items/show.html.erb within layouts/application
  Rendered items/show.html.erb within layouts/application (Duration: 0.4ms | Allocations: 84)
  Rendered layout layouts/application.html.erb (Duration: 7.3ms | Allocations: 1633)
Completed 200 OK in 16ms (Views: 8.6ms | ActiveRecord: 0.3ms | Allocations: 2401)


Started GET "/items" for ::1 at 2026-09-28 21:00:11 +0530
Processing by ItemsController#index as HTML
  Rendering layout layouts/application.html.erb
  Rendering items/index.html.erb within layouts/application
  [1m[36mItem Load (0.3ms)[0m  [1m[34mSELECT "items".* FROM "items"[0m
  ↳ app/views/items/index.html.erb:7
  Rendered items/index.html.erb within layouts/application (Duration: 4.3ms | Allocations: 628)
  Rendered layout layouts/application.html.erb (Duration: 13.3ms | Allocations: 2185)
Completed 200 OK in 20ms (Views: 14.7ms | ActiveRecord: 0.3ms | Allocations: 2488)


Started GET "/items/1/edit" for ::1 at 2026-09-28 21:00:12 +0530
Processing by ItemsController#edit as HTML
  Parameters: {"id"=>"1"}
  [1m[36mItem Load (0.3ms)[0m  [1m[34mSELECT "items".* FROM "items" WHERE "items"."id" = ? LIMIT ?[0m  [["id", 1], ["LIMIT", 1]]
  ↳ app/controllers/items_controller.rb:25:in `edit'
  Rendering layout layouts/application.html.erb
  Rendering items/edit.html.erb within layouts/application
  Rendered items/edit.html.erb within layouts/application (Duration: 3.8ms | Allocations: 1166)
  Rendered layout layouts/application.html.erb (Duration: 10.8ms | Allocations: 2548)
Completed 200 OK in 19ms (Views: 12.1ms | ActiveRecord: 0.3ms | Allocations: 3312)


Started GET "/items" for ::1 at 2026-09-28 21:00:24 +0530
Processing by ItemsController#index as HTML
  Rendering layout layouts/application.html.erb
  Rendering items/index.html.erb within layouts/application
  [1m[36mItem Load (0.4ms)[0m  [1m[34mSELECT "items".* FROM "items"[0m
  ↳ app/views/items/index.html.erb:7
  Rendered items/index.html.erb within layouts/application (Duration: 4.8ms | Allocations: 627)
  Rendered layout layouts/application.html.erb (Duration: 13.5ms | Allocations: 2184)
Completed 200 OK in 20ms (Views: 14.6ms | ActiveRecord: 0.4ms | Allocations: 2487)


Started PATCH "/items/1" for ::1 at 2026-09-28 21:00:40 +0530
Processing by ItemsController#update as TURBO_STREAM
  Parameters: {"authenticity_token"=>"[FILTERED]", "item"=>{"title"=>"Black wallet", "description"=>"Black leather wallet", "location"=>"college campus", "status"=>"Lost", "contact"=>"9876543210"}, "commit"=>"Update Item", "id"=>"1"}
  [1m[36mItem Load (0.3ms)[0m  [1m[34mSELECT "items".* FROM "items" WHERE "items"."id" = ? LIMIT ?[0m  [["id", 1], ["LIMIT", 1]]
  ↳ app/controllers/items_controller.rb:29:in `update'
Redirected to http://localhost:3000/items/1
Completed 302 Found in 10ms (ActiveRecord: 0.3ms | Allocations: 1105)


Started GET "/items/1" for ::1 at 2026-09-28 21:00:40 +0530
Processing by ItemsController#show as TURBO_STREAM
  Parameters: {"id"=>"1"}
  [1m[36mItem Load (0.4ms)[0m  [1m[34mSELECT "items".* FROM "items" WHERE "items"."id" = ? LIMIT ?[0m  [["id", 1], ["LIMIT", 1]]
  ↳ app/controllers/items_controller.rb:7:in `show'
  Rendering layout layouts/application.html.erb
  Rendering items/show.html.erb within layouts/application
  Rendered items/show.html.erb within layouts/application (Duration: 0.4ms | Allocations: 84)
  Rendered layout layouts/application.html.erb (Duration: 10.4ms | Allocations: 1639)
Completed 200 OK in 20ms (Views: 12.2ms | ActiveRecord: 0.4ms | Allocations: 2406)


Started GET "/items/1/edit" for ::1 at 2026-09-28 21:01:20 +0530
Processing by ItemsController#edit as HTML
  Parameters: {"id"=>"1"}
  [1m[36mItem Load (0.4ms)[0m  [1m[34mSELECT "items".* FROM "items" WHERE "items"."id" = ? LIMIT ?[0m  [["id", 1], ["LIMIT", 1]]
  ↳ app/controllers/items_controller.rb:25:in `edit'
  Rendering layout layouts/application.html.erb
  Rendering items/edit.html.erb within layouts/application
  Rendered items/edit.html.erb within layouts/application (Duration: 2.7ms | Allocations: 1181)
  Rendered layout layouts/application.html.erb (Duration: 10.7ms | Allocations: 2563)
Completed 200 OK in 20ms (Views: 12.1ms | ActiveRecord: 0.4ms | Allocations: 3327)


Started PATCH "/items/1" for ::1 at 2026-09-28 21:02:03 +0530
Processing by ItemsController#update as TURBO_STREAM
  Parameters: {"authenticity_token"=>"[FILTERED]", "item"=>{"title"=>"Black wallet", "description"=>"Black leather wallet", "location"=>"college campus", "status"=>"Lost", "contact"=>"9876543210"}, "commit"=>"Update Item", "id"=>"1"}
  [1m[36mItem Load (0.3ms)[0m  [1m[34mSELECT "items".* FROM "items" WHERE "items"."id" = ? LIMIT ?[0m  [["id", 1], ["LIMIT", 1]]
  ↳ app/controllers/items_controller.rb:29:in `update'
Redirected to http://localhost:3000/items/1
Completed 302 Found in 10ms (ActiveRecord: 0.3ms | Allocations: 1108)


Started GET "/items/1" for ::1 at 2026-09-28 21:02:03 +0530
Processing by ItemsController#show as TURBO_STREAM
  Parameters: {"id"=>"1"}
  [1m[36mItem Load (0.4ms)[0m  [1m[34mSELECT "items".* FROM "items" WHERE "items"."id" = ? LIMIT ?[0m  [["id", 1], ["LIMIT", 1]]
  ↳ app/controllers/items_controller.rb:7:in `show'
  Rendering layout layouts/application.html.erb
  Rendering items/show.html.erb within layouts/application
  Rendered items/show.html.erb within layouts/application (Duration: 0.4ms | Allocations: 84)
  Rendered layout layouts/application.html.erb (Duration: 9.0ms | Allocations: 1649)
Completed 200 OK in 19ms (Views: 10.4ms | ActiveRecord: 0.4ms | Allocations: 2417)


Started GET "/items" for ::1 at 2026-09-28 21:02:04 +0530
Processing by ItemsController#index as HTML
  Rendering layout layouts/application.html.erb
  Rendering items/index.html.erb within layouts/application
  [1m[36mItem Load (0.9ms)[0m  [1m[34mSELECT "items".* FROM "items"[0m
  ↳ app/views/items/index.html.erb:7
  Rendered items/index.html.erb within layouts/application (Duration: 4.7ms | Allocations: 627)
  Rendered layout layouts/application.html.erb (Duration: 14.9ms | Allocations: 2166)
Completed 200 OK in 22ms (Views: 15.9ms | ActiveRecord: 0.9ms | Allocations: 2469)


Started GET "/items/1/edit" for ::1 at 2026-09-28 21:02:48 +0530
Processing by ItemsController#edit as HTML
  Parameters: {"id"=>"1"}
  [1m[36mItem Load (0.4ms)[0m  [1m[34mSELECT "items".* FROM "items" WHERE "items"."id" = ? LIMIT ?[0m  [["id", 1], ["LIMIT", 1]]
  ↳ app/controllers/items_controller.rb:25:in `edit'
  Rendering layout layouts/application.html.erb
  Rendering items/edit.html.erb within layouts/application
  Rendered items/edit.html.erb within layouts/application (Duration: 4.3ms | Allocations: 1160)
  Rendered layout layouts/application.html.erb (Duration: 12.5ms | Allocations: 2542)
Completed 200 OK in 25ms (Views: 16.1ms | ActiveRecord: 0.4ms | Allocations: 3306)


Started PATCH "/items/1" for ::1 at 2026-09-28 21:05:10 +0530
Processing by ItemsController#update as TURBO_STREAM
  Parameters: {"authenticity_token"=>"[FILTERED]", "item"=>{"title"=>"Black wallet", "description"=>"Black leather wallet", "location"=>"college campus", "status"=>"Lost", "contact"=>"9876543210"}, "commit"=>"Update Item", "id"=>"1"}
  [1m[36mItem Load (0.3ms)[0m  [1m[34mSELECT "items".* FROM "items" WHERE "items"."id" = ? LIMIT ?[0m  [["id", 1], ["LIMIT", 1]]
  ↳ app/controllers/items_controller.rb:29:in `update'
Redirected to http://localhost:3000/items/1
Completed 302 Found in 10ms (ActiveRecord: 0.3ms | Allocations: 1086)


Started GET "/items/1" for ::1 at 2026-09-28 21:05:10 +0530
Processing by ItemsController#show as TURBO_STREAM
  Parameters: {"id"=>"1"}
  [1m[36mItem Load (0.3ms)[0m  [1m[34mSELECT "items".* FROM "items" WHERE "items"."id" = ? LIMIT ?[0m  [["id", 1], ["LIMIT", 1]]
  ↳ app/controllers/items_controller.rb:7:in `show'
  Rendering layout layouts/application.html.erb
  Rendering items/show.html.erb within layouts/application
  Rendered items/show.html.erb within layouts/application (Duration: 0.4ms | Allocations: 84)
  Rendered layout layouts/application.html.erb (Duration: 7.9ms | Allocations: 1651)
Completed 200 OK in 16ms (Views: 9.5ms | ActiveRecord: 0.3ms | Allocations: 2419)


Started GET "/" for ::1 at 2026-09-28 21:12:50 +0530
  [1m[36mActiveRecord::SchemaMigration Pluck (0.4ms)[0m  [1m[34mSELECT "schema_migrations"."version" FROM "schema_migrations" ORDER BY "schema_migrations"."version" ASC[0m
Processing by ItemsController#index as HTML
  Rendering layout layouts/application.html.erb
  Rendering items/index.html.erb within layouts/application
  [1m[36mItem Load (0.4ms)[0m  [1m[34mSELECT "items".* FROM "items"[0m
  ↳ app/views/items/index.html.erb:7
  Rendered items/index.html.erb within layouts/application (Duration: 25.2ms | Allocations: 8402)
  Rendered layout layouts/application.html.erb (Duration: 148.9ms | Allocations: 48519)
Completed 200 OK in 198ms (Views: 161.4ms | ActiveRecord: 1.1ms | Allocations: 53889)


Started GET "/items/1" for ::1 at 2026-09-28 21:12:53 +0530
Processing by ItemsController#show as HTML
  Parameters: {"id"=>"1"}
  [1m[36mItem Load (0.7ms)[0m  [1m[34mSELECT "items".* FROM "items" WHERE "items"."id" = ? LIMIT ?[0m  [["id", 1], ["LIMIT", 1]]
  ↳ app/controllers/items_controller.rb:7:in `show'
  Rendering layout layouts/application.html.erb
  Rendering items/show.html.erb within layouts/application
  Rendered items/show.html.erb within layouts/application (Duration: 5.8ms | Allocations: 938)
  Rendered layout layouts/application.html.erb (Duration: 13.5ms | Allocations: 2437)
Completed 200 OK in 32ms (Views: 15.0ms | ActiveRecord: 0.7ms | Allocations: 5348)


Started GET "/items/1/edit" for ::1 at 2026-09-28 21:12:56 +0530
Processing by ItemsController#edit as HTML
  Parameters: {"id"=>"1"}
  [1m[36mItem Load (0.5ms)[0m  [1m[34mSELECT "items".* FROM "items" WHERE "items"."id" = ? LIMIT ?[0m  [["id", 1], ["LIMIT", 1]]
  ↳ app/controllers/items_controller.rb:25:in `edit'
  Rendering layout layouts/application.html.erb
  Rendering items/edit.html.erb within layouts/application
  Rendered items/edit.html.erb within layouts/application (Duration: 18.6ms | Allocations: 2633)
  Rendered layout layouts/application.html.erb (Duration: 27.8ms | Allocations: 4146)
Completed 200 OK in 37ms (Views: 29.6ms | ActiveRecord: 0.5ms | Allocations: 5013)


Started DELETE "/items/1" for ::1 at 2026-09-28 21:12:58 +0530
Processing by ItemsController#destroy as TURBO_STREAM
  Parameters: {"authenticity_token"=>"[FILTERED]", "id"=>"1"}
  [1m[36mItem Load (0.3ms)[0m  [1m[34mSELECT "items".* FROM "items" WHERE "items"."id" = ? LIMIT ?[0m  [["id", 1], ["LIMIT", 1]]
  ↳ app/controllers/items_controller.rb:39:in `destroy'
  [1m[36mTRANSACTION (0.1ms)[0m  [1m[36mbegin transaction[0m
  ↳ app/controllers/items_controller.rb:40:in `destroy'
  [1m[36mItem Destroy (21.5ms)[0m  [1m[31mDELETE FROM "items" WHERE "items"."id" = ?[0m  [["id", 1]]
  ↳ app/controllers/items_controller.rb:40:in `destroy'
  [1m[36mTRANSACTION (9.1ms)[0m  [1m[36mcommit transaction[0m
  ↳ app/controllers/items_controller.rb:40:in `destroy'
Redirected to http://localhost:3000/items
Completed 302 Found in 43ms (ActiveRecord: 30.9ms | Allocations: 2840)


Started GET "/items" for ::1 at 2026-09-28 21:12:58 +0530
Processing by ItemsController#index as TURBO_STREAM
  Rendering layout layouts/application.html.erb
  Rendering items/index.html.erb within layouts/application
  [1m[36mItem Load (0.4ms)[0m  [1m[34mSELECT "items".* FROM "items"[0m
  ↳ app/views/items/index.html.erb:7
  Rendered items/index.html.erb within layouts/application (Duration: 2.8ms | Allocations: 608)
  Rendered layout layouts/application.html.erb (Duration: 7.9ms | Allocations: 2285)
Completed 200 OK in 13ms (Views: 9.2ms | ActiveRecord: 0.4ms | Allocations: 2674)


Started GET "/items/new" for ::1 at 2026-09-28 21:13:01 +0530
Processing by ItemsController#new as HTML
  Rendering layout layouts/application.html.erb
  Rendering items/new.html.erb within layouts/application
  Rendered items/new.html.erb within layouts/application (Duration: 4.2ms | Allocations: 1508)
  Rendered layout layouts/application.html.erb (Duration: 14.6ms | Allocations: 2898)
Completed 200 OK in 24ms (Views: 16.2ms | ActiveRecord: 0.0ms | Allocations: 3311)


Started GET "/items" for ::1 at 2026-09-28 21:13:03 +0530
Processing by ItemsController#index as HTML
  Rendering layout layouts/application.html.erb
  Rendering items/index.html.erb within layouts/application
  [1m[36mItem Load (0.6ms)[0m  [1m[34mSELECT "items".* FROM "items"[0m
  ↳ app/views/items/index.html.erb:7
  Rendered items/index.html.erb within layouts/application (Duration: 4.2ms | Allocations: 575)
  Rendered layout layouts/application.html.erb (Duration: 13.3ms | Allocations: 2122)
Completed 200 OK in 19ms (Views: 14.3ms | ActiveRecord: 0.6ms | Allocations: 2432)


Started GET "/items" for ::1 at 2026-09-28 21:13:04 +0530
Processing by ItemsController#index as HTML
  Rendering layout layouts/application.html.erb
  Rendering items/index.html.erb within layouts/application
  [1m[36mItem Load (0.6ms)[0m  [1m[34mSELECT "items".* FROM "items"[0m
  ↳ app/views/items/index.html.erb:7
  Rendered items/index.html.erb within layouts/application (Duration: 3.4ms | Allocations: 568)
  Rendered layout layouts/application.html.erb (Duration: 12.0ms | Allocations: 2137)
Completed 200 OK in 18ms (Views: 12.9ms | ActiveRecord: 0.6ms | Allocations: 2440)


Started POST "/items" for ::1 at 2026-09-28 21:39:52 +0530
Processing by ItemsController#create as TURBO_STREAM
  Parameters: {"authenticity_token"=>"[FILTERED]", "item"=>{"title"=>"", "description"=>"", "location"=>"", "status"=>"Lost", "contact"=>""}, "commit"=>"Submit Item"}
  [1m[36mTRANSACTION (0.1ms)[0m  [1m[36mbegin transaction[0m
  ↳ app/controllers/items_controller.rb:17:in `create'
  [1m[36mItem Create (1.2ms)[0m  [1m[32mINSERT INTO "items" ("title", "description", "category", "location", "date_lost_found", "status", "created_at", "updated_at", "contact") VALUES (?, ?, ?, ?, ?, ?, ?, ?, ?)[0m  [["title", ""], ["description", ""], ["category", nil], ["location", ""], ["date_lost_found", nil], ["status", "Lost"], ["created_at", "2026-09-28 16:09:52.825068"], ["updated_at", "2026-09-28 16:09:52.825068"], ["contact", ""]]
  ↳ app/controllers/items_controller.rb:17:in `create'
  [1m[36mTRANSACTION (2.8ms)[0m  [1m[36mcommit transaction[0m
  ↳ app/controllers/items_controller.rb:17:in `create'
Redirected to http://localhost:3000/items/2
Completed 302 Found in 18ms (ActiveRecord: 4.9ms | Allocations: 3974)


Started GET "/items/2" for ::1 at 2026-09-28 21:39:52 +0530
Processing by ItemsController#show as TURBO_STREAM
  Parameters: {"id"=>"2"}
  [1m[36mItem Load (0.4ms)[0m  [1m[34mSELECT "items".* FROM "items" WHERE "items"."id" = ? LIMIT ?[0m  [["id", 2], ["LIMIT", 1]]
  ↳ app/controllers/items_controller.rb:7:in `show'
  Rendering layout layouts/application.html.erb
  Rendering items/show.html.erb within layouts/application
  Rendered items/show.html.erb within layouts/application (Duration: 1.1ms | Allocations: 475)
  Rendered layout layouts/application.html.erb (Duration: 6.9ms | Allocations: 1857)
Completed 200 OK in 13ms (Views: 7.8ms | ActiveRecord: 0.4ms | Allocations: 2669)


Started GET "/items/2/edit" for ::1 at 2026-09-28 21:39:55 +0530
Processing by ItemsController#edit as HTML
  Parameters: {"id"=>"2"}
  [1m[36mItem Load (0.2ms)[0m  [1m[34mSELECT "items".* FROM "items" WHERE "items"."id" = ? LIMIT ?[0m  [["id", 2], ["LIMIT", 1]]
  ↳ app/controllers/items_controller.rb:25:in `edit'
  Rendering layout layouts/application.html.erb
  Rendering items/edit.html.erb within layouts/application
  Rendered items/edit.html.erb within layouts/application (Duration: 2.3ms | Allocations: 1190)
  Rendered layout layouts/application.html.erb (Duration: 8.1ms | Allocations: 2572)
Completed 200 OK in 13ms (Views: 9.1ms | ActiveRecord: 0.2ms | Allocations: 3337)


Started GET "/items" for ::1 at 2026-09-28 21:39:58 +0530
Processing by ItemsController#index as HTML
  Rendering layout layouts/application.html.erb
  Rendering items/index.html.erb within layouts/application
  [1m[36mItem Load (0.3ms)[0m  [1m[34mSELECT "items".* FROM "items"[0m
  ↳ app/views/items/index.html.erb:7
  Rendered items/index.html.erb within layouts/application (Duration: 2.1ms | Allocations: 672)
  Rendered layout layouts/application.html.erb (Duration: 6.7ms | Allocations: 2229)
Completed 200 OK in 11ms (Views: 7.4ms | ActiveRecord: 0.3ms | Allocations: 2532)


Started GET "/items" for ::1 at 2026-09-28 21:40:04 +0530
Processing by ItemsController#index as HTML
  Rendering layout layouts/application.html.erb
  Rendering items/index.html.erb within layouts/application
  [1m[36mItem Load (0.3ms)[0m  [1m[34mSELECT "items".* FROM "items"[0m
  ↳ app/views/items/index.html.erb:7
  Rendered items/index.html.erb within layouts/application (Duration: 2.1ms | Allocations: 627)
  Rendered layout layouts/application.html.erb (Duration: 8.6ms | Allocations: 2175)
Completed 200 OK in 13ms (Views: 9.3ms | ActiveRecord: 0.3ms | Allocations: 2478)


Started GET "/items/new" for ::1 at 2026-09-28 21:40:10 +0530
Processing by ItemsController#new as HTML
  Rendering layout layouts/application.html.erb
  Rendering items/new.html.erb within layouts/application
  Rendered items/new.html.erb within layouts/application (Duration: 2.0ms | Allocations: 1065)
  Rendered layout layouts/application.html.erb (Duration: 8.5ms | Allocations: 2455)
Completed 200 OK in 13ms (Views: 9.7ms | ActiveRecord: 0.0ms | Allocations: 2765)


Started POST "/items" for ::1 at 2026-09-28 21:40:31 +0530
Processing by ItemsController#create as TURBO_STREAM
  Parameters: {"authenticity_token"=>"[FILTERED]", "item"=>{"title"=>"Black wallet", "description"=>"Black leather wallet", "location"=>"college campus", "status"=>"Lost", "contact"=>"9876543210"}, "commit"=>"Submit Item"}
  [1m[36mTRANSACTION (0.1ms)[0m  [1m[36mbegin transaction[0m
  ↳ app/controllers/items_controller.rb:17:in `create'
  [1m[36mItem Create (1.1ms)[0m  [1m[32mINSERT INTO "items" ("title", "description", "category", "location", "date_lost_found", "status", "created_at", "updated_at", "contact") VALUES (?, ?, ?, ?, ?, ?, ?, ?, ?)[0m  [["title", "Black wallet"], ["description", "Black leather wallet"], ["category", nil], ["location", "college campus"], ["date_lost_found", nil], ["status", "Lost"], ["created_at", "2026-09-28 16:10:31.546914"], ["updated_at", "2026-09-28 16:10:31.546914"], ["contact", "9876543210"]]
  ↳ app/controllers/items_controller.rb:17:in `create'
  [1m[36mTRANSACTION (2.3ms)[0m  [1m[36mcommit transaction[0m
  ↳ app/controllers/items_controller.rb:17:in `create'
Redirected to http://localhost:3000/items/3
Completed 302 Found in 14ms (ActiveRecord: 3.5ms | Allocations: 2267)


Started GET "/items/3" for ::1 at 2026-09-28 21:40:31 +0530
Processing by ItemsController#show as TURBO_STREAM
  Parameters: {"id"=>"3"}
  [1m[36mItem Load (0.2ms)[0m  [1m[34mSELECT "items".* FROM "items" WHERE "items"."id" = ? LIMIT ?[0m  [["id", 3], ["LIMIT", 1]]
  ↳ app/controllers/items_controller.rb:7:in `show'
  Rendering layout layouts/application.html.erb
  Rendering items/show.html.erb within layouts/application
  Rendered items/show.html.erb within layouts/application (Duration: 1.1ms | Allocations: 468)
  Rendered layout layouts/application.html.erb (Duration: 7.1ms | Allocations: 1856)
Completed 200 OK in 13ms (Views: 8.0ms | ActiveRecord: 0.2ms | Allocations: 2622)


  [1m[36mActiveRecord::SchemaMigration Pluck (0.3ms)[0m  [1m[34mSELECT "schema_migrations"."version" FROM "schema_migrations" ORDER BY "schema_migrations"."version" ASC[0m
  [1m[36mActiveRecord::InternalMetadata Load (0.3ms)[0m  [1m[34mSELECT "ar_internal_metadata".* FROM "ar_internal_metadata" WHERE "ar_internal_metadata"."key" = ? LIMIT ?[0m  [["key", "environment"], ["LIMIT", 1]]
  [1m[36mActiveRecord::SchemaMigration Pluck (0.3ms)[0m  [1m[34mSELECT "schema_migrations"."version" FROM "schema_migrations" ORDER BY "schema_migrations"."version" ASC[0m
  [1m[36mActiveRecord::SchemaMigration Pluck (0.3ms)[0m  [1m[34mSELECT "schema_migrations"."version" FROM "schema_migrations" ORDER BY "schema_migrations"."version" ASC[0m
  [1m[36mActiveRecord::InternalMetadata Load (0.4ms)[0m  [1m[34mSELECT "ar_internal_metadata".* FROM "ar_internal_metadata" WHERE "ar_internal_metadata"."key" = ? LIMIT ?[0m  [["key", "environment"], ["LIMIT", 1]]
  [1m[36mActiveRecord::SchemaMigration Pluck (0.1ms)[0m  [1m[34mSELECT "schema_migrations"."version" FROM "schema_migrations" ORDER BY "schema_migrations"."version" ASC[0m
  [1m[36mActiveRecord::SchemaMigration Pluck (0.3ms)[0m  [1m[34mSELECT "schema_migrations"."version" FROM "schema_migrations" ORDER BY "schema_migrations"."version" ASC[0m
  [1m[36mActiveRecord::InternalMetadata Load (0.3ms)[0m  [1m[34mSELECT "ar_internal_metadata".* FROM "ar_internal_metadata" WHERE "ar_internal_metadata"."key" = ? LIMIT ?[0m  [["key", "environment"], ["LIMIT", 1]]
  [1m[36mActiveRecord::SchemaMigration Pluck (0.1ms)[0m  [1m[34mSELECT "schema_migrations"."version" FROM "schema_migrations" ORDER BY "schema_migrations"."version" ASC[0m
  [1m[36mActiveRecord::SchemaMigration Pluck (0.6ms)[0m  [1m[34mSELECT "schema_migrations"."version" FROM "schema_migrations" ORDER BY "schema_migrations"."version" ASC[0m
  [1m[36mActiveRecord::InternalMetadata Load (0.6ms)[0m  [1m[34mSELECT "ar_internal_metadata".* FROM "ar_internal_metadata" WHERE "ar_internal_metadata"."key" = ? LIMIT ?[0m  [["key", "environment"], ["LIMIT", 1]]
  [1m[36mActiveRecord::SchemaMigration Pluck (0.1ms)[0m  [1m[34mSELECT "schema_migrations"."version" FROM "schema_migrations" ORDER BY "schema_migrations"."version" ASC[0m
  [1m[36mActiveRecord::SchemaMigration Pluck (0.3ms)[0m  [1m[34mSELECT "schema_migrations"."version" FROM "schema_migrations" ORDER BY "schema_migrations"."version" ASC[0m
Migrating to CreateActiveStorageTables (20260928163543)
  [1m[36mTRANSACTION (0.1ms)[0m  [1m[36mbegin transaction[0m
  [1m[35m (1.8ms)[0m  [1m[35mCREATE TABLE "active_storage_blobs" ("id" integer PRIMARY KEY AUTOINCREMENT NOT NULL, "key" varchar NOT NULL, "filename" varchar NOT NULL, "content_type" varchar, "metadata" text, "service_name" varchar NOT NULL, "byte_size" bigint NOT NULL, "checksum" varchar, "created_at" datetime(6) NOT NULL)[0m
  [1m[35m (0.1ms)[0m  [1m[35mCREATE UNIQUE INDEX "index_active_storage_blobs_on_key" ON "active_storage_blobs" ("key")[0m
  [1m[35m (0.2ms)[0m  [1m[35mCREATE TABLE "active_storage_attachments" ("id" integer PRIMARY KEY AUTOINCREMENT NOT NULL, "name" varchar NOT NULL, "record_type" varchar NOT NULL, "record_id" bigint NOT NULL, "blob_id" bigint NOT NULL, "created_at" datetime(6) NOT NULL, CONSTRAINT "fk_rails_c3b3935057"
FOREIGN KEY ("blob_id")
  REFERENCES "active_storage_blobs" ("id")
)[0m
  [1m[35m (0.1ms)[0m  [1m[35mCREATE INDEX "index_active_storage_attachments_on_blob_id" ON "active_storage_attachments" ("blob_id")[0m
  [1m[35m (0.1ms)[0m  [1m[35mCREATE UNIQUE INDEX "index_active_storage_attachments_uniqueness" ON "active_storage_attachments" ("record_type", "record_id", "name", "blob_id")[0m
  [1m[35m (0.2ms)[0m  [1m[35mCREATE TABLE "active_storage_variant_records" ("id" integer PRIMARY KEY AUTOINCREMENT NOT NULL, "blob_id" bigint NOT NULL, "variation_digest" varchar NOT NULL, CONSTRAINT "fk_rails_993965df05"
FOREIGN KEY ("blob_id")
  REFERENCES "active_storage_blobs" ("id")
)[0m
  [1m[35m (0.1ms)[0m  [1m[35mCREATE UNIQUE INDEX "index_active_storage_variant_records_uniqueness" ON "active_storage_variant_records" ("blob_id", "variation_digest")[0m
  [1m[36mActiveRecord::SchemaMigration Create (0.3ms)[0m  [1m[32mINSERT INTO "schema_migrations" ("version") VALUES (?)[0m  [["version", "20260928163543"]]
  [1m[36mTRANSACTION (2.2ms)[0m  [1m[36mcommit transaction[0m
  [1m[36mActiveRecord::InternalMetadata Load (0.5ms)[0m  [1m[34mSELECT "ar_internal_metadata".* FROM "ar_internal_metadata" WHERE "ar_internal_metadata"."key" = ? LIMIT ?[0m  [["key", "environment"], ["LIMIT", 1]]
  [1m[36mActiveRecord::SchemaMigration Pluck (0.1ms)[0m  [1m[34mSELECT "schema_migrations"."version" FROM "schema_migrations" ORDER BY "schema_migrations"."version" ASC[0m
Started GET "/" for ::1 at 2026-09-28 22:22:34 +0530
  [1m[36mActiveRecord::SchemaMigration Pluck (0.9ms)[0m  [1m[34mSELECT "schema_migrations"."version" FROM "schema_migrations" ORDER BY "schema_migrations"."version" ASC[0m
Processing by ItemsController#index as HTML
  Rendering layout layouts/application.html.erb
  Rendering items/index.html.erb within layouts/application
  [1m[36mItem Load (0.5ms)[0m  [1m[34mSELECT "items".* FROM "items" ORDER BY "items"."created_at" DESC[0m
  ↳ app/views/items/index.html.erb:36
  [1m[36mActiveStorage::Attachment Load (4.6ms)[0m  [1m[34mSELECT "active_storage_attachments".* FROM "active_storage_attachments" WHERE "active_storage_attachments"."record_id" = ? AND "active_storage_attachments"."record_type" = ? AND "active_storage_attachments"."name" = ? LIMIT ?[0m  [["record_id", 3], ["record_type", "Item"], ["name", "image"], ["LIMIT", 1]]
  ↳ app/views/items/index.html.erb:40
  [1m[36mActiveStorage::Attachment Load (0.5ms)[0m  [1m[34mSELECT "active_storage_attachments".* FROM "active_storage_attachments" WHERE "active_storage_attachments"."record_id" = ? AND "active_storage_attachments"."record_type" = ? AND "active_storage_attachments"."name" = ? LIMIT ?[0m  [["record_id", 2], ["record_type", "Item"], ["name", "image"], ["LIMIT", 1]]
  ↳ app/views/items/index.html.erb:40
  Rendered items/index.html.erb within layouts/application (Duration: 175.0ms | Allocations: 13111)
  Rendered layout layouts/application.html.erb (Duration: 360.8ms | Allocations: 37166)
Completed 200 OK in 409ms (Views: 362.6ms | ActiveRecord: 7.6ms | Allocations: 40653)


Started GET "/items/new" for ::1 at 2026-09-28 22:25:42 +0530
Processing by ItemsController#new as HTML
  Rendering layout layouts/application.html.erb
  Rendering items/new.html.erb within layouts/application
  Rendered items/new.html.erb within layouts/application (Duration: 258.9ms | Allocations: 11178)
  Rendered layout layouts/application.html.erb (Duration: 268.5ms | Allocations: 12659)
Completed 200 OK in 323ms (Views: 270.4ms | ActiveRecord: 0.0ms | Allocations: 13121)


Started POST "/items" for ::1 at 2026-09-28 22:27:47 +0530
Processing by ItemsController#create as TURBO_STREAM
  Parameters: {"authenticity_token"=>"[FILTERED]", "item"=>{"title"=>"Black wallet", "description"=>"black leather wallet\r\n", "category"=>"Wallet", "location"=>"college campus", "date_lost_found"=>"2026-09-28", "status"=>"Lost", "contact_name"=>"09345298815", "contact_email"=>"eniyae24cs@psnacet.edu.in", "image"=>#<ActionDispatch::Http::UploadedFile:0x000001745e91b6c0 @tempfile=#<Tempfile:C:/Users/ELCOT/AppData/Local/Temp/RackMultipart20260928-12636-1an7w0.avif>, @content_type="image/avif", @original_filename="classic-brown-leather-bifold-wallet_84443-66014.avif", @headers="Content-Disposition: form-data; name=\"item[image]\"; filename=\"classic-brown-leather-bifold-wallet_84443-66014.avif\"\r\nContent-Type: image/avif\r\n">}, "commit"=>"Submit Report"}
Completed 500 Internal Server Error in 16ms (ActiveRecord: 0.0ms | Allocations: 1507)


  
ActiveModel::UnknownAttributeError (unknown attribute 'contact_name' for Item.

          raise UnknownAttributeError.new(self, k.to_s)
          ^^^^^):
  
app/controllers/items_controller.rb:28:in `create'
  [1m[36mActiveRecord::SchemaMigration Pluck (0.3ms)[0m  [1m[34mSELECT "schema_migrations"."version" FROM "schema_migrations" ORDER BY "schema_migrations"."version" ASC[0m
Migrating to AddContactDetailsToItems (20260928170048)
  [1m[36mTRANSACTION (0.1ms)[0m  [1m[36mbegin transaction[0m
  [1m[35m (1.7ms)[0m  [1m[35mALTER TABLE "items" ADD "contact_name" varchar[0m
  [1m[35m (0.3ms)[0m  [1m[35mALTER TABLE "items" ADD "contact_email" varchar[0m
  [1m[36mActiveRecord::SchemaMigration Create (0.3ms)[0m  [1m[32mINSERT INTO "schema_migrations" ("version") VALUES (?)[0m  [["version", "20260928170048"]]
  [1m[36mTRANSACTION (2.1ms)[0m  [1m[36mcommit transaction[0m
  [1m[36mActiveRecord::InternalMetadata Load (0.3ms)[0m  [1m[34mSELECT "ar_internal_metadata".* FROM "ar_internal_metadata" WHERE "ar_internal_metadata"."key" = ? LIMIT ?[0m  [["key", "environment"], ["LIMIT", 1]]
  [1m[36mActiveRecord::SchemaMigration Pluck (0.1ms)[0m  [1m[34mSELECT "schema_migrations"."version" FROM "schema_migrations" ORDER BY "schema_migrations"."version" ASC[0m
Started GET "/" for ::1 at 2026-09-28 22:33:07 +0530
  [1m[36mActiveRecord::SchemaMigration Pluck (0.3ms)[0m  [1m[34mSELECT "schema_migrations"."version" FROM "schema_migrations" ORDER BY "schema_migrations"."version" ASC[0m
Processing by ItemsController#index as HTML
  Rendering layout layouts/application.html.erb
  Rendering items/index.html.erb within layouts/application
  [1m[36mItem Load (0.4ms)[0m  [1m[34mSELECT "items".* FROM "items" ORDER BY "items"."created_at" DESC[0m
  ↳ app/views/items/index.html.erb:36
  [1m[36mActiveStorage::Attachment Load (0.4ms)[0m  [1m[34mSELECT "active_storage_attachments".* FROM "active_storage_attachments" WHERE "active_storage_attachments"."record_id" = ? AND "active_storage_attachments"."record_type" = ? AND "active_storage_attachments"."name" = ? LIMIT ?[0m  [["record_id", 3], ["record_type", "Item"], ["name", "image"], ["LIMIT", 1]]
  ↳ app/views/items/index.html.erb:40
  [1m[36mActiveStorage::Attachment Load (0.3ms)[0m  [1m[34mSELECT "active_storage_attachments".* FROM "active_storage_attachments" WHERE "active_storage_attachments"."record_id" = ? AND "active_storage_attachments"."record_type" = ? AND "active_storage_attachments"."name" = ? LIMIT ?[0m  [["record_id", 2], ["record_type", "Item"], ["name", "image"], ["LIMIT", 1]]
  ↳ app/views/items/index.html.erb:40
  Rendered items/index.html.erb within layouts/application (Duration: 27.6ms | Allocations: 8712)
  Rendered layout layouts/application.html.erb (Duration: 65.3ms | Allocations: 29916)
Completed 200 OK in 84ms (Views: 67.2ms | ActiveRecord: 1.0ms | Allocations: 32320)


Started GET "/items/new" for ::1 at 2026-09-28 22:33:18 +0530
Processing by ItemsController#new as HTML
  Rendering layout layouts/application.html.erb
  Rendering items/new.html.erb within layouts/application
  Rendered items/new.html.erb within layouts/application (Duration: 9.9ms | Allocations: 2397)
  Rendered layout layouts/application.html.erb (Duration: 21.6ms | Allocations: 3737)
Completed 200 OK in 31ms (Views: 24.4ms | ActiveRecord: 0.0ms | Allocations: 4101)


Started POST "/items" for ::1 at 2026-09-28 22:37:08 +0530
Processing by ItemsController#create as TURBO_STREAM
  Parameters: {"authenticity_token"=>"[FILTERED]", "item"=>{"title"=>" Blue Mobile", "description"=>"Samsung mobile with black cover", "category"=>"Mobile", "location"=>"college campus", "date_lost_found"=>"2026-09-28", "status"=>"Lost", "contact_name"=>"Eniya", "contact_email"=>"eniyae24cs@psnacet.edu.in", "image"=>#<ActionDispatch::Http::UploadedFile:0x000001746044e1e0 @tempfile=#<Tempfile:C:/Users/ELCOT/AppData/Local/Temp/RackMultipart20260928-12636-nd2cvb.webp>, @content_type="image/webp", @original_filename="mobile.webp", @headers="Content-Disposition: form-data; name=\"item[image]\"; filename=\"mobile.webp\"\r\nContent-Type: image/webp\r\n">}, "commit"=>"Submit Report"}
Completed 500 Internal Server Error in 201ms (ActiveRecord: 0.0ms | Allocations: 1377)


  
ActiveModel::UnknownAttributeError (unknown attribute 'contact_name' for Item.

          raise UnknownAttributeError.new(self, k.to_s)
          ^^^^^):
  
app/controllers/items_controller.rb:28:in `create'
Started GET "/" for ::1 at 2026-09-28 22:44:16 +0530
  [1m[36mActiveRecord::SchemaMigration Pluck (0.5ms)[0m  [1m[34mSELECT "schema_migrations"."version" FROM "schema_migrations" ORDER BY "schema_migrations"."version" ASC[0m
Processing by ItemsController#index as HTML
  Rendering layout layouts/application.html.erb
  Rendering items/index.html.erb within layouts/application
  [1m[36mItem Load (0.6ms)[0m  [1m[34mSELECT "items".* FROM "items" ORDER BY "items"."created_at" DESC[0m
  ↳ app/views/items/index.html.erb:36
  [1m[36mActiveStorage::Attachment Load (0.5ms)[0m  [1m[34mSELECT "active_storage_attachments".* FROM "active_storage_attachments" WHERE "active_storage_attachments"."record_id" = ? AND "active_storage_attachments"."record_type" = ? AND "active_storage_attachments"."name" = ? LIMIT ?[0m  [["record_id", 3], ["record_type", "Item"], ["name", "image"], ["LIMIT", 1]]
  ↳ app/views/items/index.html.erb:40
  [1m[36mActiveStorage::Attachment Load (0.4ms)[0m  [1m[34mSELECT "active_storage_attachments".* FROM "active_storage_attachments" WHERE "active_storage_attachments"."record_id" = ? AND "active_storage_attachments"."record_type" = ? AND "active_storage_attachments"."name" = ? LIMIT ?[0m  [["record_id", 2], ["record_type", "Item"], ["name", "image"], ["LIMIT", 1]]
  ↳ app/views/items/index.html.erb:40
  Rendered items/index.html.erb within layouts/application (Duration: 74.7ms | Allocations: 18170)
  Rendered layout layouts/application.html.erb (Duration: 286.8ms | Allocations: 62862)
Completed 200 OK in 369ms (Views: 302.4ms | ActiveRecord: 3.1ms | Allocations: 70681)


Started GET "/items/new" for ::1 at 2026-09-28 22:44:20 +0530
Processing by ItemsController#new as HTML
  Rendering layout layouts/application.html.erb
  Rendering items/new.html.erb within layouts/application
  Rendered items/new.html.erb within layouts/application (Duration: 42.4ms | Allocations: 4512)
  Rendered layout layouts/application.html.erb (Duration: 48.0ms | Allocations: 5990)
Completed 200 OK in 55ms (Views: 50.0ms | ActiveRecord: 0.0ms | Allocations: 6496)


Started GET "/items/2" for ::1 at 2026-09-28 22:44:21 +0530
Processing by ItemsController#show as HTML
  Parameters: {"id"=>"2"}
  [1m[36mItem Load (0.5ms)[0m  [1m[34mSELECT "items".* FROM "items" WHERE "items"."id" = ? LIMIT ?[0m  [["id", 2], ["LIMIT", 1]]
  ↳ app/controllers/items_controller.rb:20:in `show'
  Rendering layout layouts/application.html.erb
  Rendering items/show.html.erb within layouts/application
  [1m[36mActiveStorage::Attachment Load (0.5ms)[0m  [1m[34mSELECT "active_storage_attachments".* FROM "active_storage_attachments" WHERE "active_storage_attachments"."record_id" = ? AND "active_storage_attachments"."record_type" = ? AND "active_storage_attachments"."name" = ? LIMIT ?[0m  [["record_id", 2], ["record_type", "Item"], ["name", "image"], ["LIMIT", 1]]
  ↳ app/views/items/show.html.erb:5
  Rendered items/show.html.erb within layouts/application (Duration: 24.3ms | Allocations: 1526)
  Rendered layout layouts/application.html.erb (Duration: 32.2ms | Allocations: 3038)
Completed 200 OK in 44ms (Views: 33.4ms | ActiveRecord: 1.0ms | Allocations: 4754)


Started GET "/items/new" for ::1 at 2026-09-28 22:44:38 +0530
Processing by ItemsController#new as HTML
  Rendering layout layouts/application.html.erb
  Rendering items/new.html.erb within layouts/application
  Rendered items/new.html.erb within layouts/application (Duration: 3.8ms | Allocations: 2114)
  Rendered layout layouts/application.html.erb (Duration: 13.9ms | Allocations: 3454)
Completed 200 OK in 23ms (Views: 15.5ms | ActiveRecord: 0.0ms | Allocations: 3777)


Started POST "/items" for ::1 at 2026-09-28 22:45:26 +0530
Processing by ItemsController#create as TURBO_STREAM
  Parameters: {"authenticity_token"=>"[FILTERED]", "item"=>{"title"=>" Blue Mobile", "description"=>"blue mobile with black cover", "category"=>"Mobile", "location"=>"college campus", "date_lost_found"=>"2026-09-28", "status"=>"Lost", "contact_name"=>"Eniya", "contact_email"=>"eniyae24cs@psnacet.edu.in", "image"=>#<ActionDispatch::Http::UploadedFile:0x000001e6641f28d0 @tempfile=#<Tempfile:C:/Users/ELCOT/AppData/Local/Temp/RackMultipart20260928-4500-hawso8.webp>, @content_type="image/webp", @original_filename="mobile.webp", @headers="Content-Disposition: form-data; name=\"item[image]\"; filename=\"mobile.webp\"\r\nContent-Type: image/webp\r\n">}, "commit"=>"Submit Report"}
  [1m[36mTRANSACTION (0.2ms)[0m  [1m[36mbegin transaction[0m
  ↳ app/controllers/items_controller.rb:30:in `create'
  [1m[36mItem Create (2.4ms)[0m  [1m[32mINSERT INTO "items" ("title", "description", "category", "location", "date_lost_found", "status", "created_at", "updated_at", "contact", "contact_name", "contact_email") VALUES (?, ?, ?, ?, ?, ?, ?, ?, ?, ?, ?)[0m  [["title", " Blue Mobile"], ["description", "blue mobile with black cover"], ["category", "Mobile"], ["location", "college campus"], ["date_lost_found", "2026-09-28"], ["status", "Lost"], ["created_at", "2026-09-28 17:15:27.267096"], ["updated_at", "2026-09-28 17:15:27.267096"], ["contact", nil], ["contact_name", "Eniya"], ["contact_email", "eniyae24cs@psnacet.edu.in"]]
  ↳ app/controllers/items_controller.rb:30:in `create'
  [1m[36mActiveStorage::Blob Load (0.3ms)[0m  [1m[34mSELECT "active_storage_blobs".* FROM "active_storage_blobs" INNER JOIN "active_storage_attachments" ON "active_storage_blobs"."id" = "active_storage_attachments"."blob_id" WHERE "active_storage_attachments"."record_id" = ? AND "active_storage_attachments"."record_type" = ? AND "active_storage_attachments"."name" = ? LIMIT ?[0m  [["record_id", 4], ["record_type", "Item"], ["name", "image"], ["LIMIT", 1]]
  ↳ app/controllers/items_controller.rb:30:in `create'
  [1m[36mActiveStorage::Attachment Load (0.2ms)[0m  [1m[34mSELECT "active_storage_attachments".* FROM "active_storage_attachments" WHERE "active_storage_attachments"."record_id" = ? AND "active_storage_attachments"."record_type" = ? AND "active_storage_attachments"."name" = ? LIMIT ?[0m  [["record_id", 4], ["record_type", "Item"], ["name", "image"], ["LIMIT", 1]]
  ↳ app/controllers/items_controller.rb:30:in `create'
  [1m[36mActiveStorage::Blob Create (0.8ms)[0m  [1m[32mINSERT INTO "active_storage_blobs" ("key", "filename", "content_type", "metadata", "service_name", "byte_size", "checksum", "created_at") VALUES (?, ?, ?, ?, ?, ?, ?, ?)[0m  [["key", "15es6vytljz4o06yvfwzckarf1sm"], ["filename", "mobile.webp"], ["content_type", "image/webp"], ["metadata", "{\"identified\":true}"], ["service_name", "local"], ["byte_size", 24922], ["checksum", "JrVYngoQJTnAhQAQV4Rz/w=="], ["created_at", "2026-09-28 17:15:27.418471"]]
  ↳ app/controllers/items_controller.rb:30:in `create'
  [1m[36mActiveStorage::Attachment Create (0.6ms)[0m  [1m[32mINSERT INTO "active_storage_attachments" ("name", "record_type", "record_id", "blob_id", "created_at") VALUES (?, ?, ?, ?, ?)[0m  [["name", "image"], ["record_type", "Item"], ["record_id", 4], ["blob_id", 1], ["created_at", "2026-09-28 17:15:27.424965"]]
  ↳ app/controllers/items_controller.rb:30:in `create'
  [1m[36mItem Update (0.9ms)[0m  [1m[33mUPDATE "items" SET "updated_at" = ? WHERE "items"."id" = ?[0m  [["updated_at", "2026-09-28 17:15:27.429354"], ["id", 4]]
  ↳ app/controllers/items_controller.rb:30:in `create'
  [1m[36mTRANSACTION (5.1ms)[0m  [1m[36mcommit transaction[0m
  ↳ app/controllers/items_controller.rb:30:in `create'
[36m  Disk Storage (4.1ms) [0m[32mUploaded file to key: 15es6vytljz4o06yvfwzckarf1sm (checksum: JrVYngoQJTnAhQAQV4Rz/w==)[0m
[ActiveJob] Enqueued ActiveStorage::AnalyzeJob (Job ID: 5e719ce1-703a-46cf-bcb7-535c44202283) to Async(default) with arguments: #<GlobalID:0x000001e661e47d90 @uri=#<URI::GID gid://lost-and-found/ActiveStorage::Blob/1>>
Redirected to http://localhost:3000/items/4
Completed 302 Found in 415ms (ActiveRecord: 12.8ms | Allocations: 34240)


Started GET "/items/4" for ::1 at 2026-09-28 22:45:27 +0530
[ActiveJob] [ActiveStorage::AnalyzeJob] [5e719ce1-703a-46cf-bcb7-535c44202283]   [1m[36mActiveStorage::Blob Load (0.5ms)[0m  [1m[34mSELECT "active_storage_blobs".* FROM "active_storage_blobs" WHERE "active_storage_blobs"."id" = ? LIMIT ?[0m  [["id", 1], ["LIMIT", 1]]
[ActiveJob] [ActiveStorage::AnalyzeJob] [5e719ce1-703a-46cf-bcb7-535c44202283] Performing ActiveStorage::AnalyzeJob (Job ID: 5e719ce1-703a-46cf-bcb7-535c44202283) from Async(default) enqueued at 2026-09-28T17:15:27Z with arguments: #<GlobalID:0x000001e662577750 @uri=#<URI::GID gid://lost-and-found/ActiveStorage::Blob/1>>
[ActiveJob] [ActiveStorage::AnalyzeJob] [5e719ce1-703a-46cf-bcb7-535c44202283] Skipping image analysis because the ruby-vips gem isn't installed
[ActiveJob] [ActiveStorage::AnalyzeJob] [5e719ce1-703a-46cf-bcb7-535c44202283]   [1m[36mTRANSACTION (0.1ms)[0m  [1m[36mbegin transaction[0m
[ActiveJob] [ActiveStorage::AnalyzeJob] [5e719ce1-703a-46cf-bcb7-535c44202283]   [1m[36mActiveStorage::Blob Update (1.4ms)[0m  [1m[33mUPDATE "active_storage_blobs" SET "metadata" = ? WHERE "active_storage_blobs"."id" = ?[0m  [["metadata", "{\"identified\":true,\"analyzed\":true}"], ["id", 1]]
[ActiveJob] [ActiveStorage::AnalyzeJob] [5e719ce1-703a-46cf-bcb7-535c44202283]   [1m[36mTRANSACTION (4.2ms)[0m  [1m[36mcommit transaction[0m
[ActiveJob] [ActiveStorage::AnalyzeJob] [5e719ce1-703a-46cf-bcb7-535c44202283] Performed ActiveStorage::AnalyzeJob (Job ID: 5e719ce1-703a-46cf-bcb7-535c44202283) from Async(default) in 55.53ms
Processing by ItemsController#show as TURBO_STREAM
  Parameters: {"id"=>"4"}
  [1m[36mItem Load (0.2ms)[0m  [1m[34mSELECT "items".* FROM "items" WHERE "items"."id" = ? LIMIT ?[0m  [["id", 4], ["LIMIT", 1]]
  ↳ app/controllers/items_controller.rb:20:in `show'
  Rendering layout layouts/application.html.erb
  Rendering items/show.html.erb within layouts/application
  [1m[36mActiveStorage::Attachment Load (0.3ms)[0m  [1m[34mSELECT "active_storage_attachments".* FROM "active_storage_attachments" WHERE "active_storage_attachments"."record_id" = ? AND "active_storage_attachments"."record_type" = ? AND "active_storage_attachments"."name" = ? LIMIT ?[0m  [["record_id", 4], ["record_type", "Item"], ["name", "image"], ["LIMIT", 1]]
  ↳ app/views/items/show.html.erb:5
  [1m[36mActiveStorage::Blob Load (0.3ms)[0m  [1m[34mSELECT "active_storage_blobs".* FROM "active_storage_blobs" WHERE "active_storage_blobs"."id" = ? LIMIT ?[0m  [["id", 1], ["LIMIT", 1]]
  ↳ app/views/items/show.html.erb:6
  Rendered items/show.html.erb within layouts/application (Duration: 10.6ms | Allocations: 3170)
  Rendered layout layouts/application.html.erb (Duration: 16.6ms | Allocations: 4828)
Completed 200 OK in 23ms (Views: 17.0ms | ActiveRecord: 0.9ms | Allocations: 5713)


Started GET "/rails/active_storage/blobs/redirect/eyJfcmFpbHMiOnsibWVzc2FnZSI6IkJBaHBCZz09IiwiZXhwIjpudWxsLCJwdXIiOiJibG9iX2lkIn19--7ed88e521f4c226e26bae9ffed27e057227bd2c4/mobile.webp" for ::1 at 2026-09-28 22:45:27 +0530
Processing by ActiveStorage::Blobs::RedirectController#show as */*
  Parameters: {"signed_id"=>"eyJfcmFpbHMiOnsibWVzc2FnZSI6IkJBaHBCZz09IiwiZXhwIjpudWxsLCJwdXIiOiJibG9iX2lkIn19--7ed88e521f4c226e26bae9ffed27e057227bd2c4", "filename"=>"mobile"}
  [1m[36mActiveStorage::Blob Load (0.4ms)[0m  [1m[34mSELECT "active_storage_blobs".* FROM "active_storage_blobs" WHERE "active_storage_blobs"."id" = ? LIMIT ?[0m  [["id", 1], ["LIMIT", 1]]
[36m  Disk Storage (3.4ms) [0m[34mGenerated URL for file at key: 15es6vytljz4o06yvfwzckarf1sm (http://localhost:3000/rails/active_storage/disk/eyJfcmFpbHMiOnsibWVzc2FnZSI6IkJBaDdDVG9JYTJWNVNTSWhNVFZsY3paMmVYUnNhbm8wYnpBMmVYWm1kM3BqYTJGeVpqRnpiUVk2QmtWVU9oQmthWE53YjNOcGRHbHZia2tpUldGMGRHRmphRzFsYm5RN0lHWnBiR1Z1WVcxbFBTSnRiMkpwYkdVdWQyVmljQ0k3SUdacGJHVnVZVzFsS2oxVlZFWXRPQ2NuYlc5aWFXeGxMbmRsWW5BR093WlVPaEZqYjI1MFpXNTBYM1I1Y0dWSklnOXBiV0ZuWlM5M1pXSndCanNHVkRvUmMyVnlkbWxqWlY5dVlXMWxPZ3BzYjJOaGJBPT0iLCJleHAiOiIyMDI2LTA5LTI4VDE3OjIwOjI3LjgyOVoiLCJwdXIiOiJibG9iX2tleSJ9fQ==--9159de2d8c8de30f8e621126d39ff15340f12a6b/mobile.webp)[0m
Redirected to http://localhost:3000/rails/active_storage/disk/eyJfcmFpbHMiOnsibWVzc2FnZSI6IkJBaDdDVG9JYTJWNVNTSWhNVFZsY3paMmVYUnNhbm8wYnpBMmVYWm1kM3BqYTJGeVpqRnpiUVk2QmtWVU9oQmthWE53YjNOcGRHbHZia2tpUldGMGRHRmphRzFsYm5RN0lHWnBiR1Z1WVcxbFBTSnRiMkpwYkdVdWQyVmljQ0k3SUdacGJHVnVZVzFsS2oxVlZFWXRPQ2NuYlc5aWFXeGxMbmRsWW5BR093WlVPaEZqYjI1MFpXNTBYM1I1Y0dWSklnOXBiV0ZuWlM5M1pXSndCanNHVkRvUmMyVnlkbWxqWlY5dVlXMWxPZ3BzYjJOaGJBPT0iLCJleHAiOiIyMDI2LTA5LTI4VDE3OjIwOjI3LjgyOVoiLCJwdXIiOiJibG9iX2tleSJ9fQ==--9159de2d8c8de30f8e621126d39ff15340f12a6b/mobile.webp
Completed 302 Found in 27ms (ActiveRecord: 0.4ms | Allocations: 2847)


Started GET "/rails/active_storage/disk/eyJfcmFpbHMiOnsibWVzc2FnZSI6IkJBaDdDVG9JYTJWNVNTSWhNVFZsY3paMmVYUnNhbm8wYnpBMmVYWm1kM3BqYTJGeVpqRnpiUVk2QmtWVU9oQmthWE53YjNOcGRHbHZia2tpUldGMGRHRmphRzFsYm5RN0lHWnBiR1Z1WVcxbFBTSnRiMkpwYkdVdWQyVmljQ0k3SUdacGJHVnVZVzFsS2oxVlZFWXRPQ2NuYlc5aWFXeGxMbmRsWW5BR093WlVPaEZqYjI1MFpXNTBYM1I1Y0dWSklnOXBiV0ZuWlM5M1pXSndCanNHVkRvUmMyVnlkbWxqWlY5dVlXMWxPZ3BzYjJOaGJBPT0iLCJleHAiOiIyMDI2LTA5LTI4VDE3OjIwOjI3LjgyOVoiLCJwdXIiOiJibG9iX2tleSJ9fQ==--9159de2d8c8de30f8e621126d39ff15340f12a6b/mobile.webp" for ::1 at 2026-09-28 22:45:27 +0530
Processing by ActiveStorage::DiskController#show as */*
  Parameters: {"encoded_key"=>"[FILTERED]", "filename"=>"mobile"}
Completed 200 OK in 6ms (ActiveRecord: 0.0ms | Allocations: 360)


Started GET "/items/4/edit" for ::1 at 2026-09-28 22:47:09 +0530
Processing by ItemsController#edit as HTML
  Parameters: {"id"=>"4"}
  [1m[36mItem Load (0.4ms)[0m  [1m[34mSELECT "items".* FROM "items" WHERE "items"."id" = ? LIMIT ?[0m  [["id", 4], ["LIMIT", 1]]
  ↳ app/controllers/items_controller.rb:38:in `edit'
  Rendering layout layouts/application.html.erb
  Rendering items/edit.html.erb within layouts/application
  Rendered items/edit.html.erb within layouts/application (Duration: 24.0ms | Allocations: 3113)
  Rendered layout layouts/application.html.erb (Duration: 33.6ms | Allocations: 4553)
Completed 200 OK in 48ms (Views: 36.0ms | ActiveRecord: 0.4ms | Allocations: 5513)


Started PATCH "/items/4" for ::1 at 2026-09-28 22:47:57 +0530
Processing by ItemsController#update as TURBO_STREAM
  Parameters: {"authenticity_token"=>"[FILTERED]", "item"=>{"title"=>" Blue Mobile", "description"=>"blue mobile with black cover", "category"=>"Mobile", "location"=>"library", "date_lost_found"=>"2026-09-28", "status"=>"Found", "contact_name"=>"Eniya", "contact_email"=>"eniyae24cs@psnacet.edu.in"}, "commit"=>"Update Item", "id"=>"4"}
  [1m[36mItem Load (0.3ms)[0m  [1m[34mSELECT "items".* FROM "items" WHERE "items"."id" = ? LIMIT ?[0m  [["id", 4], ["LIMIT", 1]]
  ↳ app/controllers/items_controller.rb:42:in `update'
  [1m[36mTRANSACTION (0.1ms)[0m  [1m[36mbegin transaction[0m
  ↳ app/controllers/items_controller.rb:44:in `update'
  [1m[36mItem Update (2.0ms)[0m  [1m[33mUPDATE "items" SET "location" = ?, "status" = ?, "updated_at" = ? WHERE "items"."id" = ?[0m  [["location", "library"], ["status", "Found"], ["updated_at", "2026-09-28 17:17:57.131835"], ["id", 4]]
  ↳ app/controllers/items_controller.rb:44:in `update'
  [1m[36mTRANSACTION (3.3ms)[0m  [1m[36mcommit transaction[0m
  ↳ app/controllers/items_controller.rb:44:in `update'
Redirected to http://localhost:3000/items/4
Completed 302 Found in 24ms (ActiveRecord: 5.7ms | Allocations: 3100)


Started GET "/items/4" for ::1 at 2026-09-28 22:47:57 +0530
Processing by ItemsController#show as TURBO_STREAM
  Parameters: {"id"=>"4"}
  [1m[36mItem Load (0.3ms)[0m  [1m[34mSELECT "items".* FROM "items" WHERE "items"."id" = ? LIMIT ?[0m  [["id", 4], ["LIMIT", 1]]
  ↳ app/controllers/items_controller.rb:20:in `show'
  Rendering layout layouts/application.html.erb
  Rendering items/show.html.erb within layouts/application
  [1m[36mActiveStorage::Attachment Load (0.4ms)[0m  [1m[34mSELECT "active_storage_attachments".* FROM "active_storage_attachments" WHERE "active_storage_attachments"."record_id" = ? AND "active_storage_attachments"."record_type" = ? AND "active_storage_attachments"."name" = ? LIMIT ?[0m  [["record_id", 4], ["record_type", "Item"], ["name", "image"], ["LIMIT", 1]]
  ↳ app/views/items/show.html.erb:5
  [1m[36mActiveStorage::Blob Load (0.4ms)[0m  [1m[34mSELECT "active_storage_blobs".* FROM "active_storage_blobs" WHERE "active_storage_blobs"."id" = ? LIMIT ?[0m  [["id", 1], ["LIMIT", 1]]
  ↳ app/views/items/show.html.erb:6
  Rendered items/show.html.erb within layouts/application (Duration: 9.0ms | Allocations: 2035)
  Rendered layout layouts/application.html.erb (Duration: 17.2ms | Allocations: 3530)
Completed 200 OK in 27ms (Views: 17.7ms | ActiveRecord: 1.1ms | Allocations: 4299)


Started GET "/items" for ::1 at 2026-09-28 22:53:18 +0530
Processing by ItemsController#index as HTML
  Rendering layout layouts/application.html.erb
  Rendering items/index.html.erb within layouts/application
  [1m[36mItem Load (0.7ms)[0m  [1m[34mSELECT "items".* FROM "items" ORDER BY "items"."created_at" DESC[0m
  ↳ app/views/items/index.html.erb:36
  [1m[36mActiveStorage::Attachment Load (0.7ms)[0m  [1m[34mSELECT "active_storage_attachments".* FROM "active_storage_attachments" WHERE "active_storage_attachments"."record_id" = ? AND "active_storage_attachments"."record_type" = ? AND "active_storage_attachments"."name" = ? LIMIT ?[0m  [["record_id", 4], ["record_type", "Item"], ["name", "image"], ["LIMIT", 1]]
  ↳ app/views/items/index.html.erb:40
  [1m[36mActiveStorage::Blob Load (0.6ms)[0m  [1m[34mSELECT "active_storage_blobs".* FROM "active_storage_blobs" WHERE "active_storage_blobs"."id" = ? LIMIT ?[0m  [["id", 1], ["LIMIT", 1]]
  ↳ app/views/items/index.html.erb:41
  [1m[36mActiveStorage::Attachment Load (0.5ms)[0m  [1m[34mSELECT "active_storage_attachments".* FROM "active_storage_attachments" WHERE "active_storage_attachments"."record_id" = ? AND "active_storage_attachments"."record_type" = ? AND "active_storage_attachments"."name" = ? LIMIT ?[0m  [["record_id", 3], ["record_type", "Item"], ["name", "image"], ["LIMIT", 1]]
  ↳ app/views/items/index.html.erb:40
  [1m[36mActiveStorage::Attachment Load (0.7ms)[0m  [1m[34mSELECT "active_storage_attachments".* FROM "active_storage_attachments" WHERE "active_storage_attachments"."record_id" = ? AND "active_storage_attachments"."record_type" = ? AND "active_storage_attachments"."name" = ? LIMIT ?[0m  [["record_id", 2], ["record_type", "Item"], ["name", "image"], ["LIMIT", 1]]
  ↳ app/views/items/index.html.erb:40
  Rendered items/index.html.erb within layouts/application (Duration: 26.8ms | Allocations: 5720)
  Rendered layout layouts/application.html.erb (Duration: 36.0ms | Allocations: 7230)
Completed 200 OK in 49ms (Views: 34.4ms | ActiveRecord: 3.9ms | Allocations: 7745)


Started GET "/items/4/edit" for ::1 at 2026-09-28 22:53:19 +0530
Processing by ItemsController#edit as HTML
  Parameters: {"id"=>"4"}
  [1m[36mItem Load (0.5ms)[0m  [1m[34mSELECT "items".* FROM "items" WHERE "items"."id" = ? LIMIT ?[0m  [["id", 4], ["LIMIT", 1]]
  ↳ app/controllers/items_controller.rb:38:in `edit'
  Rendering layout layouts/application.html.erb
  Rendering items/edit.html.erb within layouts/application
  Rendered items/edit.html.erb within layouts/application (Duration: 4.3ms | Allocations: 2334)
  Rendered layout layouts/application.html.erb (Duration: 12.5ms | Allocations: 3664)
Completed 200 OK in 24ms (Views: 14.1ms | ActiveRecord: 0.5ms | Allocations: 4484)


Started GET "/items/new" for ::1 at 2026-09-28 22:55:25 +0530
Processing by ItemsController#new as HTML
  Rendering layout layouts/application.html.erb
  Rendering items/new.html.erb within layouts/application
  Rendered items/new.html.erb within layouts/application (Duration: 6.2ms | Allocations: 2061)
  Rendered layout layouts/application.html.erb (Duration: 14.0ms | Allocations: 3399)
Completed 200 OK in 20ms (Views: 15.7ms | ActiveRecord: 0.0ms | Allocations: 3715)


Started GET "/" for ::1 at 2026-09-28 22:55:29 +0530
Processing by ItemsController#index as HTML
  Rendering layout layouts/application.html.erb
  Rendering items/index.html.erb within layouts/application
  [1m[36mItem Load (0.4ms)[0m  [1m[34mSELECT "items".* FROM "items" ORDER BY "items"."created_at" DESC[0m
  ↳ app/views/items/index.html.erb:36
  [1m[36mActiveStorage::Attachment Load (0.5ms)[0m  [1m[34mSELECT "active_storage_attachments".* FROM "active_storage_attachments" WHERE "active_storage_attachments"."record_id" = ? AND "active_storage_attachments"."record_type" = ? AND "active_storage_attachments"."name" = ? LIMIT ?[0m  [["record_id", 4], ["record_type", "Item"], ["name", "image"], ["LIMIT", 1]]
  ↳ app/views/items/index.html.erb:40
  [1m[36mActiveStorage::Blob Load (0.4ms)[0m  [1m[34mSELECT "active_storage_blobs".* FROM "active_storage_blobs" WHERE "active_storage_blobs"."id" = ? LIMIT ?[0m  [["id", 1], ["LIMIT", 1]]
  ↳ app/views/items/index.html.erb:41
  [1m[36mActiveStorage::Attachment Load (0.4ms)[0m  [1m[34mSELECT "active_storage_attachments".* FROM "active_storage_attachments" WHERE "active_storage_attachments"."record_id" = ? AND "active_storage_attachments"."record_type" = ? AND "active_storage_attachments"."name" = ? LIMIT ?[0m  [["record_id", 3], ["record_type", "Item"], ["name", "image"], ["LIMIT", 1]]
  ↳ app/views/items/index.html.erb:40
  [1m[36mActiveStorage::Attachment Load (0.6ms)[0m  [1m[34mSELECT "active_storage_attachments".* FROM "active_storage_attachments" WHERE "active_storage_attachments"."record_id" = ? AND "active_storage_attachments"."record_type" = ? AND "active_storage_attachments"."name" = ? LIMIT ?[0m  [["record_id", 2], ["record_type", "Item"], ["name", "image"], ["LIMIT", 1]]
  ↳ app/views/items/index.html.erb:40
  Rendered items/index.html.erb within layouts/application (Duration: 25.8ms | Allocations: 5582)
  Rendered layout layouts/application.html.erb (Duration: 33.1ms | Allocations: 7101)
Completed 200 OK in 40ms (Views: 32.4ms | ActiveRecord: 2.4ms | Allocations: 7440)


Started GET "/items?search=mobile&status=&commit=Search" for ::1 at 2026-09-28 22:55:40 +0530
Processing by ItemsController#index as HTML
  Parameters: {"search"=>"mobile", "status"=>"", "commit"=>"Search"}
  Rendering layout layouts/application.html.erb
  Rendering items/index.html.erb within layouts/application
  [1m[36mItem Load (1.1ms)[0m  [1m[34mSELECT "items".* FROM "items" WHERE (title LIKE '%mobile%' OR category LIKE '%mobile%' OR location LIKE '%mobile%') ORDER BY "items"."created_at" DESC[0m
  ↳ app/views/items/index.html.erb:36
  [1m[36mActiveStorage::Attachment Load (0.4ms)[0m  [1m[34mSELECT "active_storage_attachments".* FROM "active_storage_attachments" WHERE "active_storage_attachments"."record_id" = ? AND "active_storage_attachments"."record_type" = ? AND "active_storage_attachments"."name" = ? LIMIT ?[0m  [["record_id", 4], ["record_type", "Item"], ["name", "image"], ["LIMIT", 1]]
  ↳ app/views/items/index.html.erb:40
  [1m[36mActiveStorage::Blob Load (0.7ms)[0m  [1m[34mSELECT "active_storage_blobs".* FROM "active_storage_blobs" WHERE "active_storage_blobs"."id" = ? LIMIT ?[0m  [["id", 1], ["LIMIT", 1]]
  ↳ app/views/items/index.html.erb:41
  Rendered items/index.html.erb within layouts/application (Duration: 14.4ms | Allocations: 3812)
  Rendered layout layouts/application.html.erb (Duration: 21.7ms | Allocations: 5328)
Completed 200 OK in 30ms (Views: 21.1ms | ActiveRecord: 2.2ms | Allocations: 5717)


Started GET "/items?search=wallet&status=&commit=Search" for ::1 at 2026-09-28 22:55:58 +0530
Processing by ItemsController#index as HTML
  Parameters: {"search"=>"wallet", "status"=>"", "commit"=>"Search"}
  Rendering layout layouts/application.html.erb
  Rendering items/index.html.erb within layouts/application
  [1m[36mItem Load (0.7ms)[0m  [1m[34mSELECT "items".* FROM "items" WHERE (title LIKE '%wallet%' OR category LIKE '%wallet%' OR location LIKE '%wallet%') ORDER BY "items"."created_at" DESC[0m
  ↳ app/views/items/index.html.erb:36
  [1m[36mActiveStorage::Attachment Load (0.3ms)[0m  [1m[34mSELECT "active_storage_attachments".* FROM "active_storage_attachments" WHERE "active_storage_attachments"."record_id" = ? AND "active_storage_attachments"."record_type" = ? AND "active_storage_attachments"."name" = ? LIMIT ?[0m  [["record_id", 3], ["record_type", "Item"], ["name", "image"], ["LIMIT", 1]]
  ↳ app/views/items/index.html.erb:40
  Rendered items/index.html.erb within layouts/application (Duration: 10.6ms | Allocations: 2890)
  Rendered layout layouts/application.html.erb (Duration: 18.5ms | Allocations: 4430)
Completed 200 OK in 26ms (Views: 19.7ms | ActiveRecord: 1.0ms | Allocations: 4800)


Started GET "/items?search=mobile&status=&commit=Search" for ::1 at 2026-09-28 22:56:13 +0530
Processing by ItemsController#index as HTML
  Parameters: {"search"=>"mobile", "status"=>"", "commit"=>"Search"}
  Rendering layout layouts/application.html.erb
  Rendering items/index.html.erb within layouts/application
  [1m[36mItem Load (0.5ms)[0m  [1m[34mSELECT "items".* FROM "items" WHERE (title LIKE '%mobile%' OR category LIKE '%mobile%' OR location LIKE '%mobile%') ORDER BY "items"."created_at" DESC[0m
  ↳ app/views/items/index.html.erb:36
  [1m[36mActiveStorage::Attachment Load (0.4ms)[0m  [1m[34mSELECT "active_storage_attachments".* FROM "active_storage_attachments" WHERE "active_storage_attachments"."record_id" = ? AND "active_storage_attachments"."record_type" = ? AND "active_storage_attachments"."name" = ? LIMIT ?[0m  [["record_id", 4], ["record_type", "Item"], ["name", "image"], ["LIMIT", 1]]
  ↳ app/views/items/index.html.erb:40
  [1m[36mActiveStorage::Blob Load (0.4ms)[0m  [1m[34mSELECT "active_storage_blobs".* FROM "active_storage_blobs" WHERE "active_storage_blobs"."id" = ? LIMIT ?[0m  [["id", 1], ["LIMIT", 1]]
  ↳ app/views/items/index.html.erb:41
  Rendered items/index.html.erb within layouts/application (Duration: 14.3ms | Allocations: 3795)
  Rendered layout layouts/application.html.erb (Duration: 22.4ms | Allocations: 5293)
Completed 200 OK in 32ms (Views: 22.8ms | ActiveRecord: 1.2ms | Allocations: 5663)


Started GET "/" for ::1 at 2026-09-29 19:14:08 +0530
Processing by ItemsController#index as HTML
  Rendering layout layouts/application.html.erb
  Rendering items/index.html.erb within layouts/application
  [1m[36mItem Load (0.9ms)[0m  [1m[34mSELECT "items".* FROM "items" ORDER BY "items"."created_at" DESC[0m
  ↳ app/views/items/index.html.erb:36
  [1m[36mActiveStorage::Attachment Load (1.2ms)[0m  [1m[34mSELECT "active_storage_attachments".* FROM "active_storage_attachments" WHERE "active_storage_attachments"."record_id" = ? AND "active_storage_attachments"."record_type" = ? AND "active_storage_attachments"."name" = ? LIMIT ?[0m  [["record_id", 4], ["record_type", "Item"], ["name", "image"], ["LIMIT", 1]]
  ↳ app/views/items/index.html.erb:40
  [1m[36mActiveStorage::Blob Load (0.9ms)[0m  [1m[34mSELECT "active_storage_blobs".* FROM "active_storage_blobs" WHERE "active_storage_blobs"."id" = ? LIMIT ?[0m  [["id", 1], ["LIMIT", 1]]
  ↳ app/views/items/index.html.erb:41
  [1m[36mActiveStorage::Attachment Load (0.4ms)[0m  [1m[34mSELECT "active_storage_attachments".* FROM "active_storage_attachments" WHERE "active_storage_attachments"."record_id" = ? AND "active_storage_attachments"."record_type" = ? AND "active_storage_attachments"."name" = ? LIMIT ?[0m  [["record_id", 3], ["record_type", "Item"], ["name", "image"], ["LIMIT", 1]]
  ↳ app/views/items/index.html.erb:40
  [1m[36mActiveStorage::Attachment Load (0.6ms)[0m  [1m[34mSELECT "active_storage_attachments".* FROM "active_storage_attachments" WHERE "active_storage_attachments"."record_id" = ? AND "active_storage_attachments"."record_type" = ? AND "active_storage_attachments"."name" = ? LIMIT ?[0m  [["record_id", 2], ["record_type", "Item"], ["name", "image"], ["LIMIT", 1]]
  ↳ app/views/items/index.html.erb:40
  Rendered items/index.html.erb within layouts/application (Duration: 39.2ms | Allocations: 5704)
  Rendered layout layouts/application.html.erb (Duration: 49.5ms | Allocations: 7217)
Completed 200 OK in 60ms (Views: 48.0ms | ActiveRecord: 4.7ms | Allocations: 7669)


Started GET "/rails/active_storage/blobs/redirect/eyJfcmFpbHMiOnsibWVzc2FnZSI6IkJBaHBCZz09IiwiZXhwIjpudWxsLCJwdXIiOiJibG9iX2lkIn19--7ed88e521f4c226e26bae9ffed27e057227bd2c4/mobile.webp" for ::1 at 2026-09-29 19:14:08 +0530
Processing by ActiveStorage::Blobs::RedirectController#show as */*
  Parameters: {"signed_id"=>"eyJfcmFpbHMiOnsibWVzc2FnZSI6IkJBaHBCZz09IiwiZXhwIjpudWxsLCJwdXIiOiJibG9iX2lkIn19--7ed88e521f4c226e26bae9ffed27e057227bd2c4", "filename"=>"mobile"}
  [1m[36mActiveStorage::Blob Load (0.5ms)[0m  [1m[34mSELECT "active_storage_blobs".* FROM "active_storage_blobs" WHERE "active_storage_blobs"."id" = ? LIMIT ?[0m  [["id", 1], ["LIMIT", 1]]
[36m  Disk Storage (2.0ms) [0m[34mGenerated URL for file at key: 15es6vytljz4o06yvfwzckarf1sm (http://localhost:3000/rails/active_storage/disk/eyJfcmFpbHMiOnsibWVzc2FnZSI6IkJBaDdDVG9JYTJWNVNTSWhNVFZsY3paMmVYUnNhbm8wYnpBMmVYWm1kM3BqYTJGeVpqRnpiUVk2QmtWVU9oQmthWE53YjNOcGRHbHZia2tpUldGMGRHRmphRzFsYm5RN0lHWnBiR1Z1WVcxbFBTSnRiMkpwYkdVdWQyVmljQ0k3SUdacGJHVnVZVzFsS2oxVlZFWXRPQ2NuYlc5aWFXeGxMbmRsWW5BR093WlVPaEZqYjI1MFpXNTBYM1I1Y0dWSklnOXBiV0ZuWlM5M1pXSndCanNHVkRvUmMyVnlkbWxqWlY5dVlXMWxPZ3BzYjJOaGJBPT0iLCJleHAiOiIyMDI2LTA5LTI5VDEzOjQ5OjA5LjAxMFoiLCJwdXIiOiJibG9iX2tleSJ9fQ==--05e07abc395735c378a6ef652954a3b2fb7486ca/mobile.webp)[0m
Redirected to http://localhost:3000/rails/active_storage/disk/eyJfcmFpbHMiOnsibWVzc2FnZSI6IkJBaDdDVG9JYTJWNVNTSWhNVFZsY3paMmVYUnNhbm8wYnpBMmVYWm1kM3BqYTJGeVpqRnpiUVk2QmtWVU9oQmthWE53YjNOcGRHbHZia2tpUldGMGRHRmphRzFsYm5RN0lHWnBiR1Z1WVcxbFBTSnRiMkpwYkdVdWQyVmljQ0k3SUdacGJHVnVZVzFsS2oxVlZFWXRPQ2NuYlc5aWFXeGxMbmRsWW5BR093WlVPaEZqYjI1MFpXNTBYM1I1Y0dWSklnOXBiV0ZuWlM5M1pXSndCanNHVkRvUmMyVnlkbWxqWlY5dVlXMWxPZ3BzYjJOaGJBPT0iLCJleHAiOiIyMDI2LTA5LTI5VDEzOjQ5OjA5LjAxMFoiLCJwdXIiOiJibG9iX2tleSJ9fQ==--05e07abc395735c378a6ef652954a3b2fb7486ca/mobile.webp
Completed 302 Found in 11ms (ActiveRecord: 0.5ms | Allocations: 1354)


Started GET "/rails/active_storage/disk/eyJfcmFpbHMiOnsibWVzc2FnZSI6IkJBaDdDVG9JYTJWNVNTSWhNVFZsY3paMmVYUnNhbm8wYnpBMmVYWm1kM3BqYTJGeVpqRnpiUVk2QmtWVU9oQmthWE53YjNOcGRHbHZia2tpUldGMGRHRmphRzFsYm5RN0lHWnBiR1Z1WVcxbFBTSnRiMkpwYkdVdWQyVmljQ0k3SUdacGJHVnVZVzFsS2oxVlZFWXRPQ2NuYlc5aWFXeGxMbmRsWW5BR093WlVPaEZqYjI1MFpXNTBYM1I1Y0dWSklnOXBiV0ZuWlM5M1pXSndCanNHVkRvUmMyVnlkbWxqWlY5dVlXMWxPZ3BzYjJOaGJBPT0iLCJleHAiOiIyMDI2LTA5LTI5VDEzOjQ5OjA5LjAxMFoiLCJwdXIiOiJibG9iX2tleSJ9fQ==--05e07abc395735c378a6ef652954a3b2fb7486ca/mobile.webp" for ::1 at 2026-09-29 19:14:09 +0530
Processing by ActiveStorage::DiskController#show as */*
  Parameters: {"encoded_key"=>"[FILTERED]", "filename"=>"mobile"}
Completed 200 OK in 5ms (ActiveRecord: 0.0ms | Allocations: 185)


Started GET "/items/3" for ::1 at 2026-09-29 19:15:10 +0530
Processing by ItemsController#show as HTML
  Parameters: {"id"=>"3"}
  [1m[36mItem Load (0.6ms)[0m  [1m[34mSELECT "items".* FROM "items" WHERE "items"."id" = ? LIMIT ?[0m  [["id", 3], ["LIMIT", 1]]
  ↳ app/controllers/items_controller.rb:20:in `show'
  Rendering layout layouts/application.html.erb
  Rendering items/show.html.erb within layouts/application
  [1m[36mActiveStorage::Attachment Load (0.4ms)[0m  [1m[34mSELECT "active_storage_attachments".* FROM "active_storage_attachments" WHERE "active_storage_attachments"."record_id" = ? AND "active_storage_attachments"."record_type" = ? AND "active_storage_attachments"."name" = ? LIMIT ?[0m  [["record_id", 3], ["record_type", "Item"], ["name", "image"], ["LIMIT", 1]]
  ↳ app/views/items/show.html.erb:5
  Rendered items/show.html.erb within layouts/application (Duration: 4.7ms | Allocations: 1026)
  Rendered layout layouts/application.html.erb (Duration: 12.5ms | Allocations: 2543)
Completed 200 OK in 25ms (Views: 13.8ms | ActiveRecord: 1.0ms | Allocations: 3361)


Started DELETE "/items/3?_method=delete" for ::1 at 2026-09-29 19:15:16 +0530
Processing by ItemsController#destroy as TURBO_STREAM
  Parameters: {"id"=>"3"}
  [1m[36mItem Load (0.4ms)[0m  [1m[34mSELECT "items".* FROM "items" WHERE "items"."id" = ? LIMIT ?[0m  [["id", 3], ["LIMIT", 1]]
  ↳ app/controllers/items_controller.rb:52:in `destroy'
  [1m[36mTRANSACTION (0.1ms)[0m  [1m[36mbegin transaction[0m
  ↳ app/controllers/items_controller.rb:53:in `destroy'
  [1m[36mActiveStorage::Attachment Load (0.4ms)[0m  [1m[34mSELECT "active_storage_attachments".* FROM "active_storage_attachments" WHERE "active_storage_attachments"."record_id" = ? AND "active_storage_attachments"."record_type" = ? AND "active_storage_attachments"."name" = ? LIMIT ?[0m  [["record_id", 3], ["record_type", "Item"], ["name", "image"], ["LIMIT", 1]]
  ↳ app/controllers/items_controller.rb:53:in `destroy'
  [1m[36mItem Destroy (16.4ms)[0m  [1m[31mDELETE FROM "items" WHERE "items"."id" = ?[0m  [["id", 3]]
  ↳ app/controllers/items_controller.rb:53:in `destroy'
  [1m[36mTRANSACTION (4.2ms)[0m  [1m[36mcommit transaction[0m
  ↳ app/controllers/items_controller.rb:53:in `destroy'
Redirected to http://localhost:3000/items
Completed 302 Found in 48ms (ActiveRecord: 21.5ms | Allocations: 3537)


Started GET "/items" for ::1 at 2026-09-29 19:15:16 +0530
Processing by ItemsController#index as TURBO_STREAM
  Rendering layout layouts/application.html.erb
  Rendering items/index.html.erb within layouts/application
  [1m[36mItem Load (0.6ms)[0m  [1m[34mSELECT "items".* FROM "items" ORDER BY "items"."created_at" DESC[0m
  ↳ app/views/items/index.html.erb:36
  [1m[36mActiveStorage::Attachment Load (0.4ms)[0m  [1m[34mSELECT "active_storage_attachments".* FROM "active_storage_attachments" WHERE "active_storage_attachments"."record_id" = ? AND "active_storage_attachments"."record_type" = ? AND "active_storage_attachments"."name" = ? LIMIT ?[0m  [["record_id", 4], ["record_type", "Item"], ["name", "image"], ["LIMIT", 1]]
  ↳ app/views/items/index.html.erb:40
  [1m[36mActiveStorage::Blob Load (0.3ms)[0m  [1m[34mSELECT "active_storage_blobs".* FROM "active_storage_blobs" WHERE "active_storage_blobs"."id" = ? LIMIT ?[0m  [["id", 1], ["LIMIT", 1]]
  ↳ app/views/items/index.html.erb:41
  [1m[36mActiveStorage::Attachment Load (0.5ms)[0m  [1m[34mSELECT "active_storage_attachments".* FROM "active_storage_attachments" WHERE "active_storage_attachments"."record_id" = ? AND "active_storage_attachments"."record_type" = ? AND "active_storage_attachments"."name" = ? LIMIT ?[0m  [["record_id", 2], ["record_type", "Item"], ["name", "image"], ["LIMIT", 1]]
  ↳ app/views/items/index.html.erb:40
  Rendered items/index.html.erb within layouts/application (Duration: 20.2ms | Allocations: 4657)
  Rendered layout layouts/application.html.erb (Duration: 28.4ms | Allocations: 6168)
Completed 200 OK in 35ms (Views: 28.3ms | ActiveRecord: 1.8ms | Allocations: 6509)


Started GET "/items/4" for ::1 at 2026-09-29 19:15:21 +0530
Processing by ItemsController#show as HTML
  Parameters: {"id"=>"4"}
  [1m[36mItem Load (0.4ms)[0m  [1m[34mSELECT "items".* FROM "items" WHERE "items"."id" = ? LIMIT ?[0m  [["id", 4], ["LIMIT", 1]]
  ↳ app/controllers/items_controller.rb:20:in `show'
  Rendering layout layouts/application.html.erb
  Rendering items/show.html.erb within layouts/application
  [1m[36mActiveStorage::Attachment Load (0.8ms)[0m  [1m[34mSELECT "active_storage_attachments".* FROM "active_storage_attachments" WHERE "active_storage_attachments"."record_id" = ? AND "active_storage_attachments"."record_type" = ? AND "active_storage_attachments"."name" = ? LIMIT ?[0m  [["record_id", 4], ["record_type", "Item"], ["name", "image"], ["LIMIT", 1]]
  ↳ app/views/items/show.html.erb:5
  [1m[36mActiveStorage::Blob Load (0.3ms)[0m  [1m[34mSELECT "active_storage_blobs".* FROM "active_storage_blobs" WHERE "active_storage_blobs"."id" = ? LIMIT ?[0m  [["id", 1], ["LIMIT", 1]]
  ↳ app/views/items/show.html.erb:6
  Rendered items/show.html.erb within layouts/application (Duration: 10.4ms | Allocations: 1940)
  Rendered layout layouts/application.html.erb (Duration: 20.6ms | Allocations: 3459)
Completed 200 OK in 31ms (Views: 21.1ms | ActiveRecord: 1.5ms | Allocations: 4226)


Started DELETE "/items/4?_method=delete" for ::1 at 2026-09-29 19:15:29 +0530
Processing by ItemsController#destroy as TURBO_STREAM
  Parameters: {"id"=>"4"}
  [1m[36mItem Load (0.4ms)[0m  [1m[34mSELECT "items".* FROM "items" WHERE "items"."id" = ? LIMIT ?[0m  [["id", 4], ["LIMIT", 1]]
  ↳ app/controllers/items_controller.rb:52:in `destroy'
  [1m[36mTRANSACTION (0.1ms)[0m  [1m[36mbegin transaction[0m
  ↳ app/controllers/items_controller.rb:53:in `destroy'
  [1m[36mActiveStorage::Attachment Load (0.3ms)[0m  [1m[34mSELECT "active_storage_attachments".* FROM "active_storage_attachments" WHERE "active_storage_attachments"."record_id" = ? AND "active_storage_attachments"."record_type" = ? AND "active_storage_attachments"."name" = ? LIMIT ?[0m  [["record_id", 4], ["record_type", "Item"], ["name", "image"], ["LIMIT", 1]]
  ↳ app/controllers/items_controller.rb:53:in `destroy'
  [1m[36mActiveStorage::Attachment Destroy (1.7ms)[0m  [1m[31mDELETE FROM "active_storage_attachments" WHERE "active_storage_attachments"."id" = ?[0m  [["id", 1]]
  ↳ app/controllers/items_controller.rb:53:in `destroy'
  [1m[36mItem Destroy (0.5ms)[0m  [1m[31mDELETE FROM "items" WHERE "items"."id" = ?[0m  [["id", 4]]
  ↳ app/controllers/items_controller.rb:53:in `destroy'
  [1m[36mTRANSACTION (3.2ms)[0m  [1m[36mcommit transaction[0m
  ↳ app/controllers/items_controller.rb:53:in `destroy'
  [1m[36mActiveStorage::Blob Load (0.4ms)[0m  [1m[34mSELECT "active_storage_blobs".* FROM "active_storage_blobs" WHERE "active_storage_blobs"."id" = ? LIMIT ?[0m  [["id", 1], ["LIMIT", 1]]
  ↳ app/controllers/items_controller.rb:53:in `destroy'
[ActiveJob] Enqueued ActiveStorage::PurgeJob (Job ID: 6fe3df7d-5302-4ff6-a894-4b5e024f8098) to Async(default) with arguments: #<GlobalID:0x000001e663c37800 @uri=#<URI::GID gid://lost-and-found/ActiveStorage::Blob/1>>
Redirected to http://localhost:3000/items
Completed 302 Found in 228ms (ActiveRecord: 6.6ms | Allocations: 11747)


Started GET "/items" for ::1 at 2026-09-29 19:15:30 +0530
[ActiveJob] [ActiveStorage::PurgeJob] [6fe3df7d-5302-4ff6-a894-4b5e024f8098]   [1m[36mActiveStorage::Blob Load (0.4ms)[0m  [1m[34mSELECT "active_storage_blobs".* FROM "active_storage_blobs" WHERE "active_storage_blobs"."id" = ? LIMIT ?[0m  [["id", 1], ["LIMIT", 1]]
[ActiveJob] [ActiveStorage::PurgeJob] [6fe3df7d-5302-4ff6-a894-4b5e024f8098] Performing ActiveStorage::PurgeJob (Job ID: 6fe3df7d-5302-4ff6-a894-4b5e024f8098) from Async(default) enqueued at 2026-09-29T13:45:29Z with arguments: #<GlobalID:0x000001e663c55cb0 @uri=#<URI::GID gid://lost-and-found/ActiveStorage::Blob/1>>
[ActiveJob] [ActiveStorage::PurgeJob] [6fe3df7d-5302-4ff6-a894-4b5e024f8098]   [1m[36mTRANSACTION (0.4ms)[0m  [1m[36mbegin transaction[0m
[ActiveJob] [ActiveStorage::PurgeJob] [6fe3df7d-5302-4ff6-a894-4b5e024f8098]   [1m[36mActiveStorage::Attachment Exists? (0.7ms)[0m  [1m[34mSELECT 1 AS one FROM "active_storage_attachments" WHERE "active_storage_attachments"."blob_id" = ? LIMIT ?[0m  [["blob_id", 1], ["LIMIT", 1]]
[ActiveJob] [ActiveStorage::PurgeJob] [6fe3df7d-5302-4ff6-a894-4b5e024f8098]   [1m[36mActiveStorage::VariantRecord Load (0.2ms)[0m  [1m[34mSELECT "active_storage_variant_records".* FROM "active_storage_variant_records" WHERE "active_storage_variant_records"."blob_id" = ?[0m  [["blob_id", 1]]
[ActiveJob] [ActiveStorage::PurgeJob] [6fe3df7d-5302-4ff6-a894-4b5e024f8098]   [1m[36mActiveStorage::Attachment Load (0.2ms)[0m  [1m[34mSELECT "active_storage_attachments".* FROM "active_storage_attachments" WHERE "active_storage_attachments"."record_id" = ? AND "active_storage_attachments"."record_type" = ? AND "active_storage_attachments"."name" = ? LIMIT ?[0m  [["record_id", 1], ["record_type", "ActiveStorage::Blob"], ["name", "preview_image"], ["LIMIT", 1]]
[ActiveJob] [ActiveStorage::PurgeJob] [6fe3df7d-5302-4ff6-a894-4b5e024f8098]   [1m[36mActiveStorage::Blob Destroy (1.7ms)[0m  [1m[31mDELETE FROM "active_storage_blobs" WHERE "active_storage_blobs"."id" = ?[0m  [["id", 1]]
[ActiveJob] [ActiveStorage::PurgeJob] [6fe3df7d-5302-4ff6-a894-4b5e024f8098]   [1m[36mTRANSACTION (5.2ms)[0m  [1m[36mcommit transaction[0m
[ActiveJob] [ActiveStorage::PurgeJob] [6fe3df7d-5302-4ff6-a894-4b5e024f8098] [36m  Disk Storage (1.0ms) [0m[31mDeleted file from key: 15es6vytljz4o06yvfwzckarf1sm[0m
[ActiveJob] [ActiveStorage::PurgeJob] [6fe3df7d-5302-4ff6-a894-4b5e024f8098] [36m  Disk Storage (0.8ms) [0m[31mDeleted files by key prefix: variants/15es6vytljz4o06yvfwzckarf1sm/[0m
[ActiveJob] [ActiveStorage::PurgeJob] [6fe3df7d-5302-4ff6-a894-4b5e024f8098] Performed ActiveStorage::PurgeJob (Job ID: 6fe3df7d-5302-4ff6-a894-4b5e024f8098) from Async(default) in 102.97ms
Processing by ItemsController#index as TURBO_STREAM
  Rendering layout layouts/application.html.erb
  Rendering items/index.html.erb within layouts/application
  [1m[36mItem Load (0.4ms)[0m  [1m[34mSELECT "items".* FROM "items" ORDER BY "items"."created_at" DESC[0m
  ↳ app/views/items/index.html.erb:36
  [1m[36mActiveStorage::Attachment Load (0.5ms)[0m  [1m[34mSELECT "active_storage_attachments".* FROM "active_storage_attachments" WHERE "active_storage_attachments"."record_id" = ? AND "active_storage_attachments"."record_type" = ? AND "active_storage_attachments"."name" = ? LIMIT ?[0m  [["record_id", 2], ["record_type", "Item"], ["name", "image"], ["LIMIT", 1]]
  ↳ app/views/items/index.html.erb:40
  Rendered items/index.html.erb within layouts/application (Duration: 9.9ms | Allocations: 2900)
  Rendered layout layouts/application.html.erb (Duration: 17.4ms | Allocations: 4581)
Completed 200 OK in 24ms (Views: 18.4ms | ActiveRecord: 0.9ms | Allocations: 4997)


Started GET "/items/2" for ::1 at 2026-09-29 19:15:32 +0530
Processing by ItemsController#show as HTML
  Parameters: {"id"=>"2"}
  [1m[36mItem Load (0.3ms)[0m  [1m[34mSELECT "items".* FROM "items" WHERE "items"."id" = ? LIMIT ?[0m  [["id", 2], ["LIMIT", 1]]
  ↳ app/controllers/items_controller.rb:20:in `show'
  Rendering layout layouts/application.html.erb
  Rendering items/show.html.erb within layouts/application
  [1m[36mActiveStorage::Attachment Load (0.3ms)[0m  [1m[34mSELECT "active_storage_attachments".* FROM "active_storage_attachments" WHERE "active_storage_attachments"."record_id" = ? AND "active_storage_attachments"."record_type" = ? AND "active_storage_attachments"."name" = ? LIMIT ?[0m  [["record_id", 2], ["record_type", "Item"], ["name", "image"], ["LIMIT", 1]]
  ↳ app/views/items/show.html.erb:5
  Rendered items/show.html.erb within layouts/application (Duration: 3.8ms | Allocations: 1028)
  Rendered layout layouts/application.html.erb (Duration: 11.8ms | Allocations: 2520)
Completed 200 OK in 23ms (Views: 12.9ms | ActiveRecord: 0.7ms | Allocations: 3293)


Started DELETE "/items/2?_method=delete" for ::1 at 2026-09-29 19:15:36 +0530
Processing by ItemsController#destroy as TURBO_STREAM
  Parameters: {"id"=>"2"}
  [1m[36mItem Load (0.5ms)[0m  [1m[34mSELECT "items".* FROM "items" WHERE "items"."id" = ? LIMIT ?[0m  [["id", 2], ["LIMIT", 1]]
  ↳ app/controllers/items_controller.rb:52:in `destroy'
  [1m[36mTRANSACTION (0.1ms)[0m  [1m[36mbegin transaction[0m
  ↳ app/controllers/items_controller.rb:53:in `destroy'
  [1m[36mActiveStorage::Attachment Load (0.4ms)[0m  [1m[34mSELECT "active_storage_attachments".* FROM "active_storage_attachments" WHERE "active_storage_attachments"."record_id" = ? AND "active_storage_attachments"."record_type" = ? AND "active_storage_attachments"."name" = ? LIMIT ?[0m  [["record_id", 2], ["record_type", "Item"], ["name", "image"], ["LIMIT", 1]]
  ↳ app/controllers/items_controller.rb:53:in `destroy'
  [1m[36mItem Destroy (13.3ms)[0m  [1m[31mDELETE FROM "items" WHERE "items"."id" = ?[0m  [["id", 2]]
  ↳ app/controllers/items_controller.rb:53:in `destroy'
  [1m[36mTRANSACTION (3.5ms)[0m  [1m[36mcommit transaction[0m
  ↳ app/controllers/items_controller.rb:53:in `destroy'
Redirected to http://localhost:3000/items
Completed 302 Found in 40ms (ActiveRecord: 17.9ms | Allocations: 3476)


Started GET "/items" for ::1 at 2026-09-29 19:15:37 +0530
Processing by ItemsController#index as TURBO_STREAM
  Rendering layout layouts/application.html.erb
  Rendering items/index.html.erb within layouts/application
  [1m[36mItem Load (0.4ms)[0m  [1m[34mSELECT "items".* FROM "items" ORDER BY "items"."created_at" DESC[0m
  ↳ app/views/items/index.html.erb:36
  Rendered items/index.html.erb within layouts/application (Duration: 4.6ms | Allocations: 1905)
  Rendered layout layouts/application.html.erb (Duration: 11.3ms | Allocations: 3427)
Completed 200 OK in 19ms (Views: 12.6ms | ActiveRecord: 0.4ms | Allocations: 3767)


Started GET "/" for ::1 at 2026-09-29 19:18:13 +0530
Processing by ItemsController#index as HTML
  Rendering layout layouts/application.html.erb
  Rendering items/index.html.erb within layouts/application
  [1m[36mItem Load (0.3ms)[0m  [1m[34mSELECT "items".* FROM "items" ORDER BY "items"."created_at" DESC[0m
  ↳ app/views/items/index.html.erb:36
  Rendered items/index.html.erb within layouts/application (Duration: 3.6ms | Allocations: 1905)
  Rendered layout layouts/application.html.erb (Duration: 9.3ms | Allocations: 3406)
Completed 200 OK in 18ms (Views: 10.8ms | ActiveRecord: 0.3ms | Allocations: 3743)


Started GET "/" for ::1 at 2026-09-29 19:22:00 +0530
Processing by ItemsController#index as HTML
  Rendering layout layouts/application.html.erb
  Rendering items/index.html.erb within layouts/application
  [1m[36mItem Load (0.5ms)[0m  [1m[34mSELECT "items".* FROM "items" ORDER BY "items"."created_at" DESC[0m
  ↳ app/views/items/index.html.erb:36
  Rendered items/index.html.erb within layouts/application (Duration: 6.1ms | Allocations: 1905)
  Rendered layout layouts/application.html.erb (Duration: 307.2ms | Allocations: 5107)
Completed 200 OK in 316ms (Views: 311.0ms | ActiveRecord: 0.5ms | Allocations: 5444)


Started GET "/" for ::1 at 2026-09-29 19:22:13 +0530
Processing by ItemsController#index as HTML
  Rendering layout layouts/application.html.erb
  Rendering items/index.html.erb within layouts/application
  [1m[36mItem Load (0.6ms)[0m  [1m[34mSELECT "items".* FROM "items" ORDER BY "items"."created_at" DESC[0m
  ↳ app/views/items/index.html.erb:36
  Rendered items/index.html.erb within layouts/application (Duration: 7.6ms | Allocations: 1905)
  Rendered layout layouts/application.html.erb (Duration: 16.1ms | Allocations: 3394)
Completed 200 OK in 32ms (Views: 24.5ms | ActiveRecord: 0.6ms | Allocations: 3731)


Started GET "/" for ::1 at 2026-09-29 19:22:16 +0530
Processing by ItemsController#index as HTML
  Rendering layout layouts/application.html.erb
  Rendering items/index.html.erb within layouts/application
  [1m[36mItem Load (0.4ms)[0m  [1m[34mSELECT "items".* FROM "items" ORDER BY "items"."created_at" DESC[0m
  ↳ app/views/items/index.html.erb:36
  Rendered items/index.html.erb within layouts/application (Duration: 3.7ms | Allocations: 1905)
  Rendered layout layouts/application.html.erb (Duration: 16.0ms | Allocations: 3424)
Completed 200 OK in 27ms (Views: 17.9ms | ActiveRecord: 0.4ms | Allocations: 3761)


Started GET "/items/new" for ::1 at 2026-09-29 19:22:20 +0530
Processing by ItemsController#new as HTML
  Rendering layout layouts/application.html.erb
  Rendering items/new.html.erb within layouts/application
  Rendered items/new.html.erb within layouts/application (Duration: 7.7ms | Allocations: 2120)
  Rendered layout layouts/application.html.erb (Duration: 18.2ms | Allocations: 3458)
Completed 200 OK in 31ms (Views: 20.1ms | ActiveRecord: 0.0ms | Allocations: 3774)


Started GET "/items/new" for ::1 at 2026-09-29 19:22:24 +0530
Processing by ItemsController#new as HTML
  Rendering layout layouts/application.html.erb
  Rendering items/new.html.erb within layouts/application
  Rendered items/new.html.erb within layouts/application (Duration: 4.8ms | Allocations: 2060)
  Rendered layout layouts/application.html.erb (Duration: 12.6ms | Allocations: 3402)
Completed 200 OK in 22ms (Views: 15.2ms | ActiveRecord: 0.0ms | Allocations: 3713)


Started GET "/items/new" for ::1 at 2026-09-29 19:22:27 +0530
Processing by ItemsController#new as HTML
  Rendering layout layouts/application.html.erb
  Rendering items/new.html.erb within layouts/application
  Rendered items/new.html.erb within layouts/application (Duration: 6.1ms | Allocations: 2051)
  Rendered layout layouts/application.html.erb (Duration: 15.0ms | Allocations: 3393)
Completed 200 OK in 22ms (Views: 17.2ms | ActiveRecord: 0.0ms | Allocations: 3703)


Started GET "/" for ::1 at 2026-09-29 19:22:28 +0530
Processing by ItemsController#index as HTML
  Rendering layout layouts/application.html.erb
  Rendering items/index.html.erb within layouts/application
  [1m[36mItem Load (1.5ms)[0m  [1m[34mSELECT "items".* FROM "items" ORDER BY "items"."created_at" DESC[0m
  ↳ app/views/items/index.html.erb:36
  Rendered items/index.html.erb within layouts/application (Duration: 7.5ms | Allocations: 1906)
  Rendered layout layouts/application.html.erb (Duration: 14.7ms | Allocations: 3437)
Completed 200 OK in 21ms (Views: 14.8ms | ActiveRecord: 1.5ms | Allocations: 3777)


Started GET "/" for ::1 at 2026-09-29 19:22:30 +0530
Processing by ItemsController#index as HTML
  Rendering layout layouts/application.html.erb
  Rendering items/index.html.erb within layouts/application
  [1m[36mItem Load (0.4ms)[0m  [1m[34mSELECT "items".* FROM "items" ORDER BY "items"."created_at" DESC[0m
  ↳ app/views/items/index.html.erb:36
  Rendered items/index.html.erb within layouts/application (Duration: 4.5ms | Allocations: 1906)
  Rendered layout layouts/application.html.erb (Duration: 17.1ms | Allocations: 3431)
Completed 200 OK in 28ms (Views: 18.3ms | ActiveRecord: 0.4ms | Allocations: 3769)


Started GET "/" for ::1 at 2026-09-29 19:22:32 +0530
Processing by ItemsController#index as HTML
  Rendering layout layouts/application.html.erb
  Rendering items/index.html.erb within layouts/application
  [1m[36mItem Load (0.4ms)[0m  [1m[34mSELECT "items".* FROM "items" ORDER BY "items"."created_at" DESC[0m
  ↳ app/views/items/index.html.erb:36
  Rendered items/index.html.erb within layouts/application (Duration: 7.4ms | Allocations: 1905)
  Rendered layout layouts/application.html.erb (Duration: 18.3ms | Allocations: 3434)
Completed 200 OK in 27ms (Views: 20.4ms | ActiveRecord: 0.4ms | Allocations: 3771)


Started GET "/" for ::1 at 2026-09-29 19:27:36 +0530
Processing by ItemsController#index as HTML
  Rendering layout layouts/application.html.erb
  Rendering items/index.html.erb within layouts/application
  [1m[36mItem Load (0.4ms)[0m  [1m[34mSELECT "items".* FROM "items" ORDER BY "items"."created_at" DESC[0m
  ↳ app/views/items/index.html.erb:36
  Rendered items/index.html.erb within layouts/application (Duration: 6.6ms | Allocations: 1905)
  Rendered layout layouts/application.html.erb (Duration: 13.5ms | Allocations: 3394)
Completed 200 OK in 21ms (Views: 14.9ms | ActiveRecord: 0.4ms | Allocations: 3731)


Started GET "/" for ::1 at 2026-09-29 19:27:46 +0530
Processing by ItemsController#index as HTML
  Rendering layout layouts/application.html.erb
  Rendering items/index.html.erb within layouts/application
  [1m[36mItem Load (0.4ms)[0m  [1m[34mSELECT "items".* FROM "items" ORDER BY "items"."created_at" DESC[0m
  ↳ app/views/items/index.html.erb:36
  Rendered items/index.html.erb within layouts/application (Duration: 4.0ms | Allocations: 1905)
  Rendered layout layouts/application.html.erb (Duration: 10.6ms | Allocations: 3418)
Completed 200 OK in 18ms (Views: 11.9ms | ActiveRecord: 0.4ms | Allocations: 3755)


Started GET "/" for ::1 at 2026-09-29 19:27:54 +0530
Processing by ItemsController#index as HTML
  Rendering layout layouts/application.html.erb
  Rendering items/index.html.erb within layouts/application
  [1m[36mItem Load (0.3ms)[0m  [1m[34mSELECT "items".* FROM "items" ORDER BY "items"."created_at" DESC[0m
  ↳ app/views/items/index.html.erb:36
  Rendered items/index.html.erb within layouts/application (Duration: 4.1ms | Allocations: 1905)
  Rendered layout layouts/application.html.erb (Duration: 10.5ms | Allocations: 3410)
Completed 200 OK in 20ms (Views: 11.9ms | ActiveRecord: 0.3ms | Allocations: 3750)


Started GET "/" for ::1 at 2026-09-29 19:27:58 +0530
Processing by ItemsController#index as HTML
  Rendering layout layouts/application.html.erb
  Rendering items/index.html.erb within layouts/application
  [1m[36mItem Load (0.3ms)[0m  [1m[34mSELECT "items".* FROM "items" ORDER BY "items"."created_at" DESC[0m
  ↳ app/views/items/index.html.erb:36
  Rendered items/index.html.erb within layouts/application (Duration: 3.5ms | Allocations: 1906)
  Rendered layout layouts/application.html.erb (Duration: 9.4ms | Allocations: 3431)
Completed 200 OK in 16ms (Views: 10.5ms | ActiveRecord: 0.3ms | Allocations: 3768)


Started GET "/" for ::1 at 2026-09-29 19:30:47 +0530
Processing by ItemsController#index as HTML
  Rendering layout layouts/application.html.erb
  Rendering items/index.html.erb within layouts/application
  [1m[36mItem Load (0.3ms)[0m  [1m[34mSELECT "items".* FROM "items" ORDER BY "items"."created_at" DESC[0m
  ↳ app/views/items/index.html.erb:36
  Rendered items/index.html.erb within layouts/application (Duration: 5.4ms | Allocations: 1905)
  Rendered layout layouts/application.html.erb (Duration: 14.9ms | Allocations: 3433)
Completed 200 OK in 23ms (Views: 16.1ms | ActiveRecord: 0.3ms | Allocations: 3770)


Started GET "/items/new" for ::1 at 2026-09-29 19:31:36 +0530
Processing by ItemsController#new as HTML
  Rendering layout layouts/application.html.erb
  Rendering items/new.html.erb within layouts/application
  Rendered items/new.html.erb within layouts/application (Duration: 5.7ms | Allocations: 2081)
  Rendered layout layouts/application.html.erb (Duration: 14.9ms | Allocations: 3419)
Completed 200 OK in 22ms (Views: 16.8ms | ActiveRecord: 0.0ms | Allocations: 3731)


Started GET "/items/new" for ::1 at 2026-09-29 19:31:43 +0530
Processing by ItemsController#new as HTML
  Rendering layout layouts/application.html.erb
  Rendering items/new.html.erb within layouts/application
  Rendered items/new.html.erb within layouts/application (Duration: 10.6ms | Allocations: 2051)
  Rendered layout layouts/application.html.erb (Duration: 23.0ms | Allocations: 3404)
Completed 200 OK in 30ms (Views: 24.7ms | ActiveRecord: 0.0ms | Allocations: 3716)


Started GET "/" for ::1 at 2026-09-29 19:31:59 +0530
Processing by ItemsController#index as HTML
  Rendering layout layouts/application.html.erb
  Rendering items/index.html.erb within layouts/application
  [1m[36mItem Load (0.4ms)[0m  [1m[34mSELECT "items".* FROM "items" ORDER BY "items"."created_at" DESC[0m
  ↳ app/views/items/index.html.erb:36
  Rendered items/index.html.erb within layouts/application (Duration: 5.0ms | Allocations: 1906)
  Rendered layout layouts/application.html.erb (Duration: 12.7ms | Allocations: 3413)
Completed 200 OK in 21ms (Views: 14.3ms | ActiveRecord: 0.4ms | Allocations: 3751)


Started GET "/.well-known/appspecific/com.chrome.devtools.json" for ::1 at 2026-09-29 19:32:30 +0530
  
ActionController::RoutingError (No route matches [GET] "/.well-known/appspecific/com.chrome.devtools.json"):
  
Started GET "/" for ::1 at 2026-09-29 19:41:16 +0530
Processing by ItemsController#index as HTML
  Rendering layout layouts/application.html.erb
  Rendering items/index.html.erb within layouts/application
  [1m[36mItem Load (0.6ms)[0m  [1m[34mSELECT "items".* FROM "items" ORDER BY "items"."created_at" DESC[0m
  ↳ app/views/items/index.html.erb:36
  Rendered items/index.html.erb within layouts/application (Duration: 6.1ms | Allocations: 2059)
  Rendered layout layouts/application.html.erb (Duration: 13.6ms | Allocations: 3742)
Completed 200 OK in 26ms (Views: 14.9ms | ActiveRecord: 2.2ms | Allocations: 4305)


Started GET "/" for ::1 at 2026-09-29 19:41:19 +0530
Processing by ItemsController#index as HTML
  Rendering layout layouts/application.html.erb
  Rendering items/index.html.erb within layouts/application
  [1m[36mItem Load (0.8ms)[0m  [1m[34mSELECT "items".* FROM "items" ORDER BY "items"."created_at" DESC[0m
  ↳ app/views/items/index.html.erb:36
  Rendered items/index.html.erb within layouts/application (Duration: 6.8ms | Allocations: 1905)
  Rendered layout layouts/application.html.erb (Duration: 14.8ms | Allocations: 3412)
Completed 200 OK in 23ms (Views: 15.9ms | ActiveRecord: 0.8ms | Allocations: 3749)


Started GET "/" for ::1 at 2026-09-29 19:41:23 +0530
Processing by ItemsController#index as HTML
  Rendering layout layouts/application.html.erb
  Rendering items/index.html.erb within layouts/application
  [1m[36mItem Load (0.4ms)[0m  [1m[34mSELECT "items".* FROM "items" ORDER BY "items"."created_at" DESC[0m
  ↳ app/views/items/index.html.erb:36
  Rendered items/index.html.erb within layouts/application (Duration: 4.3ms | Allocations: 1906)
  Rendered layout layouts/application.html.erb (Duration: 13.4ms | Allocations: 3416)
Completed 200 OK in 23ms (Views: 14.9ms | ActiveRecord: 0.4ms | Allocations: 3753)


Started GET "/items/new" for ::1 at 2026-09-29 19:53:35 +0530
Processing by ItemsController#new as HTML
  Rendering layout layouts/application.html.erb
  Rendering items/new.html.erb within layouts/application
  Rendered items/new.html.erb within layouts/application (Duration: 6.7ms | Allocations: 2115)
  Rendered layout layouts/application.html.erb (Duration: 18.6ms | Allocations: 3457)
Completed 200 OK in 29ms (Views: 21.5ms | ActiveRecord: 0.0ms | Allocations: 3776)


Started GET "/items/new" for ::1 at 2026-09-29 19:53:35 +0530
Processing by ItemsController#new as HTML
  Rendering layout layouts/application.html.erb
  Rendering items/new.html.erb within layouts/application
  Rendered items/new.html.erb within layouts/application (Duration: 4.2ms | Allocations: 2039)
  Rendered layout layouts/application.html.erb (Duration: 12.4ms | Allocations: 3377)
Completed 200 OK in 22ms (Views: 14.5ms | ActiveRecord: 0.0ms | Allocations: 3687)


  [1m[36mActiveRecord::SchemaMigration Pluck (0.3ms)[0m  [1m[34mSELECT "schema_migrations"."version" FROM "schema_migrations" ORDER BY "schema_migrations"."version" ASC[0m
  [1m[36mActiveRecord::InternalMetadata Load (0.3ms)[0m  [1m[34mSELECT "ar_internal_metadata".* FROM "ar_internal_metadata" WHERE "ar_internal_metadata"."key" = ? LIMIT ?[0m  [["key", "environment"], ["LIMIT", 1]]
  [1m[36mActiveRecord::SchemaMigration Pluck (0.1ms)[0m  [1m[34mSELECT "schema_migrations"."version" FROM "schema_migrations" ORDER BY "schema_migrations"."version" ASC[0m
  [1m[36mActiveRecord::SchemaMigration Pluck (0.3ms)[0m  [1m[34mSELECT "schema_migrations"."version" FROM "schema_migrations" ORDER BY "schema_migrations"."version" ASC[0m
  [1m[36mActiveRecord::SchemaMigration Pluck (0.3ms)[0m  [1m[34mSELECT "schema_migrations"."version" FROM "schema_migrations" ORDER BY "schema_migrations"."version" ASC[0m
Migrating to CreateAdmins (20260929155830)
  [1m[36mTRANSACTION (0.1ms)[0m  [1m[36mbegin transaction[0m
  [1m[35m (1.5ms)[0m  [1m[35mCREATE TABLE "admins" ("id" integer PRIMARY KEY AUTOINCREMENT NOT NULL, "username" varchar, "password_digest" varchar, "created_at" datetime(6) NOT NULL, "updated_at" datetime(6) NOT NULL)[0m
  [1m[36mActiveRecord::SchemaMigration Create (0.3ms)[0m  [1m[32mINSERT INTO "schema_migrations" ("version") VALUES (?)[0m  [["version", "20260929155830"]]
  [1m[36mTRANSACTION (1.9ms)[0m  [1m[36mcommit transaction[0m
  [1m[36mActiveRecord::InternalMetadata Load (0.4ms)[0m  [1m[34mSELECT "ar_internal_metadata".* FROM "ar_internal_metadata" WHERE "ar_internal_metadata"."key" = ? LIMIT ?[0m  [["key", "environment"], ["LIMIT", 1]]
  [1m[36mActiveRecord::SchemaMigration Pluck (0.1ms)[0m  [1m[34mSELECT "schema_migrations"."version" FROM "schema_migrations" ORDER BY "schema_migrations"."version" ASC[0m
  [1m[36mTRANSACTION (0.3ms)[0m  [1m[36mbegin transaction[0m
  [1m[36mAdmin Create (8.4ms)[0m  [1m[32mINSERT INTO "admins" ("username", "password_digest", "created_at", "updated_at") VALUES (?, ?, ?, ?)[0m  [["username", "admin"], ["password_digest", "[FILTERED]"], ["created_at", "2026-09-29 16:00:04.623782"], ["updated_at", "2026-09-29 16:00:04.623782"]]
  [1m[36mTRANSACTION (13.0ms)[0m  [1m[36mcommit transaction[0m
Started GET "/admin/login" for ::1 at 2026-09-29 21:53:49 +0530
  [1m[36mActiveRecord::SchemaMigration Pluck (0.3ms)[0m  [1m[34mSELECT "schema_migrations"."version" FROM "schema_migrations" ORDER BY "schema_migrations"."version" ASC[0m
Processing by AdminSessionsController#new as HTML
  Rendering layout layouts/application.html.erb
  Rendering admin_sessions/new.html.erb within layouts/application
  Rendered admin_sessions/new.html.erb within layouts/application (Duration: 12.3ms | Allocations: 3001)
  Rendered layout layouts/application.html.erb (Duration: 63.7ms | Allocations: 24209)
Completed 200 OK in 78ms (Views: 71.8ms | ActiveRecord: 0.0ms | Allocations: 25292)


Started POST "/admin/login" for ::1 at 2026-09-29 21:54:03 +0530
Processing by AdminSessionsController#create as TURBO_STREAM
  Parameters: {"authenticity_token"=>"[FILTERED]", "username"=>"eniyae24cs@psnacet.edu.in", "password"=>"[FILTERED]", "commit"=>"Login"}
Completed 500 Internal Server Error in 84ms (ActiveRecord: 0.0ms | Allocations: 3039)


  
LoadError (cannot load such file -- bcrypt):
  
app/models/admin.rb:2:in `<class:Admin>'
app/models/admin.rb:1:in `<main>'
app/controllers/admin_sessions_controller.rb:7:in `create'
Started GET "/" for ::1 at 2026-09-29 21:55:26 +0530
Processing by ItemsController#index as HTML
  Rendering layout layouts/application.html.erb
  Rendering items/index.html.erb within layouts/application
  [1m[36mItem Load (0.4ms)[0m  [1m[34mSELECT "items".* FROM "items" ORDER BY "items"."created_at" DESC[0m
  ↳ app/views/items/index.html.erb:36
  Rendered items/index.html.erb within layouts/application (Duration: 6.3ms | Allocations: 2638)
  Rendered layout layouts/application.html.erb (Duration: 11.7ms | Allocations: 4417)
Completed 200 OK in 34ms (Views: 17.4ms | ActiveRecord: 0.4ms | Allocations: 6722)


Started GET "/admin/login" for ::1 at 2026-09-29 21:55:30 +0530
Processing by AdminSessionsController#new as HTML
  Rendering layout layouts/application.html.erb
  Rendering admin_sessions/new.html.erb within layouts/application
  Rendered admin_sessions/new.html.erb within layouts/application (Duration: 10.2ms | Allocations: 2347)
  Rendered layout layouts/application.html.erb (Duration: 17.3ms | Allocations: 3693)
Completed 200 OK in 23ms (Views: 18.8ms | ActiveRecord: 0.0ms | Allocations: 4002)


Started POST "/admin/login" for ::1 at 2026-09-29 21:55:45 +0530
Processing by AdminSessionsController#create as TURBO_STREAM
  Parameters: {"authenticity_token"=>"[FILTERED]", "username"=>"admin", "password"=>"[FILTERED]", "commit"=>"Login"}
Completed 500 Internal Server Error in 14ms (ActiveRecord: 0.0ms | Allocations: 1412)


  
LoadError (cannot load such file -- bcrypt):
  
app/models/admin.rb:2:in `<class:Admin>'
app/models/admin.rb:1:in `<main>'
app/controllers/admin_sessions_controller.rb:7:in `create'
Started GET "/" for ::1 at 2026-09-29 21:58:20 +0530
Processing by ItemsController#index as HTML
  Rendering layout layouts/application.html.erb
  Rendering items/index.html.erb within layouts/application
  [1m[36mItem Load (0.4ms)[0m  [1m[34mSELECT "items".* FROM "items" ORDER BY "items"."created_at" DESC[0m
  ↳ app/views/items/index.html.erb:36
  Rendered items/index.html.erb within layouts/application (Duration: 3.5ms | Allocations: 2164)
  Rendered layout layouts/application.html.erb (Duration: 42.4ms | Allocations: 23376)
Completed 200 OK in 60ms (Views: 44.3ms | ActiveRecord: 1.0ms | Allocations: 26329)


Started GET "/admin/login" for ::1 at 2026-09-29 21:58:23 +0530
Processing by AdminSessionsController#new as HTML
  Rendering layout layouts/application.html.erb
  Rendering admin_sessions/new.html.erb within layouts/application
  Rendered admin_sessions/new.html.erb within layouts/application (Duration: 2.8ms | Allocations: 2538)
  Rendered layout layouts/application.html.erb (Duration: 8.7ms | Allocations: 4069)
Completed 200 OK in 16ms (Views: 11.3ms | ActiveRecord: 0.0ms | Allocations: 4732)


Started POST "/admin/login" for ::1 at 2026-09-29 21:58:32 +0530
Processing by AdminSessionsController#create as TURBO_STREAM
  Parameters: {"authenticity_token"=>"[FILTERED]", "username"=>"admin", "password"=>"[FILTERED]", "commit"=>"Login"}
Completed 500 Internal Server Error in 13ms (ActiveRecord: 0.0ms | Allocations: 1443)


  
LoadError (cannot load such file -- bcrypt):
  
app/models/admin.rb:1:in `<main>'
app/controllers/admin_sessions_controller.rb:7:in `create'
Started GET "/admin/login" for ::1 at 2026-09-29 22:04:52 +0530
Processing by AdminSessionsController#new as HTML
  Rendering layout layouts/application.html.erb
  Rendering admin_sessions/new.html.erb within layouts/application
  Rendered admin_sessions/new.html.erb within layouts/application (Duration: 22.6ms | Allocations: 4937)
  Rendered layout layouts/application.html.erb (Duration: 192.1ms | Allocations: 18602)
Completed 500 Internal Server Error in 226ms (ActiveRecord: 0.0ms | Allocations: 21766)


  
ActionView::Template::Error (undefined local variable or method `javascript_importmap_tags' for #<ActionView::Base:0x000000000049e8>

    '.freeze;@output_buffer.append=( javascript_importmap_tags );@output_buffer.safe_append='
                                     ^^^^^^^^^^^^^^^^^^^^^^^^^
Did you mean?  javascript_tag):
     7:     <%= csp_meta_tag %>
     8: 
     9:     <%= stylesheet_link_tag "application", "data-turbo-track": "reload" %>
    10:     <%= javascript_importmap_tags %>
    11:   </head>
    12: 
    13:   <body>
  
app/views/layouts/application.html.erb:10
Started GET "/admin/login" for ::1 at 2026-09-29 22:08:59 +0530
Processing by AdminSessionsController#new as HTML
  Rendering layout layouts/application.html.erb
  Rendering admin_sessions/new.html.erb within layouts/application
  Rendered admin_sessions/new.html.erb within layouts/application (Duration: 2.3ms | Allocations: 2233)
  Rendered layout layouts/application.html.erb (Duration: 38.9ms | Allocations: 7386)
Completed 500 Internal Server Error in 40ms (ActiveRecord: 0.0ms | Allocations: 7635)


  
ActionView::Template::Error (undefined local variable or method `javascript_importmap_tags' for #<ActionView::Base:0x00000000004d58>

    '.freeze;@output_buffer.append=( javascript_importmap_tags );@output_buffer.safe_append='
                                     ^^^^^^^^^^^^^^^^^^^^^^^^^
Did you mean?  javascript_tag):
     7:     <%= csp_meta_tag %>
     8: 
     9:     <%= stylesheet_link_tag "application", "data-turbo-track": "reload" %>
    10:     <%= javascript_importmap_tags %>
    11:   </head>
    12: 
    13:   <body>
  
app/views/layouts/application.html.erb:10
Started GET "/" for ::1 at 2026-09-29 22:11:24 +0530
Processing by ItemsController#index as HTML
Completed 500 Internal Server Error in 72ms (ActiveRecord: 0.0ms | Allocations: 12935)


  
NoMethodError (undefined method `has_one_attached' for Item:Class):
  
app/models/item.rb:2:in `<class:Item>'
app/models/item.rb:1:in `<main>'
app/controllers/items_controller.rb:4:in `index'
Started GET "/admin/login" for ::1 at 2026-09-29 22:11:29 +0530
Processing by AdminSessionsController#new as HTML
  Rendering layout layouts/application.html.erb
  Rendering admin_sessions/new.html.erb within layouts/application
  Rendered admin_sessions/new.html.erb within layouts/application (Duration: 4.6ms | Allocations: 2558)
  Rendered layout layouts/application.html.erb (Duration: 11.5ms | Allocations: 3851)
Completed 200 OK in 18ms (Views: 15.6ms | ActiveRecord: 0.0ms | Allocations: 4753)


Started POST "/admin/login" for ::1 at 2026-09-29 22:12:05 +0530
Processing by AdminSessionsController#create as HTML
  Parameters: {"authenticity_token"=>"[FILTERED]", "username"=>"admin", "password"=>"[FILTERED]", "commit"=>"Login"}
  [1m[36mAdmin Load (0.4ms)[0m  [1m[34mSELECT "admins".* FROM "admins" WHERE "admins"."username" = ? LIMIT ?[0m  [["username", "admin"], ["LIMIT", 1]]
Completed 500 Internal Server Error in 263ms (ActiveRecord: 5.9ms | Allocations: 12877)


  
NameError (undefined local variable or method `admin_dashboard_path' for #<AdminSessionsController:0x00000000005e88>

      redirect_to admin_dashboard_path, notice: "Login successful!"
                  ^^^^^^^^^^^^^^^^^^^^):
  
app/controllers/admin_sessions_controller.rb:11:in `create'
Started POST "/admin/login" for ::1 at 2026-09-29 22:12:13 +0530
Processing by AdminSessionsController#create as HTML
  Parameters: {"authenticity_token"=>"[FILTERED]", "username"=>"admin", "password"=>"[FILTERED]", "commit"=>"Login"}
  [1m[36mAdmin Load (0.3ms)[0m  [1m[34mSELECT "admins".* FROM "admins" WHERE "admins"."username" = ? LIMIT ?[0m  [["username", "admin"], ["LIMIT", 1]]
Completed 500 Internal Server Error in 218ms (ActiveRecord: 0.3ms | Allocations: 3397)


  
NameError (undefined local variable or method `admin_dashboard_path' for #<AdminSessionsController:0x00000000006270>

      redirect_to admin_dashboard_path, notice: "Login successful!"
                  ^^^^^^^^^^^^^^^^^^^^):
  
app/controllers/admin_sessions_controller.rb:11:in `create'
Started GET "/" for ::1 at 2026-09-29 22:19:50 +0530
Processing by ItemsController#index as HTML
Completed 500 Internal Server Error in 15ms (ActiveRecord: 0.0ms | Allocations: 5212)


  
NoMethodError (undefined method `has_one_attached' for Item:Class):
  
app/models/item.rb:2:in `<class:Item>'
app/models/item.rb:1:in `<main>'
app/controllers/items_controller.rb:4:in `index'
Started GET "/admin/login" for ::1 at 2026-09-29 22:19:52 +0530
Processing by AdminSessionsController#new as HTML
  Rendering layout layouts/application.html.erb
  Rendering admin_sessions/new.html.erb within layouts/application
  Rendered admin_sessions/new.html.erb within layouts/application (Duration: 3.4ms | Allocations: 2610)
  Rendered layout layouts/application.html.erb (Duration: 15.9ms | Allocations: 3909)
Completed 200 OK in 22ms (Views: 20.0ms | ActiveRecord: 0.0ms | Allocations: 4860)


Started POST "/admin/login" for ::1 at 2026-09-29 22:20:02 +0530
Processing by AdminSessionsController#create as HTML
  Parameters: {"authenticity_token"=>"[FILTERED]", "username"=>"admin", "password"=>"[FILTERED]", "commit"=>"Login"}
  [1m[36mAdmin Load (0.3ms)[0m  [1m[34mSELECT "admins".* FROM "admins" WHERE "admins"."username" = ? LIMIT ?[0m  [["username", "admin"], ["LIMIT", 1]]
Redirected to http://localhost:3000/admin/dashboard
Completed 302 Found in 223ms (ActiveRecord: 0.7ms | Allocations: 2932)


Started GET "/admin/dashboard" for ::1 at 2026-09-29 22:20:02 +0530
Processing by AdminDashboardController#index as HTML
  Rendering layout layouts/application.html.erb
  Rendering admin_dashboard/index.html.erb within layouts/application
  Rendered admin_dashboard/index.html.erb within layouts/application (Duration: 1.1ms | Allocations: 122)
  Rendered layout layouts/application.html.erb (Duration: 5.3ms | Allocations: 1507)
Completed 200 OK in 11ms (Views: 9.3ms | ActiveRecord: 0.0ms | Allocations: 2179)


Started GET "/admin_dashboard/index" for ::1 at 2026-09-29 22:23:46 +0530
Processing by AdminDashboardController#index as HTML
  Rendering layout layouts/application.html.erb
  Rendering admin_dashboard/index.html.erb within layouts/application
  Rendered admin_dashboard/index.html.erb within layouts/application (Duration: 92.9ms | Allocations: 9664)
  Rendered layout layouts/application.html.erb (Duration: 93.7ms | Allocations: 9743)
Completed 500 Internal Server Error in 101ms (ActiveRecord: 0.0ms | Allocations: 10568)


  
ActionView::Template::Error (undefined method `has_one_attached' for Item:Class):
     9: 
    10:     <div class="card">
    11:       <h3>📦 Total Items</h3>
    12:       <p><%= Item.count %></p>
    13:     </div>
    14: 
    15:     <div class="card">
  
app/models/item.rb:2:in `<class:Item>'
app/models/item.rb:1:in `<main>'
app/views/admin_dashboard/index.html.erb:12
Started GET "/admin_dashboard/index" for ::1 at 2026-09-29 22:23:48 +0530
Processing by AdminDashboardController#index as HTML
  Rendering layout layouts/application.html.erb
  Rendering admin_dashboard/index.html.erb within layouts/application
  Rendered admin_dashboard/index.html.erb within layouts/application (Duration: 17.2ms | Allocations: 5206)
  Rendered layout layouts/application.html.erb (Duration: 17.8ms | Allocations: 5280)
Completed 500 Internal Server Error in 19ms (ActiveRecord: 0.0ms | Allocations: 5505)


  
ActionView::Template::Error (undefined method `has_one_attached' for Item:Class):
     9: 
    10:     <div class="card">
    11:       <h3>📦 Total Items</h3>
    12:       <p><%= Item.count %></p>
    13:     </div>
    14: 
    15:     <div class="card">
  
app/models/item.rb:2:in `<class:Item>'
app/models/item.rb:1:in `<main>'
app/views/admin_dashboard/index.html.erb:12
Started GET "/admin_dashboard/index" for ::1 at 2026-09-29 22:23:51 +0530
Processing by AdminDashboardController#index as HTML
  Rendering layout layouts/application.html.erb
  Rendering admin_dashboard/index.html.erb within layouts/application
  Rendered admin_dashboard/index.html.erb within layouts/application (Duration: 16.6ms | Allocations: 5206)
  Rendered layout layouts/application.html.erb (Duration: 17.1ms | Allocations: 5280)
Completed 500 Internal Server Error in 18ms (ActiveRecord: 0.0ms | Allocations: 5490)


  
ActionView::Template::Error (undefined method `has_one_attached' for Item:Class):
     9: 
    10:     <div class="card">
    11:       <h3>📦 Total Items</h3>
    12:       <p><%= Item.count %></p>
    13:     </div>
    14: 
    15:     <div class="card">
  
app/models/item.rb:2:in `<class:Item>'
app/models/item.rb:1:in `<main>'
app/views/admin_dashboard/index.html.erb:12
Started GET "/admin/dashboard" for ::1 at 2026-09-29 22:24:36 +0530
Processing by AdminDashboardController#index as HTML
  Rendering layout layouts/application.html.erb
  Rendering admin_dashboard/index.html.erb within layouts/application
  Rendered admin_dashboard/index.html.erb within layouts/application (Duration: 91.6ms | Allocations: 9318)
  Rendered layout layouts/application.html.erb (Duration: 92.4ms | Allocations: 9393)
Completed 500 Internal Server Error in 93ms (ActiveRecord: 0.0ms | Allocations: 9606)


  
ActionView::Template::Error (undefined method `has_one_attached' for Item:Class):
     9: 
    10:     <div class="card">
    11:       <h3>📦 Total Items</h3>
    12:       <p><%= Item.count %></p>
    13:     </div>
    14: 
    15:     <div class="card">
  
app/models/item.rb:2:in `<class:Item>'
app/models/item.rb:1:in `<main>'
app/views/admin_dashboard/index.html.erb:12
Started GET "/admin/dashboard" for ::1 at 2026-09-29 22:25:03 +0530
Processing by AdminDashboardController#index as HTML
  Rendering layout layouts/application.html.erb
  Rendering admin_dashboard/index.html.erb within layouts/application
  Rendered admin_dashboard/index.html.erb within layouts/application (Duration: 19.8ms | Allocations: 5206)
  Rendered layout layouts/application.html.erb (Duration: 21.0ms | Allocations: 5280)
Completed 500 Internal Server Error in 22ms (ActiveRecord: 0.0ms | Allocations: 5491)


  
ActionView::Template::Error (undefined method `has_one_attached' for Item:Class):
     9: 
    10:     <div class="card">
    11:       <h3>📦 Total Items</h3>
    12:       <p><%= Item.count %></p>
    13:     </div>
    14: 
    15:     <div class="card">
  
app/models/item.rb:2:in `<class:Item>'
app/models/item.rb:1:in `<main>'
app/views/admin_dashboard/index.html.erb:12
Started GET "/" for ::1 at 2026-09-29 23:04:12 +0530
Processing by ItemsController#index as HTML
Completed 500 Internal Server Error in 70ms (ActiveRecord: 0.0ms | Allocations: 13130)


  
NoMethodError (undefined method `has_one_attached' for Item:Class):
  
app/models/item.rb:2:in `<class:Item>'
app/models/item.rb:1:in `<main>'
app/controllers/items_controller.rb:4:in `index'
Started GET "/" for ::1 at 2026-09-29 23:11:48 +0530
Processing by ItemsController#index as HTML
  Rendering layout layouts/application.html.erb
  Rendering items/index.html.erb within layouts/application
  [1m[36mItem Load (0.5ms)[0m  [1m[34mSELECT "items".* FROM "items" ORDER BY "items"."created_at" DESC[0m
  Rendered items/index.html.erb within layouts/application (Duration: 31.3ms | Allocations: 4452)
  Rendered layout layouts/application.html.erb (Duration: 396.2ms | Allocations: 19790)
Completed 200 OK in 592ms (Views: 410.2ms | ActiveRecord: 8.0ms | Allocations: 36821)


Started GET "/items/new" for ::1 at 2026-09-29 23:11:53 +0530
Processing by ItemsController#new as HTML
  Rendering layout layouts/application.html.erb
  Rendering items/new.html.erb within layouts/application
  Rendered items/new.html.erb within layouts/application (Duration: 51.3ms | Allocations: 4551)
  Rendered layout layouts/application.html.erb (Duration: 59.4ms | Allocations: 5632)
Completed 200 OK in 101ms (Views: 61.5ms | ActiveRecord: 0.9ms | Allocations: 12785)


Started POST "/items" for ::1 at 2026-09-29 23:12:51 +0530
Processing by ItemsController#create as HTML
  Parameters: {"authenticity_token"=>"[FILTERED]", "item"=>{"title"=>" Blue Mobile", "description"=>"blue mobile with black cover\r\n", "category"=>"Mobile", "location"=>"college campus", "date_lost_found"=>"2026-09-29", "status"=>"Lost", "contact_name"=>"Eniya", "contact_email"=>"eniyae24cs@psnacet.edu.in", "image"=>#<ActionDispatch::Http::UploadedFile:0x00000211f17f4900 @tempfile=#<Tempfile:C:/Users/ELCOT/AppData/Local/Temp/RackMultipart20260929-5516-zvtxck.webp>, @content_type="image/webp", @original_filename="mobile.webp", @headers="Content-Disposition: form-data; name=\"item[image]\"; filename=\"mobile.webp\"\r\nContent-Type: image/webp\r\n">}, "commit"=>"Submit Report"}
  [1m[36mTRANSACTION (0.1ms)[0m  [1m[36mbegin transaction[0m
  [1m[36mItem Create (1.3ms)[0m  [1m[32mINSERT INTO "items" ("title", "description", "category", "location", "date_lost_found", "status", "created_at", "updated_at", "contact", "contact_name", "contact_email") VALUES (?, ?, ?, ?, ?, ?, ?, ?, ?, ?, ?)[0m  [["title", " Blue Mobile"], ["description", "blue mobile with black cover\r\n"], ["category", "Mobile"], ["location", "college campus"], ["date_lost_found", "2026-09-29"], ["status", "Lost"], ["created_at", "2026-09-29 17:42:51.196883"], ["updated_at", "2026-09-29 17:42:51.196883"], ["contact", nil], ["contact_name", "Eniya"], ["contact_email", "eniyae24cs@psnacet.edu.in"]]
  [1m[36mActiveStorage::Blob Load (0.3ms)[0m  [1m[34mSELECT "active_storage_blobs".* FROM "active_storage_blobs" INNER JOIN "active_storage_attachments" ON "active_storage_blobs"."id" = "active_storage_attachments"."blob_id" WHERE "active_storage_attachments"."record_id" = ? AND "active_storage_attachments"."record_type" = ? AND "active_storage_attachments"."name" = ? LIMIT ?[0m  [["record_id", 5], ["record_type", "Item"], ["name", "image"], ["LIMIT", 1]]
  [1m[36mActiveStorage::Attachment Load (0.2ms)[0m  [1m[34mSELECT "active_storage_attachments".* FROM "active_storage_attachments" WHERE "active_storage_attachments"."record_id" = ? AND "active_storage_attachments"."record_type" = ? AND "active_storage_attachments"."name" = ? LIMIT ?[0m  [["record_id", 5], ["record_type", "Item"], ["name", "image"], ["LIMIT", 1]]
  [1m[36mTRANSACTION (0.9ms)[0m  [1m[31mrollback transaction[0m
Completed 422 Unprocessable Entity in 188ms (ActiveRecord: 4.4ms | Allocations: 27621)


  
ActiveRecord::RecordNotSaved (Failed to save the new associated image_attachment.):
  
app/controllers/items_controller.rb:30:in `create'
Started GET "/items/new" for ::1 at 2026-09-29 23:14:53 +0530
Processing by ItemsController#new as HTML
  Rendering layout layouts/application.html.erb
  Rendering items/new.html.erb within layouts/application
  Rendered items/new.html.erb within layouts/application (Duration: 6.6ms | Allocations: 2211)
  Rendered layout layouts/application.html.erb (Duration: 12.7ms | Allocations: 3274)
Completed 200 OK in 15ms (Views: 14.2ms | ActiveRecord: 0.0ms | Allocations: 3594)


Started POST "/items" for ::1 at 2026-09-29 23:15:39 +0530
Processing by ItemsController#create as HTML
  Parameters: {"authenticity_token"=>"[FILTERED]", "item"=>{"title"=>" Blue Mobile", "description"=>"mobile with black cover", "category"=>"Mobile", "location"=>"college campus", "date_lost_found"=>"2026-09-29", "status"=>"Lost", "contact_name"=>"Eniya", "contact_email"=>"eniyae24cs@psnacet.edu.in", "image"=>#<ActionDispatch::Http::UploadedFile:0x00000211f2bf1bb0 @tempfile=#<Tempfile:C:/Users/ELCOT/AppData/Local/Temp/RackMultipart20260929-5516-evs38u.webp>, @content_type="image/webp", @original_filename="mobile.webp", @headers="Content-Disposition: form-data; name=\"item[image]\"; filename=\"mobile.webp\"\r\nContent-Type: image/webp\r\n">}, "commit"=>"Submit Report"}
  [1m[36mTRANSACTION (0.1ms)[0m  [1m[36mbegin transaction[0m
  [1m[36mItem Create (1.8ms)[0m  [1m[32mINSERT INTO "items" ("title", "description", "category", "location", "date_lost_found", "status", "created_at", "updated_at", "contact", "contact_name", "contact_email") VALUES (?, ?, ?, ?, ?, ?, ?, ?, ?, ?, ?)[0m  [["title", " Blue Mobile"], ["description", "mobile with black cover"], ["category", "Mobile"], ["location", "college campus"], ["date_lost_found", "2026-09-29"], ["status", "Lost"], ["created_at", "2026-09-29 17:45:39.647495"], ["updated_at", "2026-09-29 17:45:39.647495"], ["contact", nil], ["contact_name", "Eniya"], ["contact_email", "eniyae24cs@psnacet.edu.in"]]
  [1m[36mActiveStorage::Blob Load (0.1ms)[0m  [1m[34mSELECT "active_storage_blobs".* FROM "active_storage_blobs" INNER JOIN "active_storage_attachments" ON "active_storage_blobs"."id" = "active_storage_attachments"."blob_id" WHERE "active_storage_attachments"."record_id" = ? AND "active_storage_attachments"."record_type" = ? AND "active_storage_attachments"."name" = ? LIMIT ?[0m  [["record_id", 5], ["record_type", "Item"], ["name", "image"], ["LIMIT", 1]]
  [1m[36mActiveStorage::Attachment Load (0.1ms)[0m  [1m[34mSELECT "active_storage_attachments".* FROM "active_storage_attachments" WHERE "active_storage_attachments"."record_id" = ? AND "active_storage_attachments"."record_type" = ? AND "active_storage_attachments"."name" = ? LIMIT ?[0m  [["record_id", 5], ["record_type", "Item"], ["name", "image"], ["LIMIT", 1]]
  [1m[36mTRANSACTION (1.4ms)[0m  [1m[31mrollback transaction[0m
Completed 422 Unprocessable Entity in 28ms (ActiveRecord: 3.6ms | Allocations: 3202)


  
ActiveRecord::RecordNotSaved (Failed to save the new associated image_attachment.):
  
app/controllers/items_controller.rb:30:in `create'
Started GET "/" for ::1 at 2026-09-30 18:39:22 +0530
Processing by ItemsController#index as HTML
  Rendering layout layouts/application.html.erb
  Rendering items/index.html.erb within layouts/application
  [1m[36mItem Load (0.4ms)[0m  [1m[34mSELECT "items".* FROM "items" ORDER BY "items"."created_at" DESC[0m
  Rendered items/index.html.erb within layouts/application (Duration: 3.7ms | Allocations: 1421)
  Rendered layout layouts/application.html.erb (Duration: 10.2ms | Allocations: 2554)
Completed 200 OK in 16ms (Views: 11.5ms | ActiveRecord: 1.1ms | Allocations: 3011)


Started GET "/items/new" for ::1 at 2026-09-30 18:39:30 +0530
Processing by ItemsController#new as HTML
  Rendering layout layouts/application.html.erb
  Rendering items/new.html.erb within layouts/application
  Rendered items/new.html.erb within layouts/application (Duration: 4.1ms | Allocations: 2018)
  Rendered layout layouts/application.html.erb (Duration: 10.4ms | Allocations: 2969)
Completed 200 OK in 13ms (Views: 12.4ms | ActiveRecord: 0.0ms | Allocations: 3224)


Started POST "/items" for ::1 at 2026-09-30 18:40:07 +0530
Processing by ItemsController#create as HTML
  Parameters: {"authenticity_token"=>"[FILTERED]", "item"=>{"title"=>" Blue Mobile", "description"=>"blue mobile with black cover", "category"=>"Mobile", "location"=>"college campus", "date_lost_found"=>"2026-01-30", "status"=>"Lost", "contact_name"=>"Eniya", "contact_email"=>"eniyae24cs@psnacet.edu.in"}, "commit"=>"Submit Report"}
  [1m[36mTRANSACTION (0.1ms)[0m  [1m[36mbegin transaction[0m
  [1m[36mItem Create (1.8ms)[0m  [1m[32mINSERT INTO "items" ("title", "description", "category", "location", "date_lost_found", "status", "created_at", "updated_at", "contact", "contact_name", "contact_email") VALUES (?, ?, ?, ?, ?, ?, ?, ?, ?, ?, ?)[0m  [["title", " Blue Mobile"], ["description", "blue mobile with black cover"], ["category", "Mobile"], ["location", "college campus"], ["date_lost_found", "2026-01-30"], ["status", "Lost"], ["created_at", "2026-09-30 13:10:07.959785"], ["updated_at", "2026-09-30 13:10:07.959785"], ["contact", nil], ["contact_name", "Eniya"], ["contact_email", "eniyae24cs@psnacet.edu.in"]]
  [1m[36mTRANSACTION (4.0ms)[0m  [1m[36mcommit transaction[0m
Redirected to http://localhost:3000/items/5
Completed 302 Found in 15ms (ActiveRecord: 6.0ms | Allocations: 1121)


Started GET "/items/5" for ::1 at 2026-09-30 18:40:08 +0530
Processing by ItemsController#show as HTML
  Parameters: {"id"=>"5"}
  [1m[36mItem Load (0.6ms)[0m  [1m[34mSELECT "items".* FROM "items" WHERE "items"."id" = ? LIMIT ?[0m  [["id", 5], ["LIMIT", 1]]
  Rendering layout layouts/application.html.erb
  Rendering items/show.html.erb within layouts/application
  [1m[36mActiveStorage::Attachment Load (0.4ms)[0m  [1m[34mSELECT "active_storage_attachments".* FROM "active_storage_attachments" WHERE "active_storage_attachments"."record_id" = ? AND "active_storage_attachments"."record_type" = ? AND "active_storage_attachments"."name" = ? LIMIT ?[0m  [["record_id", 5], ["record_type", "Item"], ["name", "image"], ["LIMIT", 1]]
  Rendered items/show.html.erb within layouts/application (Duration: 6.4ms | Allocations: 1039)
  Rendered layout layouts/application.html.erb (Duration: 15.6ms | Allocations: 2167)
Completed 200 OK in 25ms (Views: 16.9ms | ActiveRecord: 1.0ms | Allocations: 3257)


Started GET "/items" for ::1 at 2026-09-30 18:55:35 +0530
Processing by ItemsController#index as HTML
  Rendering layout layouts/application.html.erb
  Rendering items/index.html.erb within layouts/application
  [1m[36mItem Load (0.4ms)[0m  [1m[34mSELECT "items".* FROM "items" ORDER BY "items"."created_at" DESC[0m
  [1m[36mActiveStorage::Attachment Load (0.9ms)[0m  [1m[34mSELECT "active_storage_attachments".* FROM "active_storage_attachments" WHERE "active_storage_attachments"."record_id" = ? AND "active_storage_attachments"."record_type" = ? AND "active_storage_attachments"."name" = ? LIMIT ?[0m  [["record_id", 5], ["record_type", "Item"], ["name", "image"], ["LIMIT", 1]]
  Rendered items/index.html.erb within layouts/application (Duration: 9.6ms | Allocations: 2649)
  Rendered layout layouts/application.html.erb (Duration: 16.7ms | Allocations: 4165)
Completed 200 OK in 27ms (Views: 19.6ms | ActiveRecord: 2.2ms | Allocations: 5150)


Started GET "/items/new" for ::1 at 2026-09-30 18:55:37 +0530
Processing by ItemsController#new as HTML
  Rendering layout layouts/application.html.erb
  Rendering items/new.html.erb within layouts/application
  Rendered items/new.html.erb within layouts/application (Duration: 8.0ms | Allocations: 2734)
  Rendered layout layouts/application.html.erb (Duration: 15.6ms | Allocations: 3686)
Completed 200 OK in 21ms (Views: 18.0ms | ActiveRecord: 0.0ms | Allocations: 4014)


Started POST "/items" for ::1 at 2026-09-30 18:56:38 +0530
Processing by ItemsController#create as HTML
  Parameters: {"authenticity_token"=>"[FILTERED]", "item"=>{"title"=>" Blue Mobile", "description"=>"blue mobile with black cover\r\n", "category"=>"Mobile", "location"=>"college campus", "date_lost_found"=>"52026-06-21", "status"=>"Lost", "contact_name"=>"Eniya", "contact_email"=>"eniyae24cs@psnacet.edu.in", "image"=>#<ActionDispatch::Http::UploadedFile:0x00000211f3086798 @tempfile=#<Tempfile:C:/Users/ELCOT/AppData/Local/Temp/RackMultipart20260930-5516-dhk57o.webp>, @content_type="image/webp", @original_filename="mobile.webp", @headers="Content-Disposition: form-data; name=\"item[image]\"; filename=\"mobile.webp\"\r\nContent-Type: image/webp\r\n">}, "commit"=>"Submit Report"}
  [1m[36mTRANSACTION (0.1ms)[0m  [1m[36mbegin transaction[0m
  [1m[36mItem Create (1.6ms)[0m  [1m[32mINSERT INTO "items" ("title", "description", "category", "location", "date_lost_found", "status", "created_at", "updated_at", "contact", "contact_name", "contact_email") VALUES (?, ?, ?, ?, ?, ?, ?, ?, ?, ?, ?)[0m  [["title", " Blue Mobile"], ["description", "blue mobile with black cover\r\n"], ["category", "Mobile"], ["location", "college campus"], ["date_lost_found", "52026-06-21"], ["status", "Lost"], ["created_at", "2026-09-30 13:26:38.826844"], ["updated_at", "2026-09-30 13:26:38.826844"], ["contact", nil], ["contact_name", "Eniya"], ["contact_email", "eniyae24cs@psnacet.edu.in"]]
  [1m[36mActiveStorage::Blob Load (0.4ms)[0m  [1m[34mSELECT "active_storage_blobs".* FROM "active_storage_blobs" INNER JOIN "active_storage_attachments" ON "active_storage_blobs"."id" = "active_storage_attachments"."blob_id" WHERE "active_storage_attachments"."record_id" = ? AND "active_storage_attachments"."record_type" = ? AND "active_storage_attachments"."name" = ? LIMIT ?[0m  [["record_id", 6], ["record_type", "Item"], ["name", "image"], ["LIMIT", 1]]
  [1m[36mActiveStorage::Attachment Load (0.1ms)[0m  [1m[34mSELECT "active_storage_attachments".* FROM "active_storage_attachments" WHERE "active_storage_attachments"."record_id" = ? AND "active_storage_attachments"."record_type" = ? AND "active_storage_attachments"."name" = ? LIMIT ?[0m  [["record_id", 6], ["record_type", "Item"], ["name", "image"], ["LIMIT", 1]]
  [1m[36mTRANSACTION (1.1ms)[0m  [1m[31mrollback transaction[0m
Completed 422 Unprocessable Entity in 28ms (ActiveRecord: 3.4ms | Allocations: 3116)


  
ActiveRecord::RecordNotSaved (Failed to save the new associated image_attachment.):
  
app/controllers/items_controller.rb:30:in `create'
Started GET "/items" for ::1 at 2026-09-30 19:00:03 +0530
Processing by ItemsController#index as HTML
  Rendering layout layouts/application.html.erb
  Rendering items/index.html.erb within layouts/application
  [1m[36mItem Load (0.4ms)[0m  [1m[34mSELECT "items".* FROM "items" ORDER BY "items"."created_at" DESC[0m
  [1m[36mActiveStorage::Attachment Load (0.7ms)[0m  [1m[34mSELECT "active_storage_attachments".* FROM "active_storage_attachments" WHERE "active_storage_attachments"."record_id" = ? AND "active_storage_attachments"."record_type" = ? AND "active_storage_attachments"."name" = ? LIMIT ?[0m  [["record_id", 5], ["record_type", "Item"], ["name", "image"], ["LIMIT", 1]]
  Rendered items/index.html.erb within layouts/application (Duration: 7.4ms | Allocations: 1788)
  Rendered layout layouts/application.html.erb (Duration: 14.7ms | Allocations: 2907)
Completed 200 OK in 17ms (Views: 15.2ms | ActiveRecord: 1.1ms | Allocations: 3211)


Started GET "/items/5" for ::1 at 2026-09-30 19:00:19 +0530
Processing by ItemsController#show as HTML
  Parameters: {"id"=>"5"}
  [1m[36mItem Load (0.5ms)[0m  [1m[34mSELECT "items".* FROM "items" WHERE "items"."id" = ? LIMIT ?[0m  [["id", 5], ["LIMIT", 1]]
  Rendering layout layouts/application.html.erb
  Rendering items/show.html.erb within layouts/application
  [1m[36mActiveStorage::Attachment Load (0.4ms)[0m  [1m[34mSELECT "active_storage_attachments".* FROM "active_storage_attachments" WHERE "active_storage_attachments"."record_id" = ? AND "active_storage_attachments"."record_type" = ? AND "active_storage_attachments"."name" = ? LIMIT ?[0m  [["record_id", 5], ["record_type", "Item"], ["name", "image"], ["LIMIT", 1]]
  Rendered items/show.html.erb within layouts/application (Duration: 9.6ms | Allocations: 928)
  Rendered layout layouts/application.html.erb (Duration: 18.2ms | Allocations: 2054)
Completed 200 OK in 24ms (Views: 19.2ms | ActiveRecord: 0.9ms | Allocations: 2523)


Started GET "/items/5" for ::1 at 2026-09-30 19:00:24 +0530
Processing by ItemsController#show as HTML
  Parameters: {"id"=>"5"}
  [1m[36mItem Load (0.4ms)[0m  [1m[34mSELECT "items".* FROM "items" WHERE "items"."id" = ? LIMIT ?[0m  [["id", 5], ["LIMIT", 1]]
  Rendering layout layouts/application.html.erb
  Rendering items/show.html.erb within layouts/application
  [1m[36mActiveStorage::Attachment Load (0.4ms)[0m  [1m[34mSELECT "active_storage_attachments".* FROM "active_storage_attachments" WHERE "active_storage_attachments"."record_id" = ? AND "active_storage_attachments"."record_type" = ? AND "active_storage_attachments"."name" = ? LIMIT ?[0m  [["record_id", 5], ["record_type", "Item"], ["name", "image"], ["LIMIT", 1]]
  Rendered items/show.html.erb within layouts/application (Duration: 3.5ms | Allocations: 546)
  Rendered layout layouts/application.html.erb (Duration: 13.2ms | Allocations: 1663)
Completed 200 OK in 17ms (Views: 14.1ms | ActiveRecord: 0.7ms | Allocations: 2014)


Started GET "/items/5" for ::1 at 2026-09-30 19:00:27 +0530
Processing by ItemsController#show as HTML
  Parameters: {"id"=>"5"}
  [1m[36mItem Load (0.4ms)[0m  [1m[34mSELECT "items".* FROM "items" WHERE "items"."id" = ? LIMIT ?[0m  [["id", 5], ["LIMIT", 1]]
  Rendering layout layouts/application.html.erb
  Rendering items/show.html.erb within layouts/application
  [1m[36mActiveStorage::Attachment Load (0.4ms)[0m  [1m[34mSELECT "active_storage_attachments".* FROM "active_storage_attachments" WHERE "active_storage_attachments"."record_id" = ? AND "active_storage_attachments"."record_type" = ? AND "active_storage_attachments"."name" = ? LIMIT ?[0m  [["record_id", 5], ["record_type", "Item"], ["name", "image"], ["LIMIT", 1]]
  Rendered items/show.html.erb within layouts/application (Duration: 3.2ms | Allocations: 546)
  Rendered layout layouts/application.html.erb (Duration: 12.8ms | Allocations: 1675)
Completed 200 OK in 16ms (Views: 13.8ms | ActiveRecord: 0.7ms | Allocations: 2026)


Started GET "/items/5" for ::1 at 2026-09-30 19:00:27 +0530
Processing by ItemsController#show as HTML
  Parameters: {"id"=>"5"}
  [1m[36mItem Load (0.5ms)[0m  [1m[34mSELECT "items".* FROM "items" WHERE "items"."id" = ? LIMIT ?[0m  [["id", 5], ["LIMIT", 1]]
  Rendering layout layouts/application.html.erb
  Rendering items/show.html.erb within layouts/application
  [1m[36mActiveStorage::Attachment Load (0.4ms)[0m  [1m[34mSELECT "active_storage_attachments".* FROM "active_storage_attachments" WHERE "active_storage_attachments"."record_id" = ? AND "active_storage_attachments"."record_type" = ? AND "active_storage_attachments"."name" = ? LIMIT ?[0m  [["record_id", 5], ["record_type", "Item"], ["name", "image"], ["LIMIT", 1]]
  Rendered items/show.html.erb within layouts/application (Duration: 3.9ms | Allocations: 546)
  Rendered layout layouts/application.html.erb (Duration: 14.3ms | Allocations: 1661)
Completed 200 OK in 45ms (Views: 42.6ms | ActiveRecord: 0.9ms | Allocations: 2012)


Started GET "/items/5/edit" for ::1 at 2026-09-30 19:00:29 +0530
Processing by ItemsController#edit as HTML
  Parameters: {"id"=>"5"}
  [1m[36mItem Load (0.4ms)[0m  [1m[34mSELECT "items".* FROM "items" WHERE "items"."id" = ? LIMIT ?[0m  [["id", 5], ["LIMIT", 1]]
  Rendering layout layouts/application.html.erb
  Rendering items/edit.html.erb within layouts/application
  Rendered items/edit.html.erb within layouts/application (Duration: 7.1ms | Allocations: 2909)
  Rendered layout layouts/application.html.erb (Duration: 14.7ms | Allocations: 3852)
Completed 200 OK in 22ms (Views: 16.7ms | ActiveRecord: 0.4ms | Allocations: 4258)


Started PATCH "/items/5" for ::1 at 2026-09-30 19:00:41 +0530
Processing by ItemsController#update as HTML
  Parameters: {"authenticity_token"=>"[FILTERED]", "item"=>{"title"=>" Blue Mobile", "description"=>"blue mobile with black cover", "category"=>"Mobile", "location"=>"college campus", "date_lost_found"=>"2026-01-30", "status"=>"Lost", "contact_name"=>"Eniya", "contact_email"=>"eniyae24cs@psnacet.edu.in", "image"=>#<ActionDispatch::Http::UploadedFile:0x00000211f0a9a8b8 @tempfile=#<Tempfile:C:/Users/ELCOT/AppData/Local/Temp/RackMultipart20260930-5516-pcnozf.webp>, @content_type="image/webp", @original_filename="mobile.webp", @headers="Content-Disposition: form-data; name=\"item[image]\"; filename=\"mobile.webp\"\r\nContent-Type: image/webp\r\n">}, "commit"=>"Update Item", "id"=>"5"}
  [1m[36mItem Load (0.4ms)[0m  [1m[34mSELECT "items".* FROM "items" WHERE "items"."id" = ? LIMIT ?[0m  [["id", 5], ["LIMIT", 1]]
  [1m[36mTRANSACTION (0.1ms)[0m  [1m[36mbegin transaction[0m
  [1m[36mActiveStorage::Blob Load (0.4ms)[0m  [1m[34mSELECT "active_storage_blobs".* FROM "active_storage_blobs" INNER JOIN "active_storage_attachments" ON "active_storage_blobs"."id" = "active_storage_attachments"."blob_id" WHERE "active_storage_attachments"."record_id" = ? AND "active_storage_attachments"."record_type" = ? AND "active_storage_attachments"."name" = ? LIMIT ?[0m  [["record_id", 5], ["record_type", "Item"], ["name", "image"], ["LIMIT", 1]]
  [1m[36mActiveStorage::Attachment Load (0.2ms)[0m  [1m[34mSELECT "active_storage_attachments".* FROM "active_storage_attachments" WHERE "active_storage_attachments"."record_id" = ? AND "active_storage_attachments"."record_type" = ? AND "active_storage_attachments"."name" = ? LIMIT ?[0m  [["record_id", 5], ["record_type", "Item"], ["name", "image"], ["LIMIT", 1]]
  [1m[36mTRANSACTION (0.1ms)[0m  [1m[31mrollback transaction[0m
Completed 422 Unprocessable Entity in 35ms (ActiveRecord: 1.2ms | Allocations: 2915)


  
ActiveRecord::RecordNotSaved (Failed to save the new associated image_attachment.):
  
app/controllers/items_controller.rb:44:in `update'
Started GET "/items" for ::1 at 2026-09-30 19:04:54 +0530
Processing by ItemsController#index as HTML
  Rendering layout layouts/application.html.erb
  Rendering items/index.html.erb within layouts/application
  [1m[36mItem Load (0.4ms)[0m  [1m[34mSELECT "items".* FROM "items" ORDER BY "items"."created_at" DESC[0m
  [1m[36mActiveStorage::Attachment Load (0.5ms)[0m  [1m[34mSELECT "active_storage_attachments".* FROM "active_storage_attachments" WHERE "active_storage_attachments"."record_id" = ? AND "active_storage_attachments"."record_type" = ? AND "active_storage_attachments"."name" = ? LIMIT ?[0m  [["record_id", 5], ["record_type", "Item"], ["name", "image"], ["LIMIT", 1]]
  Rendered items/index.html.erb within layouts/application (Duration: 107.5ms | Allocations: 17550)
  Rendered layout layouts/application.html.erb (Duration: 194.4ms | Allocations: 22953)
Completed 200 OK in 342ms (Views: 207.8ms | ActiveRecord: 8.1ms | Allocations: 39990)


Started GET "/items/new" for ::1 at 2026-09-30 19:04:57 +0530
Processing by ItemsController#new as HTML
  Rendering layout layouts/application.html.erb
  Rendering items/new.html.erb within layouts/application
  Rendered items/new.html.erb within layouts/application (Duration: 53.6ms | Allocations: 4510)
  Rendered layout layouts/application.html.erb (Duration: 62.3ms | Allocations: 5589)
Completed 200 OK in 66ms (Views: 63.7ms | ActiveRecord: 0.0ms | Allocations: 6028)


Started POST "/items" for ::1 at 2026-09-30 19:05:31 +0530
Processing by ItemsController#create as HTML
  Parameters: {"authenticity_token"=>"[FILTERED]", "item"=>{"title"=>" Blue Mobile", "description"=>"black cover", "category"=>"Mobile", "location"=>"college campus", "date_lost_found"=>"2434-04-22", "status"=>"Lost", "contact_name"=>"Eniya", "contact_email"=>"eniyae24cs@psnacet.edu.in", "image"=>#<ActionDispatch::Http::UploadedFile:0x000001e3ac8bc220 @tempfile=#<Tempfile:C:/Users/ELCOT/AppData/Local/Temp/RackMultipart20260930-20004-zvfchw.webp>, @content_type="image/webp", @original_filename="mobile.webp", @headers="Content-Disposition: form-data; name=\"item[image]\"; filename=\"mobile.webp\"\r\nContent-Type: image/webp\r\n">}, "commit"=>"Submit Report"}
  [1m[36mTRANSACTION (0.1ms)[0m  [1m[36mbegin transaction[0m
  [1m[36mItem Create (2.2ms)[0m  [1m[32mINSERT INTO "items" ("title", "description", "category", "location", "date_lost_found", "status", "created_at", "updated_at", "contact", "contact_name", "contact_email") VALUES (?, ?, ?, ?, ?, ?, ?, ?, ?, ?, ?)[0m  [["title", " Blue Mobile"], ["description", "black cover"], ["category", "Mobile"], ["location", "college campus"], ["date_lost_found", "2434-04-22"], ["status", "Lost"], ["created_at", "2026-09-30 13:35:31.794266"], ["updated_at", "2026-09-30 13:35:31.794266"], ["contact", nil], ["contact_name", "Eniya"], ["contact_email", "eniyae24cs@psnacet.edu.in"]]
  [1m[36mActiveStorage::Blob Load (0.3ms)[0m  [1m[34mSELECT "active_storage_blobs".* FROM "active_storage_blobs" INNER JOIN "active_storage_attachments" ON "active_storage_blobs"."id" = "active_storage_attachments"."blob_id" WHERE "active_storage_attachments"."record_id" = ? AND "active_storage_attachments"."record_type" = ? AND "active_storage_attachments"."name" = ? LIMIT ?[0m  [["record_id", 6], ["record_type", "Item"], ["name", "image"], ["LIMIT", 1]]
  [1m[36mActiveStorage::Attachment Load (0.2ms)[0m  [1m[34mSELECT "active_storage_attachments".* FROM "active_storage_attachments" WHERE "active_storage_attachments"."record_id" = ? AND "active_storage_attachments"."record_type" = ? AND "active_storage_attachments"."name" = ? LIMIT ?[0m  [["record_id", 6], ["record_type", "Item"], ["name", "image"], ["LIMIT", 1]]
  [1m[36mTRANSACTION (1.4ms)[0m  [1m[31mrollback transaction[0m
Completed 422 Unprocessable Entity in 186ms (ActiveRecord: 6.0ms | Allocations: 22384)


  
ActiveRecord::RecordNotSaved (Failed to save the new associated image_attachment.):
  
app/controllers/items_controller.rb:30:in `create'
  [1m[36mActiveStorage::Attachment Pluck (0.4ms)[0m  [1m[34mSELECT "active_storage_attachments"."record_id", "active_storage_attachments"."blob_id" FROM "active_storage_attachments" WHERE "active_storage_attachments"."record_type" = ? AND "active_storage_attachments"."name" = ?[0m  [["record_type", "Item"], ["name", "image"]]
Started GET "/" for ::1 at 2026-09-30 19:18:50 +0530
Processing by ItemsController#index as HTML
  Rendering layout layouts/application.html.erb
  Rendering items/index.html.erb within layouts/application
  [1m[36mItem Load (0.7ms)[0m  [1m[34mSELECT "items".* FROM "items" ORDER BY "items"."created_at" DESC[0m
  [1m[36mActiveStorage::Attachment Load (0.4ms)[0m  [1m[34mSELECT "active_storage_attachments".* FROM "active_storage_attachments" WHERE "active_storage_attachments"."record_id" = ? AND "active_storage_attachments"."record_type" = ? AND "active_storage_attachments"."name" = ? LIMIT ?[0m  [["record_id", 5], ["record_type", "Item"], ["name", "image"], ["LIMIT", 1]]
  Rendered items/index.html.erb within layouts/application (Duration: 8.0ms | Allocations: 2075)
  Rendered layout layouts/application.html.erb (Duration: 14.8ms | Allocations: 3356)
Completed 200 OK in 20ms (Views: 15.0ms | ActiveRecord: 2.0ms | Allocations: 3877)


Started GET "/items/new" for ::1 at 2026-09-30 19:18:55 +0530
Processing by ItemsController#new as HTML
  Rendering layout layouts/application.html.erb
  Rendering items/new.html.erb within layouts/application
  Rendered items/new.html.erb within layouts/application (Duration: 4.1ms | Allocations: 2117)
  Rendered layout layouts/application.html.erb (Duration: 10.6ms | Allocations: 3075)
Completed 200 OK in 14ms (Views: 13.1ms | ActiveRecord: 0.0ms | Allocations: 3343)


Started POST "/items" for ::1 at 2026-09-30 19:19:57 +0530
Processing by ItemsController#create as HTML
  Parameters: {"authenticity_token"=>"[FILTERED]", "item"=>{"title"=>" Blue Mobile", "description"=>"black cover", "category"=>"Mobile", "location"=>"college campus", "date_lost_found"=>"2026-09-30", "status"=>"Lost", "contact_name"=>"Eniya", "contact_email"=>"eniyae24cs@psnacet.edu.in", "image"=>#<ActionDispatch::Http::UploadedFile:0x000001e3aedc4a18 @tempfile=#<Tempfile:C:/Users/ELCOT/AppData/Local/Temp/RackMultipart20260930-20004-w8bj3q.webp>, @content_type="image/webp", @original_filename="mobile.webp", @headers="Content-Disposition: form-data; name=\"item[image]\"; filename=\"mobile.webp\"\r\nContent-Type: image/webp\r\n">}, "commit"=>"Submit Report"}
  [1m[36mTRANSACTION (0.1ms)[0m  [1m[36mbegin transaction[0m
  [1m[36mItem Create (1.7ms)[0m  [1m[32mINSERT INTO "items" ("title", "description", "category", "location", "date_lost_found", "status", "created_at", "updated_at", "contact", "contact_name", "contact_email") VALUES (?, ?, ?, ?, ?, ?, ?, ?, ?, ?, ?)[0m  [["title", " Blue Mobile"], ["description", "black cover"], ["category", "Mobile"], ["location", "college campus"], ["date_lost_found", "2026-09-30"], ["status", "Lost"], ["created_at", "2026-09-30 13:49:57.847118"], ["updated_at", "2026-09-30 13:49:57.847118"], ["contact", nil], ["contact_name", "Eniya"], ["contact_email", "eniyae24cs@psnacet.edu.in"]]
  [1m[36mActiveStorage::Blob Load (0.3ms)[0m  [1m[34mSELECT "active_storage_blobs".* FROM "active_storage_blobs" INNER JOIN "active_storage_attachments" ON "active_storage_blobs"."id" = "active_storage_attachments"."blob_id" WHERE "active_storage_attachments"."record_id" = ? AND "active_storage_attachments"."record_type" = ? AND "active_storage_attachments"."name" = ? LIMIT ?[0m  [["record_id", 6], ["record_type", "Item"], ["name", "image"], ["LIMIT", 1]]
  [1m[36mActiveStorage::Attachment Load (0.3ms)[0m  [1m[34mSELECT "active_storage_attachments".* FROM "active_storage_attachments" WHERE "active_storage_attachments"."record_id" = ? AND "active_storage_attachments"."record_type" = ? AND "active_storage_attachments"."name" = ? LIMIT ?[0m  [["record_id", 6], ["record_type", "Item"], ["name", "image"], ["LIMIT", 1]]
  [1m[36mTRANSACTION (1.1ms)[0m  [1m[31mrollback transaction[0m
Completed 422 Unprocessable Entity in 30ms (ActiveRecord: 3.5ms | Allocations: 3117)


  
ActiveRecord::RecordNotSaved (Failed to save the new associated image_attachment.):
  
app/controllers/items_controller.rb:30:in `create'
Started GET "/" for ::1 at 2026-09-30 19:23:03 +0530
Processing by ItemsController#index as HTML
  Rendering layout layouts/application.html.erb
  Rendering items/index.html.erb within layouts/application
  [1m[36mItem Load (0.8ms)[0m  [1m[34mSELECT "items".* FROM "items" ORDER BY "items"."created_at" DESC[0m
  [1m[36mActiveStorage::Attachment Load (0.5ms)[0m  [1m[34mSELECT "active_storage_attachments".* FROM "active_storage_attachments" WHERE "active_storage_attachments"."record_id" = ? AND "active_storage_attachments"."record_type" = ? AND "active_storage_attachments"."name" = ? LIMIT ?[0m  [["record_id", 5], ["record_type", "Item"], ["name", "image"], ["LIMIT", 1]]
  Rendered items/index.html.erb within layouts/application (Duration: 171.4ms | Allocations: 17553)
  Rendered layout layouts/application.html.erb (Duration: 209.9ms | Allocations: 22988)
Completed 200 OK in 351ms (Views: 212.5ms | ActiveRecord: 15.0ms | Allocations: 40025)


Started GET "/items/new" for ::1 at 2026-09-30 19:23:06 +0530
Processing by ItemsController#new as HTML
  Rendering layout layouts/application.html.erb
  Rendering items/new.html.erb within layouts/application
  Rendered items/new.html.erb within layouts/application (Duration: 58.6ms | Allocations: 4536)
  Rendered layout layouts/application.html.erb (Duration: 65.6ms | Allocations: 5615)
Completed 200 OK in 70ms (Views: 67.4ms | ActiveRecord: 0.0ms | Allocations: 6054)


Started POST "/items" for ::1 at 2026-09-30 19:23:49 +0530
Processing by ItemsController#create as HTML
  Parameters: {"authenticity_token"=>"[FILTERED]", "item"=>{"title"=>" Blue Mobile", "description"=>"black cover", "category"=>"Mobile", "location"=>"college campus", "date_lost_found"=>"2026-09-30", "status"=>"Lost", "contact_name"=>"Eniya", "contact_email"=>"eniyae24cs@psnacet.edu.in", "image"=>#<ActionDispatch::Http::UploadedFile:0x000002c465221060 @tempfile=#<Tempfile:C:/Users/ELCOT/AppData/Local/Temp/RackMultipart20260930-2256-zo4ukx.webp>, @content_type="image/webp", @original_filename="mobile.webp", @headers="Content-Disposition: form-data; name=\"item[image]\"; filename=\"mobile.webp\"\r\nContent-Type: image/webp\r\n">}, "commit"=>"Submit Report"}
  [1m[36mTRANSACTION (0.1ms)[0m  [1m[36mbegin transaction[0m
  [1m[36mItem Create (1.9ms)[0m  [1m[32mINSERT INTO "items" ("title", "description", "category", "location", "date_lost_found", "status", "created_at", "updated_at", "contact", "contact_name", "contact_email") VALUES (?, ?, ?, ?, ?, ?, ?, ?, ?, ?, ?)[0m  [["title", " Blue Mobile"], ["description", "black cover"], ["category", "Mobile"], ["location", "college campus"], ["date_lost_found", "2026-09-30"], ["status", "Lost"], ["created_at", "2026-09-30 13:53:49.927366"], ["updated_at", "2026-09-30 13:53:49.927366"], ["contact", nil], ["contact_name", "Eniya"], ["contact_email", "eniyae24cs@psnacet.edu.in"]]
  [1m[36mActiveStorage::Blob Load (0.4ms)[0m  [1m[34mSELECT "active_storage_blobs".* FROM "active_storage_blobs" INNER JOIN "active_storage_attachments" ON "active_storage_blobs"."id" = "active_storage_attachments"."blob_id" WHERE "active_storage_attachments"."record_id" = ? AND "active_storage_attachments"."record_type" = ? AND "active_storage_attachments"."name" = ? LIMIT ?[0m  [["record_id", 6], ["record_type", "Item"], ["name", "image"], ["LIMIT", 1]]
  [1m[36mActiveStorage::Attachment Load (0.1ms)[0m  [1m[34mSELECT "active_storage_attachments".* FROM "active_storage_attachments" WHERE "active_storage_attachments"."record_id" = ? AND "active_storage_attachments"."record_type" = ? AND "active_storage_attachments"."name" = ? LIMIT ?[0m  [["record_id", 6], ["record_type", "Item"], ["name", "image"], ["LIMIT", 1]]
  [1m[36mActiveStorage::Blob Create (1.9ms)[0m  [1m[32mINSERT INTO "active_storage_blobs" ("key", "filename", "content_type", "metadata", "service_name", "byte_size", "checksum", "created_at") VALUES (?, ?, ?, ?, ?, ?, ?, ?)[0m  [["key", "ip8ptval8ovb3xlf1toodpjxxb14"], ["filename", "mobile.webp"], ["content_type", "image/webp"], ["metadata", "{\"identified\":true}"], ["service_name", "local"], ["byte_size", 24922], ["checksum", "JrVYngoQJTnAhQAQV4Rz/w=="], ["created_at", "2026-09-30 13:53:49.992574"]]
  [1m[36mActiveStorage::Attachment Create (1.2ms)[0m  [1m[32mINSERT INTO "active_storage_attachments" ("name", "record_type", "record_id", "blob_id", "created_at") VALUES (?, ?, ?, ?, ?)[0m  [["name", "image"], ["record_type", "Item"], ["record_id", 6], ["blob_id", 2], ["created_at", "2026-09-30 13:53:49.997258"]]
  [1m[36mItem Update (1.6ms)[0m  [1m[33mUPDATE "items" SET "updated_at" = ? WHERE "items"."id" = ?[0m  [["updated_at", "2026-09-30 13:53:50.001249"], ["id", 6]]
  [1m[36mTRANSACTION (3.9ms)[0m  [1m[36mcommit transaction[0m
[36m  Disk Storage (5.2ms) [0m[32mUploaded file to key: ip8ptval8ovb3xlf1toodpjxxb14 (checksum: JrVYngoQJTnAhQAQV4Rz/w==)[0m
[ActiveJob] Enqueued ActiveStorage::AnalyzeJob (Job ID: 0020a254-f11a-4b44-a951-a1191c87be0f) to Async(default) with arguments: #<GlobalID:0x000002c46626f7c8 @uri=#<URI::GID gid://lost-and-found/ActiveStorage::Blob/2>>
Redirected to http://localhost:3000/items/6
Completed 302 Found in 244ms (ActiveRecord: 13.9ms | Allocations: 25059)


Started GET "/items/6" for ::1 at 2026-09-30 19:23:50 +0530
[ActiveJob] [ActiveStorage::AnalyzeJob] [0020a254-f11a-4b44-a951-a1191c87be0f]   [1m[36mActiveStorage::Blob Load (0.5ms)[0m  [1m[34mSELECT "active_storage_blobs".* FROM "active_storage_blobs" WHERE "active_storage_blobs"."id" = ? LIMIT ?[0m  [["id", 2], ["LIMIT", 1]]
[ActiveJob] [ActiveStorage::AnalyzeJob] [0020a254-f11a-4b44-a951-a1191c87be0f] Performing ActiveStorage::AnalyzeJob (Job ID: 0020a254-f11a-4b44-a951-a1191c87be0f) from Async(default) enqueued at 2026-09-30T13:53:50Z with arguments: #<GlobalID:0x000002c46629ede8 @uri=#<URI::GID gid://lost-and-found/ActiveStorage::Blob/2>>
[ActiveJob] [ActiveStorage::AnalyzeJob] [0020a254-f11a-4b44-a951-a1191c87be0f] Skipping image analysis because the ruby-vips gem isn't installed
[ActiveJob] [ActiveStorage::AnalyzeJob] [0020a254-f11a-4b44-a951-a1191c87be0f]   [1m[36mTRANSACTION (0.1ms)[0m  [1m[36mbegin transaction[0m
[ActiveJob] [ActiveStorage::AnalyzeJob] [0020a254-f11a-4b44-a951-a1191c87be0f]   [1m[36mActiveStorage::Blob Update (1.4ms)[0m  [1m[33mUPDATE "active_storage_blobs" SET "metadata" = ? WHERE "active_storage_blobs"."id" = ?[0m  [["metadata", "{\"identified\":true,\"analyzed\":true}"], ["id", 2]]
[ActiveJob] [ActiveStorage::AnalyzeJob] [0020a254-f11a-4b44-a951-a1191c87be0f]   [1m[36mTRANSACTION (3.8ms)[0m  [1m[36mcommit transaction[0m
[ActiveJob] [ActiveStorage::AnalyzeJob] [0020a254-f11a-4b44-a951-a1191c87be0f] Performed ActiveStorage::AnalyzeJob (Job ID: 0020a254-f11a-4b44-a951-a1191c87be0f) from Async(default) in 47.29ms
Processing by ItemsController#show as HTML
  Parameters: {"id"=>"6"}
  [1m[36mItem Load (0.5ms)[0m  [1m[34mSELECT "items".* FROM "items" WHERE "items"."id" = ? LIMIT ?[0m  [["id", 6], ["LIMIT", 1]]
  Rendering layout layouts/application.html.erb
  Rendering items/show.html.erb within layouts/application
  [1m[36mActiveStorage::Attachment Load (0.5ms)[0m  [1m[34mSELECT "active_storage_attachments".* FROM "active_storage_attachments" WHERE "active_storage_attachments"."record_id" = ? AND "active_storage_attachments"."record_type" = ? AND "active_storage_attachments"."name" = ? LIMIT ?[0m  [["record_id", 6], ["record_type", "Item"], ["name", "image"], ["LIMIT", 1]]
  [1m[36mActiveStorage::Blob Load (0.3ms)[0m  [1m[34mSELECT "active_storage_blobs".* FROM "active_storage_blobs" WHERE "active_storage_blobs"."id" = ? LIMIT ?[0m  [["id", 2], ["LIMIT", 1]]
  Rendered items/show.html.erb within layouts/application (Duration: 14.6ms | Allocations: 2497)
  Rendered layout layouts/application.html.erb (Duration: 26.0ms | Allocations: 3785)
Completed 200 OK in 32ms (Views: 26.7ms | ActiveRecord: 1.4ms | Allocations: 4901)


Started GET "/rails/active_storage/blobs/redirect/eyJfcmFpbHMiOnsibWVzc2FnZSI6IkJBaHBCdz09IiwiZXhwIjpudWxsLCJwdXIiOiJibG9iX2lkIn19--106c1880109ab7b85e3c5d20127ffa2e5803cef3/mobile.webp" for ::1 at 2026-09-30 19:23:50 +0530
Processing by ActiveStorage::Blobs::RedirectController#show as */*
  Parameters: {"signed_id"=>"eyJfcmFpbHMiOnsibWVzc2FnZSI6IkJBaHBCdz09IiwiZXhwIjpudWxsLCJwdXIiOiJibG9iX2lkIn19--106c1880109ab7b85e3c5d20127ffa2e5803cef3", "filename"=>"mobile"}
  [1m[36mActiveStorage::Blob Load (0.4ms)[0m  [1m[34mSELECT "active_storage_blobs".* FROM "active_storage_blobs" WHERE "active_storage_blobs"."id" = ? LIMIT ?[0m  [["id", 2], ["LIMIT", 1]]
[36m  Disk Storage (2.5ms) [0m[34mGenerated URL for file at key: ip8ptval8ovb3xlf1toodpjxxb14 (http://localhost:3000/rails/active_storage/disk/eyJfcmFpbHMiOnsibWVzc2FnZSI6IkJBaDdDVG9JYTJWNVNTSWhhWEE0Y0hSMllXdzRiM1ppTTNoc1pqRjBiMjlrY0dwNGVHSXhOQVk2QmtWVU9oQmthWE53YjNOcGRHbHZia2tpUldGMGRHRmphRzFsYm5RN0lHWnBiR1Z1WVcxbFBTSnRiMkpwYkdVdWQyVmljQ0k3SUdacGJHVnVZVzFsS2oxVlZFWXRPQ2NuYlc5aWFXeGxMbmRsWW5BR093WlVPaEZqYjI1MFpXNTBYM1I1Y0dWSklnOXBiV0ZuWlM5M1pXSndCanNHVkRvUmMyVnlkbWxqWlY5dVlXMWxPZ3BzYjJOaGJBPT0iLCJleHAiOiIyMDI2LTA5LTMwVDEzOjU4OjUwLjMwNloiLCJwdXIiOiJibG9iX2tleSJ9fQ==--45748608d4747d6088e8fe92df0284d2e612e5b4/mobile.webp)[0m
Redirected to http://localhost:3000/rails/active_storage/disk/eyJfcmFpbHMiOnsibWVzc2FnZSI6IkJBaDdDVG9JYTJWNVNTSWhhWEE0Y0hSMllXdzRiM1ppTTNoc1pqRjBiMjlrY0dwNGVHSXhOQVk2QmtWVU9oQmthWE53YjNOcGRHbHZia2tpUldGMGRHRmphRzFsYm5RN0lHWnBiR1Z1WVcxbFBTSnRiMkpwYkdVdWQyVmljQ0k3SUdacGJHVnVZVzFsS2oxVlZFWXRPQ2NuYlc5aWFXeGxMbmRsWW5BR093WlVPaEZqYjI1MFpXNTBYM1I1Y0dWSklnOXBiV0ZuWlM5M1pXSndCanNHVkRvUmMyVnlkbWxqWlY5dVlXMWxPZ3BzYjJOaGJBPT0iLCJleHAiOiIyMDI2LTA5LTMwVDEzOjU4OjUwLjMwNloiLCJwdXIiOiJibG9iX2tleSJ9fQ==--45748608d4747d6088e8fe92df0284d2e612e5b4/mobile.webp
Completed 302 Found in 13ms (ActiveRecord: 0.4ms | Allocations: 1869)


Started GET "/rails/active_storage/disk/eyJfcmFpbHMiOnsibWVzc2FnZSI6IkJBaDdDVG9JYTJWNVNTSWhhWEE0Y0hSMllXdzRiM1ppTTNoc1pqRjBiMjlrY0dwNGVHSXhOQVk2QmtWVU9oQmthWE53YjNOcGRHbHZia2tpUldGMGRHRmphRzFsYm5RN0lHWnBiR1Z1WVcxbFBTSnRiMkpwYkdVdWQyVmljQ0k3SUdacGJHVnVZVzFsS2oxVlZFWXRPQ2NuYlc5aWFXeGxMbmRsWW5BR093WlVPaEZqYjI1MFpXNTBYM1I1Y0dWSklnOXBiV0ZuWlM5M1pXSndCanNHVkRvUmMyVnlkbWxqWlY5dVlXMWxPZ3BzYjJOaGJBPT0iLCJleHAiOiIyMDI2LTA5LTMwVDEzOjU4OjUwLjMwNloiLCJwdXIiOiJibG9iX2tleSJ9fQ==--45748608d4747d6088e8fe92df0284d2e612e5b4/mobile.webp" for ::1 at 2026-09-30 19:23:50 +0530
Processing by ActiveStorage::DiskController#show as */*
  Parameters: {"encoded_key"=>"[FILTERED]", "filename"=>"mobile"}
Completed 200 OK in 2ms (ActiveRecord: 0.0ms | Allocations: 277)


Started GET "/" for ::1 at 2026-09-30 19:32:51 +0530
Processing by ItemsController#index as HTML
  Rendering layout layouts/application.html.erb
  Rendering items/index.html.erb within layouts/application
  [1m[36mItem Exists? (0.4ms)[0m  [1m[34mSELECT 1 AS one FROM "items" LIMIT ?[0m  [["LIMIT", 1]]
  [1m[36mItem Load (0.3ms)[0m  [1m[34mSELECT "items".* FROM "items" ORDER BY "items"."created_at" DESC[0m
  [1m[36mActiveStorage::Attachment Load (0.5ms)[0m  [1m[34mSELECT "active_storage_attachments".* FROM "active_storage_attachments" WHERE "active_storage_attachments"."record_id" = ? AND "active_storage_attachments"."record_type" = ? AND "active_storage_attachments"."name" = ? LIMIT ?[0m  [["record_id", 6], ["record_type", "Item"], ["name", "image"], ["LIMIT", 1]]
  [1m[36mActiveStorage::Blob Load (0.4ms)[0m  [1m[34mSELECT "active_storage_blobs".* FROM "active_storage_blobs" WHERE "active_storage_blobs"."id" = ? LIMIT ?[0m  [["id", 2], ["LIMIT", 1]]
  [1m[36mActiveStorage::Attachment Load (0.4ms)[0m  [1m[34mSELECT "active_storage_attachments".* FROM "active_storage_attachments" WHERE "active_storage_attachments"."record_id" = ? AND "active_storage_attachments"."record_type" = ? AND "active_storage_attachments"."name" = ? LIMIT ?[0m  [["record_id", 5], ["record_type", "Item"], ["name", "image"], ["LIMIT", 1]]
  Rendered items/index.html.erb within layouts/application (Duration: 19.0ms | Allocations: 3864)
  Rendered layout layouts/application.html.erb (Duration: 26.5ms | Allocations: 5360)
Completed 200 OK in 41ms (Views: 29.8ms | ActiveRecord: 2.6ms | Allocations: 6471)


Started GET "/rails/active_storage/blobs/redirect/eyJfcmFpbHMiOnsibWVzc2FnZSI6IkJBaHBCdz09IiwiZXhwIjpudWxsLCJwdXIiOiJibG9iX2lkIn19--106c1880109ab7b85e3c5d20127ffa2e5803cef3/mobile.webp" for ::1 at 2026-09-30 19:32:51 +0530
Processing by ActiveStorage::Blobs::RedirectController#show as */*
  Parameters: {"signed_id"=>"eyJfcmFpbHMiOnsibWVzc2FnZSI6IkJBaHBCdz09IiwiZXhwIjpudWxsLCJwdXIiOiJibG9iX2lkIn19--106c1880109ab7b85e3c5d20127ffa2e5803cef3", "filename"=>"mobile"}
  [1m[36mActiveStorage::Blob Load (0.3ms)[0m  [1m[34mSELECT "active_storage_blobs".* FROM "active_storage_blobs" WHERE "active_storage_blobs"."id" = ? LIMIT ?[0m  [["id", 2], ["LIMIT", 1]]
[36m  Disk Storage (1.5ms) [0m[34mGenerated URL for file at key: ip8ptval8ovb3xlf1toodpjxxb14 (http://localhost:3000/rails/active_storage/disk/eyJfcmFpbHMiOnsibWVzc2FnZSI6IkJBaDdDVG9JYTJWNVNTSWhhWEE0Y0hSMllXdzRiM1ppTTNoc1pqRjBiMjlrY0dwNGVHSXhOQVk2QmtWVU9oQmthWE53YjNOcGRHbHZia2tpUldGMGRHRmphRzFsYm5RN0lHWnBiR1Z1WVcxbFBTSnRiMkpwYkdVdWQyVmljQ0k3SUdacGJHVnVZVzFsS2oxVlZFWXRPQ2NuYlc5aWFXeGxMbmRsWW5BR093WlVPaEZqYjI1MFpXNTBYM1I1Y0dWSklnOXBiV0ZuWlM5M1pXSndCanNHVkRvUmMyVnlkbWxqWlY5dVlXMWxPZ3BzYjJOaGJBPT0iLCJleHAiOiIyMDI2LTA5LTMwVDE0OjA3OjUxLjk2NVoiLCJwdXIiOiJibG9iX2tleSJ9fQ==--e6df2247a80c8671264a23ff6e320f7bd42d8580/mobile.webp)[0m
Redirected to http://localhost:3000/rails/active_storage/disk/eyJfcmFpbHMiOnsibWVzc2FnZSI6IkJBaDdDVG9JYTJWNVNTSWhhWEE0Y0hSMllXdzRiM1ppTTNoc1pqRjBiMjlrY0dwNGVHSXhOQVk2QmtWVU9oQmthWE53YjNOcGRHbHZia2tpUldGMGRHRmphRzFsYm5RN0lHWnBiR1Z1WVcxbFBTSnRiMkpwYkdVdWQyVmljQ0k3SUdacGJHVnVZVzFsS2oxVlZFWXRPQ2NuYlc5aWFXeGxMbmRsWW5BR093WlVPaEZqYjI1MFpXNTBYM1I1Y0dWSklnOXBiV0ZuWlM5M1pXSndCanNHVkRvUmMyVnlkbWxqWlY5dVlXMWxPZ3BzYjJOaGJBPT0iLCJleHAiOiIyMDI2LTA5LTMwVDE0OjA3OjUxLjk2NVoiLCJwdXIiOiJibG9iX2tleSJ9fQ==--e6df2247a80c8671264a23ff6e320f7bd42d8580/mobile.webp
Completed 302 Found in 5ms (ActiveRecord: 0.3ms | Allocations: 564)


Started GET "/rails/active_storage/disk/eyJfcmFpbHMiOnsibWVzc2FnZSI6IkJBaDdDVG9JYTJWNVNTSWhhWEE0Y0hSMllXdzRiM1ppTTNoc1pqRjBiMjlrY0dwNGVHSXhOQVk2QmtWVU9oQmthWE53YjNOcGRHbHZia2tpUldGMGRHRmphRzFsYm5RN0lHWnBiR1Z1WVcxbFBTSnRiMkpwYkdVdWQyVmljQ0k3SUdacGJHVnVZVzFsS2oxVlZFWXRPQ2NuYlc5aWFXeGxMbmRsWW5BR093WlVPaEZqYjI1MFpXNTBYM1I1Y0dWSklnOXBiV0ZuWlM5M1pXSndCanNHVkRvUmMyVnlkbWxqWlY5dVlXMWxPZ3BzYjJOaGJBPT0iLCJleHAiOiIyMDI2LTA5LTMwVDE0OjA3OjUxLjk2NVoiLCJwdXIiOiJibG9iX2tleSJ9fQ==--e6df2247a80c8671264a23ff6e320f7bd42d8580/mobile.webp" for ::1 at 2026-09-30 19:32:51 +0530
Processing by ActiveStorage::DiskController#show as */*
  Parameters: {"encoded_key"=>"[FILTERED]", "filename"=>"mobile"}
Completed 200 OK in 1ms (ActiveRecord: 0.0ms | Allocations: 160)


Started GET "/" for ::1 at 2026-09-30 19:40:21 +0530
Processing by ItemsController#index as HTML
  Rendering layout layouts/application.html.erb
  Rendering items/index.html.erb within layouts/application
  [1m[36mItem Exists? (0.5ms)[0m  [1m[34mSELECT 1 AS one FROM "items" LIMIT ?[0m  [["LIMIT", 1]]
  [1m[36mItem Load (0.3ms)[0m  [1m[34mSELECT "items".* FROM "items" ORDER BY "items"."created_at" DESC[0m
  [1m[36mActiveStorage::Attachment Load (0.4ms)[0m  [1m[34mSELECT "active_storage_attachments".* FROM "active_storage_attachments" WHERE "active_storage_attachments"."record_id" = ? AND "active_storage_attachments"."record_type" = ? AND "active_storage_attachments"."name" = ? LIMIT ?[0m  [["record_id", 6], ["record_type", "Item"], ["name", "image"], ["LIMIT", 1]]
  [1m[36mActiveStorage::Blob Load (0.7ms)[0m  [1m[34mSELECT "active_storage_blobs".* FROM "active_storage_blobs" WHERE "active_storage_blobs"."id" = ? LIMIT ?[0m  [["id", 2], ["LIMIT", 1]]
  [1m[36mActiveStorage::Attachment Load (0.5ms)[0m  [1m[34mSELECT "active_storage_attachments".* FROM "active_storage_attachments" WHERE "active_storage_attachments"."record_id" = ? AND "active_storage_attachments"."record_type" = ? AND "active_storage_attachments"."name" = ? LIMIT ?[0m  [["record_id", 5], ["record_type", "Item"], ["name", "image"], ["LIMIT", 1]]
  Rendered items/index.html.erb within layouts/application (Duration: 23.9ms | Allocations: 3780)
  Rendered layout layouts/application.html.erb (Duration: 39.3ms | Allocations: 5294)
Completed 200 OK in 51ms (Views: 42.9ms | ActiveRecord: 3.1ms | Allocations: 6318)


Started GET "/rails/active_storage/blobs/redirect/eyJfcmFpbHMiOnsibWVzc2FnZSI6IkJBaHBCdz09IiwiZXhwIjpudWxsLCJwdXIiOiJibG9iX2lkIn19--106c1880109ab7b85e3c5d20127ffa2e5803cef3/mobile.webp" for ::1 at 2026-09-30 19:40:21 +0530
Processing by ActiveStorage::Blobs::RedirectController#show as */*
  Parameters: {"signed_id"=>"eyJfcmFpbHMiOnsibWVzc2FnZSI6IkJBaHBCdz09IiwiZXhwIjpudWxsLCJwdXIiOiJibG9iX2lkIn19--106c1880109ab7b85e3c5d20127ffa2e5803cef3", "filename"=>"mobile"}
  [1m[36mActiveStorage::Blob Load (0.4ms)[0m  [1m[34mSELECT "active_storage_blobs".* FROM "active_storage_blobs" WHERE "active_storage_blobs"."id" = ? LIMIT ?[0m  [["id", 2], ["LIMIT", 1]]
[36m  Disk Storage (1.2ms) [0m[34mGenerated URL for file at key: ip8ptval8ovb3xlf1toodpjxxb14 (http://localhost:3000/rails/active_storage/disk/eyJfcmFpbHMiOnsibWVzc2FnZSI6IkJBaDdDVG9JYTJWNVNTSWhhWEE0Y0hSMllXdzRiM1ppTTNoc1pqRjBiMjlrY0dwNGVHSXhOQVk2QmtWVU9oQmthWE53YjNOcGRHbHZia2tpUldGMGRHRmphRzFsYm5RN0lHWnBiR1Z1WVcxbFBTSnRiMkpwYkdVdWQyVmljQ0k3SUdacGJHVnVZVzFsS2oxVlZFWXRPQ2NuYlc5aWFXeGxMbmRsWW5BR093WlVPaEZqYjI1MFpXNTBYM1I1Y0dWSklnOXBiV0ZuWlM5M1pXSndCanNHVkRvUmMyVnlkbWxqWlY5dVlXMWxPZ3BzYjJOaGJBPT0iLCJleHAiOiIyMDI2LTA5LTMwVDE0OjE1OjIxLjk3MFoiLCJwdXIiOiJibG9iX2tleSJ9fQ==--522f1f57ce7b693a7c1b5b7be060f7ea7ed08ce5/mobile.webp)[0m
Redirected to http://localhost:3000/rails/active_storage/disk/eyJfcmFpbHMiOnsibWVzc2FnZSI6IkJBaDdDVG9JYTJWNVNTSWhhWEE0Y0hSMllXdzRiM1ppTTNoc1pqRjBiMjlrY0dwNGVHSXhOQVk2QmtWVU9oQmthWE53YjNOcGRHbHZia2tpUldGMGRHRmphRzFsYm5RN0lHWnBiR1Z1WVcxbFBTSnRiMkpwYkdVdWQyVmljQ0k3SUdacGJHVnVZVzFsS2oxVlZFWXRPQ2NuYlc5aWFXeGxMbmRsWW5BR093WlVPaEZqYjI1MFpXNTBYM1I1Y0dWSklnOXBiV0ZuWlM5M1pXSndCanNHVkRvUmMyVnlkbWxqWlY5dVlXMWxPZ3BzYjJOaGJBPT0iLCJleHAiOiIyMDI2LTA5LTMwVDE0OjE1OjIxLjk3MFoiLCJwdXIiOiJibG9iX2tleSJ9fQ==--522f1f57ce7b693a7c1b5b7be060f7ea7ed08ce5/mobile.webp
Completed 302 Found in 4ms (ActiveRecord: 0.4ms | Allocations: 568)


Started GET "/rails/active_storage/disk/eyJfcmFpbHMiOnsibWVzc2FnZSI6IkJBaDdDVG9JYTJWNVNTSWhhWEE0Y0hSMllXdzRiM1ppTTNoc1pqRjBiMjlrY0dwNGVHSXhOQVk2QmtWVU9oQmthWE53YjNOcGRHbHZia2tpUldGMGRHRmphRzFsYm5RN0lHWnBiR1Z1WVcxbFBTSnRiMkpwYkdVdWQyVmljQ0k3SUdacGJHVnVZVzFsS2oxVlZFWXRPQ2NuYlc5aWFXeGxMbmRsWW5BR093WlVPaEZqYjI1MFpXNTBYM1I1Y0dWSklnOXBiV0ZuWlM5M1pXSndCanNHVkRvUmMyVnlkbWxqWlY5dVlXMWxPZ3BzYjJOaGJBPT0iLCJleHAiOiIyMDI2LTA5LTMwVDE0OjE1OjIxLjk3MFoiLCJwdXIiOiJibG9iX2tleSJ9fQ==--522f1f57ce7b693a7c1b5b7be060f7ea7ed08ce5/mobile.webp" for ::1 at 2026-09-30 19:40:21 +0530
Processing by ActiveStorage::DiskController#show as */*
  Parameters: {"encoded_key"=>"[FILTERED]", "filename"=>"mobile"}
Completed 200 OK in 2ms (ActiveRecord: 0.0ms | Allocations: 158)


Started GET "/items/5" for ::1 at 2026-09-30 19:40:27 +0530
Processing by ItemsController#show as HTML
  Parameters: {"id"=>"5"}
  [1m[36mItem Load (0.7ms)[0m  [1m[34mSELECT "items".* FROM "items" WHERE "items"."id" = ? LIMIT ?[0m  [["id", 5], ["LIMIT", 1]]
  Rendering layout layouts/application.html.erb
  Rendering items/show.html.erb within layouts/application
  [1m[36mActiveStorage::Attachment Load (0.4ms)[0m  [1m[34mSELECT "active_storage_attachments".* FROM "active_storage_attachments" WHERE "active_storage_attachments"."record_id" = ? AND "active_storage_attachments"."record_type" = ? AND "active_storage_attachments"."name" = ? LIMIT ?[0m  [["record_id", 5], ["record_type", "Item"], ["name", "image"], ["LIMIT", 1]]
  Rendered items/show.html.erb within layouts/application (Duration: 5.2ms | Allocations: 951)
  Rendered layout layouts/application.html.erb (Duration: 15.5ms | Allocations: 2056)
Completed 200 OK in 22ms (Views: 16.7ms | ActiveRecord: 1.0ms | Allocations: 2529)


Started GET "/items/5" for ::1 at 2026-09-30 19:43:29 +0530
Processing by ItemsController#show as HTML
  Parameters: {"id"=>"5"}
  [1m[36mItem Load (0.3ms)[0m  [1m[34mSELECT "items".* FROM "items" WHERE "items"."id" = ? LIMIT ?[0m  [["id", 5], ["LIMIT", 1]]
  Rendering layout layouts/application.html.erb
  Rendering items/show.html.erb within layouts/application
  [1m[36mActiveStorage::Attachment Load (0.4ms)[0m  [1m[34mSELECT "active_storage_attachments".* FROM "active_storage_attachments" WHERE "active_storage_attachments"."record_id" = ? AND "active_storage_attachments"."record_type" = ? AND "active_storage_attachments"."name" = ? LIMIT ?[0m  [["record_id", 5], ["record_type", "Item"], ["name", "image"], ["LIMIT", 1]]
  Rendered items/show.html.erb within layouts/application (Duration: 2.8ms | Allocations: 550)
  Rendered layout layouts/application.html.erb (Duration: 132.0ms | Allocations: 4737)
Completed 200 OK in 135ms (Views: 132.8ms | ActiveRecord: 0.7ms | Allocations: 5099)


Started GET "/assets/application-de1fd07c7836a8187173830ad695df9144970381c518907a0dd28fcaf5e63bfc.css" for ::1 at 2026-09-30 19:43:29 +0530
Started GET "/" for ::1 at 2026-09-30 19:43:41 +0530
Processing by ItemsController#index as HTML
  Rendering layout layouts/application.html.erb
  Rendering items/index.html.erb within layouts/application
  [1m[36mItem Exists? (1.1ms)[0m  [1m[34mSELECT 1 AS one FROM "items" LIMIT ?[0m  [["LIMIT", 1]]
  [1m[36mItem Load (0.5ms)[0m  [1m[34mSELECT "items".* FROM "items" ORDER BY "items"."created_at" DESC[0m
  [1m[36mActiveStorage::Attachment Load (0.6ms)[0m  [1m[34mSELECT "active_storage_attachments".* FROM "active_storage_attachments" WHERE "active_storage_attachments"."record_id" = ? AND "active_storage_attachments"."record_type" = ? AND "active_storage_attachments"."name" = ? LIMIT ?[0m  [["record_id", 6], ["record_type", "Item"], ["name", "image"], ["LIMIT", 1]]
  [1m[36mActiveStorage::Blob Load (0.5ms)[0m  [1m[34mSELECT "active_storage_blobs".* FROM "active_storage_blobs" WHERE "active_storage_blobs"."id" = ? LIMIT ?[0m  [["id", 2], ["LIMIT", 1]]
  [1m[36mActiveStorage::Attachment Load (0.5ms)[0m  [1m[34mSELECT "active_storage_attachments".* FROM "active_storage_attachments" WHERE "active_storage_attachments"."record_id" = ? AND "active_storage_attachments"."record_type" = ? AND "active_storage_attachments"."name" = ? LIMIT ?[0m  [["record_id", 5], ["record_type", "Item"], ["name", "image"], ["LIMIT", 1]]
  Rendered items/index.html.erb within layouts/application (Duration: 22.3ms | Allocations: 2759)
  Rendered layout layouts/application.html.erb (Duration: 32.6ms | Allocations: 3891)
Completed 200 OK in 37ms (Views: 32.7ms | ActiveRecord: 3.1ms | Allocations: 4188)


Started GET "/rails/active_storage/disk/eyJfcmFpbHMiOnsibWVzc2FnZSI6IkJBaDdDVG9JYTJWNVNTSWhhWEE0Y0hSMllXdzRiM1ppTTNoc1pqRjBiMjlrY0dwNGVHSXhOQVk2QmtWVU9oQmthWE53YjNOcGRHbHZia2tpUldGMGRHRmphRzFsYm5RN0lHWnBiR1Z1WVcxbFBTSnRiMkpwYkdVdWQyVmljQ0k3SUdacGJHVnVZVzFsS2oxVlZFWXRPQ2NuYlc5aWFXeGxMbmRsWW5BR093WlVPaEZqYjI1MFpXNTBYM1I1Y0dWSklnOXBiV0ZuWlM5M1pXSndCanNHVkRvUmMyVnlkbWxqWlY5dVlXMWxPZ3BzYjJOaGJBPT0iLCJleHAiOiIyMDI2LTA5LTMwVDE0OjE1OjIxLjk3MFoiLCJwdXIiOiJibG9iX2tleSJ9fQ==--522f1f57ce7b693a7c1b5b7be060f7ea7ed08ce5/mobile.webp" for ::1 at 2026-09-30 19:43:41 +0530
Processing by ActiveStorage::DiskController#show as */*
  Parameters: {"encoded_key"=>"[FILTERED]", "filename"=>"mobile"}
Completed 304 Not Modified in 2ms (ActiveRecord: 0.0ms | Allocations: 132)


Started GET "/items/5" for ::1 at 2026-09-30 19:43:50 +0530
Processing by ItemsController#show as HTML
  Parameters: {"id"=>"5"}
  [1m[36mItem Load (0.4ms)[0m  [1m[34mSELECT "items".* FROM "items" WHERE "items"."id" = ? LIMIT ?[0m  [["id", 5], ["LIMIT", 1]]
  Rendering layout layouts/application.html.erb
  Rendering items/show.html.erb within layouts/application
  [1m[36mActiveStorage::Attachment Load (0.4ms)[0m  [1m[34mSELECT "active_storage_attachments".* FROM "active_storage_attachments" WHERE "active_storage_attachments"."record_id" = ? AND "active_storage_attachments"."record_type" = ? AND "active_storage_attachments"."name" = ? LIMIT ?[0m  [["record_id", 5], ["record_type", "Item"], ["name", "image"], ["LIMIT", 1]]
  Rendered items/show.html.erb within layouts/application (Duration: 3.3ms | Allocations: 549)
  Rendered layout layouts/application.html.erb (Duration: 12.1ms | Allocations: 1677)
Completed 200 OK in 15ms (Views: 12.9ms | ActiveRecord: 0.7ms | Allocations: 2028)


Started GET "/items/5/edit" for ::1 at 2026-09-30 19:44:54 +0530
Processing by ItemsController#edit as HTML
  Parameters: {"id"=>"5"}
  [1m[36mItem Load (0.4ms)[0m  [1m[34mSELECT "items".* FROM "items" WHERE "items"."id" = ? LIMIT ?[0m  [["id", 5], ["LIMIT", 1]]
  Rendering layout layouts/application.html.erb
  Rendering items/edit.html.erb within layouts/application
  Rendered items/edit.html.erb within layouts/application (Duration: 10.2ms | Allocations: 2990)
  Rendered layout layouts/application.html.erb (Duration: 16.6ms | Allocations: 3929)
Completed 200 OK in 23ms (Views: 18.1ms | ActiveRecord: 0.4ms | Allocations: 4335)


Started PATCH "/items/5" for ::1 at 2026-09-30 19:45:04 +0530
Processing by ItemsController#update as HTML
  Parameters: {"authenticity_token"=>"[FILTERED]", "item"=>{"title"=>" Blue Mobile", "description"=>"blue mobile with black cover", "category"=>"Mobile", "location"=>"college campus", "date_lost_found"=>"2026-01-30", "status"=>"Found", "contact_name"=>"Eniya", "contact_email"=>"eniyae24cs@psnacet.edu.in"}, "commit"=>"Update Item", "id"=>"5"}
  [1m[36mItem Load (0.5ms)[0m  [1m[34mSELECT "items".* FROM "items" WHERE "items"."id" = ? LIMIT ?[0m  [["id", 5], ["LIMIT", 1]]
  [1m[36mTRANSACTION (0.2ms)[0m  [1m[36mbegin transaction[0m
  [1m[36mItem Update (1.8ms)[0m  [1m[33mUPDATE "items" SET "status" = ?, "updated_at" = ? WHERE "items"."id" = ?[0m  [["status", "Found"], ["updated_at", "2026-09-30 14:15:04.962819"], ["id", 5]]
  [1m[36mTRANSACTION (3.6ms)[0m  [1m[36mcommit transaction[0m
Redirected to http://localhost:3000/items/5
Completed 302 Found in 17ms (ActiveRecord: 6.1ms | Allocations: 1242)


Started GET "/items/5" for ::1 at 2026-09-30 19:45:04 +0530
Processing by ItemsController#show as HTML
  Parameters: {"id"=>"5"}
  [1m[36mItem Load (0.4ms)[0m  [1m[34mSELECT "items".* FROM "items" WHERE "items"."id" = ? LIMIT ?[0m  [["id", 5], ["LIMIT", 1]]
  Rendering layout layouts/application.html.erb
  Rendering items/show.html.erb within layouts/application
  [1m[36mActiveStorage::Attachment Load (0.4ms)[0m  [1m[34mSELECT "active_storage_attachments".* FROM "active_storage_attachments" WHERE "active_storage_attachments"."record_id" = ? AND "active_storage_attachments"."record_type" = ? AND "active_storage_attachments"."name" = ? LIMIT ?[0m  [["record_id", 5], ["record_type", "Item"], ["name", "image"], ["LIMIT", 1]]
  Rendered items/show.html.erb within layouts/application (Duration: 3.6ms | Allocations: 549)
  Rendered layout layouts/application.html.erb (Duration: 10.0ms | Allocations: 1662)
Completed 200 OK in 14ms (Views: 11.6ms | ActiveRecord: 0.8ms | Allocations: 2013)


Started GET "/items/5/edit" for ::1 at 2026-09-30 19:45:16 +0530
Processing by ItemsController#edit as HTML
  Parameters: {"id"=>"5"}
  [1m[36mItem Load (0.5ms)[0m  [1m[34mSELECT "items".* FROM "items" WHERE "items"."id" = ? LIMIT ?[0m  [["id", 5], ["LIMIT", 1]]
  Rendering layout layouts/application.html.erb
  Rendering items/edit.html.erb within layouts/application
  Rendered items/edit.html.erb within layouts/application (Duration: 4.7ms | Allocations: 2328)
  Rendered layout layouts/application.html.erb (Duration: 23.2ms | Allocations: 3267)
Completed 200 OK in 27ms (Views: 24.7ms | ActiveRecord: 0.5ms | Allocations: 3618)


Started PATCH "/items/5" for ::1 at 2026-09-30 19:45:28 +0530
Processing by ItemsController#update as HTML
  Parameters: {"authenticity_token"=>"[FILTERED]", "item"=>{"title"=>" Blue Mobile", "description"=>"blue mobile with black cover", "category"=>"Mobile", "location"=>"college campus", "date_lost_found"=>"2026-01-30", "status"=>"Claimed", "contact_name"=>"Eniya", "contact_email"=>"eniyae24cs@psnacet.edu.in"}, "commit"=>"Update Item", "id"=>"5"}
  [1m[36mItem Load (0.5ms)[0m  [1m[34mSELECT "items".* FROM "items" WHERE "items"."id" = ? LIMIT ?[0m  [["id", 5], ["LIMIT", 1]]
  [1m[36mTRANSACTION (0.1ms)[0m  [1m[36mbegin transaction[0m
  [1m[36mItem Update (1.6ms)[0m  [1m[33mUPDATE "items" SET "status" = ?, "updated_at" = ? WHERE "items"."id" = ?[0m  [["status", "Claimed"], ["updated_at", "2026-09-30 14:15:28.800187"], ["id", 5]]
  [1m[36mTRANSACTION (5.2ms)[0m  [1m[36mcommit transaction[0m
Redirected to http://localhost:3000/items/5
Completed 302 Found in 17ms (ActiveRecord: 7.5ms | Allocations: 1049)


Started GET "/items/5" for ::1 at 2026-09-30 19:45:28 +0530
Processing by ItemsController#show as HTML
  Parameters: {"id"=>"5"}
  [1m[36mItem Load (0.7ms)[0m  [1m[34mSELECT "items".* FROM "items" WHERE "items"."id" = ? LIMIT ?[0m  [["id", 5], ["LIMIT", 1]]
  Rendering layout layouts/application.html.erb
  Rendering items/show.html.erb within layouts/application
  [1m[36mActiveStorage::Attachment Load (0.5ms)[0m  [1m[34mSELECT "active_storage_attachments".* FROM "active_storage_attachments" WHERE "active_storage_attachments"."record_id" = ? AND "active_storage_attachments"."record_type" = ? AND "active_storage_attachments"."name" = ? LIMIT ?[0m  [["record_id", 5], ["record_type", "Item"], ["name", "image"], ["LIMIT", 1]]
  Rendered items/show.html.erb within layouts/application (Duration: 3.9ms | Allocations: 549)
  Rendered layout layouts/application.html.erb (Duration: 10.0ms | Allocations: 1668)
Completed 200 OK in 14ms (Views: 11.2ms | ActiveRecord: 1.1ms | Allocations: 2019)


Started GET "/" for ::1 at 2026-09-30 19:52:23 +0530
  
Zeitwerk::NameError (expected file C:/Users/ELCOT/lost_and_found/app/controllers/items_controller.rb to define constant ItemsController, but didn't

      raise Zeitwerk::NameError.new(msg, cref.cname)
      ^^^^^):
  
zeitwerk (2.6.18) lib/zeitwerk/loader/callbacks.rb:32:in `on_file_autoloaded'
zeitwerk (2.6.18) lib/zeitwerk/kernel.rb:27:in `require'
activesupport (7.0.10) lib/active_support/inflector/methods.rb:278:in `const_get'
activesupport (7.0.10) lib/active_support/inflector/methods.rb:278:in `constantize'
activesupport (7.0.10) lib/active_support/core_ext/string/inflections.rb:74:in `constantize'
actionpack (7.0.10) lib/action_dispatch/http/request.rb:90:in `controller_class_for'
actionpack (7.0.10) lib/action_dispatch/request/utils.rb:95:in `action_encoding_template'
actionpack (7.0.10) lib/action_dispatch/request/utils.rb:83:in `encode'
actionpack (7.0.10) lib/action_dispatch/request/utils.rb:45:in `set_binary_encoding'
actionpack (7.0.10) lib/action_dispatch/http/parameters.rb:68:in `path_parameters='
actionpack (7.0.10) lib/action_dispatch/journey/router.rb:48:in `block in serve'
actionpack (7.0.10) lib/action_dispatch/journey/router.rb:32:in `each'
actionpack (7.0.10) lib/action_dispatch/journey/router.rb:32:in `serve'
actionpack (7.0.10) lib/action_dispatch/routing/route_set.rb:852:in `call'
rack (2.2.24) lib/rack/tempfile_reaper.rb:15:in `call'
rack (2.2.24) lib/rack/etag.rb:27:in `call'
rack (2.2.24) lib/rack/conditional_get.rb:27:in `call'
rack (2.2.24) lib/rack/head.rb:12:in `call'
actionpack (7.0.10) lib/action_dispatch/http/permissions_policy.rb:38:in `call'
actionpack (7.0.10) lib/action_dispatch/http/content_security_policy.rb:39:in `call'
rack (2.2.24) lib/rack/session/abstract/id.rb:266:in `context'
rack (2.2.24) lib/rack/session/abstract/id.rb:260:in `call'
actionpack (7.0.10) lib/action_dispatch/middleware/cookies.rb:704:in `call'
actionpack (7.0.10) lib/action_dispatch/middleware/callbacks.rb:27:in `block in call'
activesupport (7.0.10) lib/active_support/callbacks.rb:99:in `run_callbacks'
actionpack (7.0.10) lib/action_dispatch/middleware/callbacks.rb:26:in `call'
actionpack (7.0.10) lib/action_dispatch/middleware/executor.rb:14:in `call'
actionpack (7.0.10) lib/action_dispatch/middleware/debug_exceptions.rb:28:in `call'
web-console (4.2.1) lib/web_console/middleware.rb:132:in `call_app'
web-console (4.2.1) lib/web_console/middleware.rb:28:in `block in call'
web-console (4.2.1) lib/web_console/middleware.rb:17:in `catch'
web-console (4.2.1) lib/web_console/middleware.rb:17:in `call'
actionpack (7.0.10) lib/action_dispatch/middleware/show_exceptions.rb:29:in `call'
railties (7.0.10) lib/rails/rack/logger.rb:40:in `call_app'
railties (7.0.10) lib/rails/rack/logger.rb:25:in `block in call'
activesupport (7.0.10) lib/active_support/tagged_logging.rb:99:in `block in tagged'
activesupport (7.0.10) lib/active_support/tagged_logging.rb:37:in `tagged'
activesupport (7.0.10) lib/active_support/tagged_logging.rb:99:in `tagged'
railties (7.0.10) lib/rails/rack/logger.rb:25:in `call'
actionpack (7.0.10) lib/action_dispatch/middleware/remote_ip.rb:93:in `call'
actionpack (7.0.10) lib/action_dispatch/middleware/request_id.rb:26:in `call'
rack (2.2.24) lib/rack/method_override.rb:24:in `call'
rack (2.2.24) lib/rack/runtime.rb:22:in `call'
actionpack (7.0.10) lib/action_dispatch/middleware/executor.rb:14:in `call'
actionpack (7.0.10) lib/action_dispatch/middleware/static.rb:23:in `call'
rack (2.2.24) lib/rack/sendfile.rb:127:in `call'
actionpack (7.0.10) lib/action_dispatch/middleware/host_authorization.rb:138:in `call'
railties (7.0.10) lib/rails/engine.rb:531:in `call'
puma (8.0.2) lib/puma/configuration.rb:305:in `call'
puma (8.0.2) lib/puma/response.rb:79:in `block in handle_request'
puma (8.0.2) lib/puma/thread_pool.rb:434:in `with_force_shutdown'
puma (8.0.2) lib/puma/response.rb:78:in `handle_request'
puma (8.0.2) lib/puma/server.rb:508:in `process_client'
puma (8.0.2) lib/puma/server.rb:263:in `block in run'
puma (8.0.2) lib/puma/thread_pool.rb:246:in `block in spawn_thread'
Started GET "/" for ::1 at 2026-09-30 19:52:26 +0530
  
ActionController::RoutingError (uninitialized constant ItemsController

      Object.const_get(camel_cased_word)
            ^^^^^^^^^^

            raise MissingController.new(error.message, error.name)
            ^^^^^):
  
Started GET "/items/5" for ::1 at 2026-09-30 19:52:31 +0530
  
ActionController::RoutingError (uninitialized constant ItemsController

      Object.const_get(camel_cased_word)
            ^^^^^^^^^^

            raise MissingController.new(error.message, error.name)
            ^^^^^):
  
Started GET "/items" for ::1 at 2026-09-30 19:53:19 +0530
  
ActionController::RoutingError (uninitialized constant ItemsController

      Object.const_get(camel_cased_word)
            ^^^^^^^^^^

            raise MissingController.new(error.message, error.name)
            ^^^^^):
  
Started GET "/items" for ::1 at 2026-09-30 19:53:20 +0530
  
ActionController::RoutingError (uninitialized constant ItemsController

      Object.const_get(camel_cased_word)
            ^^^^^^^^^^

            raise MissingController.new(error.message, error.name)
            ^^^^^):
  
Started GET "/items" for 127.0.0.1 at 2026-09-30 19:55:35 +0530
  
Zeitwerk::NameError (expected file C:/Users/ELCOT/lost_and_found/app/controllers/items_controller.rb to define constant ItemsController, but didn't

      raise Zeitwerk::NameError.new(msg, cref.cname)
      ^^^^^):
  
zeitwerk (2.6.18) lib/zeitwerk/loader/callbacks.rb:32:in `on_file_autoloaded'
zeitwerk (2.6.18) lib/zeitwerk/kernel.rb:27:in `require'
activesupport (7.0.10) lib/active_support/inflector/methods.rb:278:in `const_get'
activesupport (7.0.10) lib/active_support/inflector/methods.rb:278:in `constantize'
activesupport (7.0.10) lib/active_support/core_ext/string/inflections.rb:74:in `constantize'
actionpack (7.0.10) lib/action_dispatch/http/request.rb:90:in `controller_class_for'
actionpack (7.0.10) lib/action_dispatch/request/utils.rb:95:in `action_encoding_template'
actionpack (7.0.10) lib/action_dispatch/request/utils.rb:83:in `encode'
actionpack (7.0.10) lib/action_dispatch/request/utils.rb:45:in `set_binary_encoding'
actionpack (7.0.10) lib/action_dispatch/http/parameters.rb:68:in `path_parameters='
actionpack (7.0.10) lib/action_dispatch/journey/router.rb:48:in `block in serve'
actionpack (7.0.10) lib/action_dispatch/journey/router.rb:32:in `each'
actionpack (7.0.10) lib/action_dispatch/journey/router.rb:32:in `serve'
actionpack (7.0.10) lib/action_dispatch/routing/route_set.rb:852:in `call'
rack (2.2.24) lib/rack/tempfile_reaper.rb:15:in `call'
rack (2.2.24) lib/rack/etag.rb:27:in `call'
rack (2.2.24) lib/rack/conditional_get.rb:27:in `call'
rack (2.2.24) lib/rack/head.rb:12:in `call'
actionpack (7.0.10) lib/action_dispatch/http/permissions_policy.rb:38:in `call'
actionpack (7.0.10) lib/action_dispatch/http/content_security_policy.rb:39:in `call'
rack (2.2.24) lib/rack/session/abstract/id.rb:266:in `context'
rack (2.2.24) lib/rack/session/abstract/id.rb:260:in `call'
actionpack (7.0.10) lib/action_dispatch/middleware/cookies.rb:704:in `call'
actionpack (7.0.10) lib/action_dispatch/middleware/callbacks.rb:27:in `block in call'
activesupport (7.0.10) lib/active_support/callbacks.rb:99:in `run_callbacks'
actionpack (7.0.10) lib/action_dispatch/middleware/callbacks.rb:26:in `call'
actionpack (7.0.10) lib/action_dispatch/middleware/executor.rb:14:in `call'
actionpack (7.0.10) lib/action_dispatch/middleware/debug_exceptions.rb:28:in `call'
web-console (4.2.1) lib/web_console/middleware.rb:132:in `call_app'
web-console (4.2.1) lib/web_console/middleware.rb:28:in `block in call'
web-console (4.2.1) lib/web_console/middleware.rb:17:in `catch'
web-console (4.2.1) lib/web_console/middleware.rb:17:in `call'
actionpack (7.0.10) lib/action_dispatch/middleware/show_exceptions.rb:29:in `call'
railties (7.0.10) lib/rails/rack/logger.rb:40:in `call_app'
railties (7.0.10) lib/rails/rack/logger.rb:25:in `block in call'
activesupport (7.0.10) lib/active_support/tagged_logging.rb:99:in `block in tagged'
activesupport (7.0.10) lib/active_support/tagged_logging.rb:37:in `tagged'
activesupport (7.0.10) lib/active_support/tagged_logging.rb:99:in `tagged'
railties (7.0.10) lib/rails/rack/logger.rb:25:in `call'
actionpack (7.0.10) lib/action_dispatch/middleware/remote_ip.rb:93:in `call'
actionpack (7.0.10) lib/action_dispatch/middleware/request_id.rb:26:in `call'
rack (2.2.24) lib/rack/method_override.rb:24:in `call'
rack (2.2.24) lib/rack/runtime.rb:22:in `call'
actionpack (7.0.10) lib/action_dispatch/middleware/executor.rb:14:in `call'
actionpack (7.0.10) lib/action_dispatch/middleware/static.rb:23:in `call'
rack (2.2.24) lib/rack/sendfile.rb:127:in `call'
actionpack (7.0.10) lib/action_dispatch/middleware/host_authorization.rb:138:in `call'
railties (7.0.10) lib/rails/engine.rb:531:in `call'
puma (8.0.2) lib/puma/configuration.rb:305:in `call'
puma (8.0.2) lib/puma/response.rb:79:in `block in handle_request'
puma (8.0.2) lib/puma/thread_pool.rb:434:in `with_force_shutdown'
puma (8.0.2) lib/puma/response.rb:78:in `handle_request'
puma (8.0.2) lib/puma/server.rb:508:in `process_client'
puma (8.0.2) lib/puma/server.rb:263:in `block in run'
puma (8.0.2) lib/puma/thread_pool.rb:246:in `block in spawn_thread'
Started GET "/items" for 127.0.0.1 at 2026-09-30 19:58:50 +0530
Processing by ItemsController#index as HTML
  [1m[36mItem Count (1.0ms)[0m  [1m[34mSELECT COUNT(*) FROM "items"[0m
  [1m[36mItem Count (0.4ms)[0m  [1m[34mSELECT COUNT(*) FROM "items" WHERE "items"."status" = ?[0m  [["status", "Lost"]]
  [1m[36mItem Count (0.3ms)[0m  [1m[34mSELECT COUNT(*) FROM "items" WHERE "items"."status" = ?[0m  [["status", "Found"]]
  [1m[36mItem Count (0.3ms)[0m  [1m[34mSELECT COUNT(*) FROM "items" WHERE "items"."status" = ?[0m  [["status", "Claimed"]]
  Rendering layout layouts/application.html.erb
  Rendering items/index.html.erb within layouts/application
  [1m[36mItem Exists? (0.4ms)[0m  [1m[34mSELECT 1 AS one FROM "items" LIMIT ?[0m  [["LIMIT", 1]]
  [1m[36mItem Load (0.3ms)[0m  [1m[34mSELECT "items".* FROM "items" ORDER BY "items"."created_at" DESC[0m
  [1m[36mActiveStorage::Attachment Load (8.1ms)[0m  [1m[34mSELECT "active_storage_attachments".* FROM "active_storage_attachments" WHERE "active_storage_attachments"."record_id" = ? AND "active_storage_attachments"."record_type" = ? AND "active_storage_attachments"."name" = ? LIMIT ?[0m  [["record_id", 6], ["record_type", "Item"], ["name", "image"], ["LIMIT", 1]]
  [1m[36mActiveStorage::Blob Load (0.3ms)[0m  [1m[34mSELECT "active_storage_blobs".* FROM "active_storage_blobs" WHERE "active_storage_blobs"."id" = ? LIMIT ?[0m  [["id", 2], ["LIMIT", 1]]
  [1m[36mActiveStorage::Attachment Load (0.6ms)[0m  [1m[34mSELECT "active_storage_attachments".* FROM "active_storage_attachments" WHERE "active_storage_attachments"."record_id" = ? AND "active_storage_attachments"."record_type" = ? AND "active_storage_attachments"."name" = ? LIMIT ?[0m  [["record_id", 5], ["record_type", "Item"], ["name", "image"], ["LIMIT", 1]]
  Rendered items/index.html.erb within layouts/application (Duration: 265.8ms | Allocations: 33814)
  Rendered layout layouts/application.html.erb (Duration: 419.5ms | Allocations: 44978)
Completed 200 OK in 587ms (Views: 420.4ms | ActiveRecord: 18.6ms | Allocations: 64020)


Started GET "/assets/application-ac75cfafc3d332fff467412b984a4c5c011a3a5bc0ff353b7203e5e1b28b9a43.css" for 127.0.0.1 at 2026-09-30 19:58:51 +0530
Started GET "/rails/active_storage/blobs/redirect/eyJfcmFpbHMiOnsibWVzc2FnZSI6IkJBaHBCdz09IiwiZXhwIjpudWxsLCJwdXIiOiJibG9iX2lkIn19--106c1880109ab7b85e3c5d20127ffa2e5803cef3/mobile.webp" for 127.0.0.1 at 2026-09-30 19:58:51 +0530
Processing by ActiveStorage::Blobs::RedirectController#show as */*
  Parameters: {"signed_id"=>"eyJfcmFpbHMiOnsibWVzc2FnZSI6IkJBaHBCdz09IiwiZXhwIjpudWxsLCJwdXIiOiJibG9iX2lkIn19--106c1880109ab7b85e3c5d20127ffa2e5803cef3", "filename"=>"mobile"}
  [1m[36mActiveStorage::Blob Load (0.5ms)[0m  [1m[34mSELECT "active_storage_blobs".* FROM "active_storage_blobs" WHERE "active_storage_blobs"."id" = ? LIMIT ?[0m  [["id", 2], ["LIMIT", 1]]
[36m  Disk Storage (1.9ms) [0m[34mGenerated URL for file at key: ip8ptval8ovb3xlf1toodpjxxb14 (http://127.0.0.1:3000/rails/active_storage/disk/eyJfcmFpbHMiOnsibWVzc2FnZSI6IkJBaDdDVG9JYTJWNVNTSWhhWEE0Y0hSMllXdzRiM1ppTTNoc1pqRjBiMjlrY0dwNGVHSXhOQVk2QmtWVU9oQmthWE53YjNOcGRHbHZia2tpUldGMGRHRmphRzFsYm5RN0lHWnBiR1Z1WVcxbFBTSnRiMkpwYkdVdWQyVmljQ0k3SUdacGJHVnVZVzFsS2oxVlZFWXRPQ2NuYlc5aWFXeGxMbmRsWW5BR093WlVPaEZqYjI1MFpXNTBYM1I1Y0dWSklnOXBiV0ZuWlM5M1pXSndCanNHVkRvUmMyVnlkbWxqWlY5dVlXMWxPZ3BzYjJOaGJBPT0iLCJleHAiOiIyMDI2LTA5LTMwVDE0OjMzOjUxLjczNFoiLCJwdXIiOiJibG9iX2tleSJ9fQ==--626e16e03643ac37aa6158b4daa03b4b3ac026fe/mobile.webp)[0m
Redirected to http://127.0.0.1:3000/rails/active_storage/disk/eyJfcmFpbHMiOnsibWVzc2FnZSI6IkJBaDdDVG9JYTJWNVNTSWhhWEE0Y0hSMllXdzRiM1ppTTNoc1pqRjBiMjlrY0dwNGVHSXhOQVk2QmtWVU9oQmthWE53YjNOcGRHbHZia2tpUldGMGRHRmphRzFsYm5RN0lHWnBiR1Z1WVcxbFBTSnRiMkpwYkdVdWQyVmljQ0k3SUdacGJHVnVZVzFsS2oxVlZFWXRPQ2NuYlc5aWFXeGxMbmRsWW5BR093WlVPaEZqYjI1MFpXNTBYM1I1Y0dWSklnOXBiV0ZuWlM5M1pXSndCanNHVkRvUmMyVnlkbWxqWlY5dVlXMWxPZ3BzYjJOaGJBPT0iLCJleHAiOiIyMDI2LTA5LTMwVDE0OjMzOjUxLjczNFoiLCJwdXIiOiJibG9iX2tleSJ9fQ==--626e16e03643ac37aa6158b4daa03b4b3ac026fe/mobile.webp
Completed 302 Found in 15ms (ActiveRecord: 0.5ms | Allocations: 2047)


Started GET "/rails/active_storage/disk/eyJfcmFpbHMiOnsibWVzc2FnZSI6IkJBaDdDVG9JYTJWNVNTSWhhWEE0Y0hSMllXdzRiM1ppTTNoc1pqRjBiMjlrY0dwNGVHSXhOQVk2QmtWVU9oQmthWE53YjNOcGRHbHZia2tpUldGMGRHRmphRzFsYm5RN0lHWnBiR1Z1WVcxbFBTSnRiMkpwYkdVdWQyVmljQ0k3SUdacGJHVnVZVzFsS2oxVlZFWXRPQ2NuYlc5aWFXeGxMbmRsWW5BR093WlVPaEZqYjI1MFpXNTBYM1I1Y0dWSklnOXBiV0ZuWlM5M1pXSndCanNHVkRvUmMyVnlkbWxqWlY5dVlXMWxPZ3BzYjJOaGJBPT0iLCJleHAiOiIyMDI2LTA5LTMwVDE0OjMzOjUxLjczNFoiLCJwdXIiOiJibG9iX2tleSJ9fQ==--626e16e03643ac37aa6158b4daa03b4b3ac026fe/mobile.webp" for 127.0.0.1 at 2026-09-30 19:58:51 +0530
Processing by ActiveStorage::DiskController#show as */*
  Parameters: {"encoded_key"=>"[FILTERED]", "filename"=>"mobile"}
Completed 200 OK in 2ms (ActiveRecord: 0.0ms | Allocations: 274)


Started GET "/admin/dashboard" for 127.0.0.1 at 2026-09-30 20:01:02 +0530
Processing by AdminDashboardController#index as HTML
  Rendering layout layouts/application.html.erb
  Rendering admin_dashboard/index.html.erb within layouts/application
  [1m[36mItem Count (0.6ms)[0m  [1m[34mSELECT COUNT(*) FROM "items"[0m
  [1m[36mItem Count (0.5ms)[0m  [1m[34mSELECT COUNT(*) FROM "items" WHERE "items"."status" = ?[0m  [["status", "Lost"]]
  [1m[36mItem Count (0.3ms)[0m  [1m[34mSELECT COUNT(*) FROM "items" WHERE "items"."status" = ?[0m  [["status", "Found"]]
  Rendered admin_dashboard/index.html.erb within layouts/application (Duration: 11.2ms | Allocations: 1574)
  Rendered layout layouts/application.html.erb (Duration: 17.6ms | Allocations: 2691)
Completed 200 OK in 25ms (Views: 21.4ms | ActiveRecord: 1.4ms | Allocations: 3362)


Started GET "/admin/login" for 127.0.0.1 at 2026-09-30 20:01:59 +0530
Processing by AdminSessionsController#new as HTML
  Rendering layout layouts/application.html.erb
  Rendering admin_sessions/new.html.erb within layouts/application
  Rendered admin_sessions/new.html.erb within layouts/application (Duration: 15.8ms | Allocations: 2900)
  Rendered layout layouts/application.html.erb (Duration: 23.0ms | Allocations: 4031)
Completed 200 OK in 31ms (Views: 28.9ms | ActiveRecord: 0.0ms | Allocations: 4709)


Started POST "/admin/login" for 127.0.0.1 at 2026-09-30 20:02:05 +0530
Processing by AdminSessionsController#create as HTML
  Parameters: {"authenticity_token"=>"[FILTERED]", "username"=>"", "password"=>"[FILTERED]", "commit"=>"Login"}
  [1m[36mAdmin Load (0.5ms)[0m  [1m[34mSELECT "admins".* FROM "admins" WHERE "admins"."username" = ? LIMIT ?[0m  [["username", ""], ["LIMIT", 1]]
  Rendering layout layouts/application.html.erb
  Rendering admin_sessions/new.html.erb within layouts/application
  Rendered admin_sessions/new.html.erb within layouts/application (Duration: 1.9ms | Allocations: 2053)
  Rendered layout layouts/application.html.erb (Duration: 10.0ms | Allocations: 3095)
Completed 422 Unprocessable Entity in 26ms (Views: 11.7ms | ActiveRecord: 3.4ms | Allocations: 5158)


  [1m[36mAdmin Load (0.4ms)[0m  [1m[34mSELECT "admins".* FROM "admins"[0m
  [1m[36mAdmin Load (0.4ms)[0m  [1m[34mSELECT "admins".* FROM "admins" ORDER BY "admins"."id" ASC LIMIT ?[0m  [["LIMIT", 1]]
  [1m[36mTRANSACTION (0.1ms)[0m  [1m[36mbegin transaction[0m
  [1m[36mAdmin Update (17.7ms)[0m  [1m[33mUPDATE "admins" SET "password_digest" = ?, "updated_at" = ? WHERE "admins"."id" = ?[0m  [["password_digest", "[FILTERED]"], ["updated_at", "2026-09-30 14:35:52.469138"], ["id", 1]]
  [1m[36mTRANSACTION (4.4ms)[0m  [1m[36mcommit transaction[0m
Started GET "/admin/login" for 127.0.0.1 at 2026-09-30 20:07:49 +0530
Processing by AdminSessionsController#new as HTML
  Rendering layout layouts/application.html.erb
  Rendering admin_sessions/new.html.erb within layouts/application
  Rendered admin_sessions/new.html.erb within layouts/application (Duration: 25.8ms | Allocations: 5030)
  Rendered layout layouts/application.html.erb (Duration: 56.1ms | Allocations: 10058)
Completed 200 OK in 87ms (Views: 67.4ms | ActiveRecord: 0.0ms | Allocations: 13305)


Started POST "/admin/login" for 127.0.0.1 at 2026-09-30 20:07:59 +0530
Processing by AdminSessionsController#create as HTML
  Parameters: {"authenticity_token"=>"[FILTERED]", "username"=>"admin", "password"=>"[FILTERED]", "commit"=>"Login"}
  [1m[36mAdmin Load (0.5ms)[0m  [1m[34mSELECT "admins".* FROM "admins" WHERE "admins"."username" = ? LIMIT ?[0m  [["username", "admin"], ["LIMIT", 1]]
Redirected to http://127.0.0.1:3000/admin/dashboard
Completed 302 Found in 593ms (ActiveRecord: 6.7ms | Allocations: 18384)


Started GET "/admin/dashboard" for 127.0.0.1 at 2026-09-30 20:08:00 +0530
Processing by AdminDashboardController#index as HTML
  Rendering layout layouts/application.html.erb
  Rendering admin_dashboard/index.html.erb within layouts/application
  [1m[36mItem Count (0.2ms)[0m  [1m[34mSELECT COUNT(*) FROM "items"[0m
  [1m[36mItem Count (0.5ms)[0m  [1m[34mSELECT COUNT(*) FROM "items" WHERE "items"."status" = ?[0m  [["status", "Lost"]]
  [1m[36mItem Count (0.6ms)[0m  [1m[34mSELECT COUNT(*) FROM "items" WHERE "items"."status" = ?[0m  [["status", "Found"]]
  Rendered admin_dashboard/index.html.erb within layouts/application (Duration: 25.2ms | Allocations: 3940)
  Rendered layout layouts/application.html.erb (Duration: 30.8ms | Allocations: 5074)
Completed 200 OK in 36ms (Views: 32.6ms | ActiveRecord: 1.8ms | Allocations: 5765)


Started GET "/admin/dashboard" for 127.0.0.1 at 2026-10-02 19:38:15 +0530
Processing by AdminDashboardController#index as HTML
  [1m[36mAdmin Load (1.3ms)[0m  [1m[34mSELECT "admins".* FROM "admins" WHERE "admins"."id" = ? LIMIT ?[0m  [["id", 1], ["LIMIT", 1]]
  Rendering layout layouts/application.html.erb
  Rendering admin_dashboard/index.html.erb within layouts/application
  [1m[36mItem Count (0.5ms)[0m  [1m[34mSELECT COUNT(*) FROM "items"[0m
  [1m[36mItem Count (0.4ms)[0m  [1m[34mSELECT COUNT(*) FROM "items" WHERE "items"."status" = ?[0m  [["status", "Lost"]]
  [1m[36mItem Count (0.5ms)[0m  [1m[34mSELECT COUNT(*) FROM "items" WHERE "items"."status" = ?[0m  [["status", "Found"]]
  Rendered admin_dashboard/index.html.erb within layouts/application (Duration: 17.1ms | Allocations: 2495)
  Rendered layout layouts/application.html.erb (Duration: 22.8ms | Allocations: 3618)
Completed 200 OK in 42ms (Views: 24.2ms | ActiveRecord: 3.5ms | Allocations: 7472)


Started DELETE "/admin/logout" for 127.0.0.1 at 2026-10-02 19:39:19 +0530
Processing by AdminSessionsController#destroy as HTML
  Parameters: {"authenticity_token"=>"[FILTERED]"}
Redirected to http://127.0.0.1:3000/admin/login
Completed 302 Found in 1ms (ActiveRecord: 0.0ms | Allocations: 531)


Started GET "/admin/login" for 127.0.0.1 at 2026-10-02 19:39:19 +0530
Processing by AdminSessionsController#new as HTML
  Rendering layout layouts/application.html.erb
  Rendering admin_sessions/new.html.erb within layouts/application
  Rendered admin_sessions/new.html.erb within layouts/application (Duration: 3.3ms | Allocations: 2348)
  Rendered layout layouts/application.html.erb (Duration: 8.6ms | Allocations: 3466)
Completed 200 OK in 11ms (Views: 11.0ms | ActiveRecord: 0.0ms | Allocations: 4016)


Started GET "/admin/dashboard" for 127.0.0.1 at 2026-10-02 19:39:40 +0530
Processing by AdminDashboardController#index as HTML
Redirected to http://127.0.0.1:3000/admin/login
Filter chain halted as :require_admin rendered or redirected
Completed 302 Found in 1ms (ActiveRecord: 0.0ms | Allocations: 348)


Started GET "/admin/login" for 127.0.0.1 at 2026-10-02 19:39:40 +0530
Processing by AdminSessionsController#new as HTML
  Rendering layout layouts/application.html.erb
  Rendering admin_sessions/new.html.erb within layouts/application
  Rendered admin_sessions/new.html.erb within layouts/application (Duration: 1.6ms | Allocations: 2184)
  Rendered layout layouts/application.html.erb (Duration: 6.5ms | Allocations: 3138)
Completed 200 OK in 8ms (Views: 8.1ms | ActiveRecord: 0.0ms | Allocations: 3387)


Started GET "/" for 127.0.0.1 at 2026-10-02 19:51:30 +0530
Processing by ItemsController#index as HTML
  Rendering layout layouts/application.html.erb
  Rendering items/index.html.erb within layouts/application
  [1m[36mItem Exists? (0.3ms)[0m  [1m[34mSELECT 1 AS one FROM "items" LIMIT ?[0m  [["LIMIT", 1]]
  [1m[36mItem Load (0.4ms)[0m  [1m[34mSELECT "items".* FROM "items" ORDER BY "items"."created_at" DESC[0m
  [1m[36mActiveStorage::Attachment Load (0.5ms)[0m  [1m[34mSELECT "active_storage_attachments".* FROM "active_storage_attachments" WHERE "active_storage_attachments"."record_id" = ? AND "active_storage_attachments"."record_type" = ? AND "active_storage_attachments"."name" = ? LIMIT ?[0m  [["record_id", 6], ["record_type", "Item"], ["name", "image"], ["LIMIT", 1]]
  [1m[36mActiveStorage::Blob Load (0.4ms)[0m  [1m[34mSELECT "active_storage_blobs".* FROM "active_storage_blobs" WHERE "active_storage_blobs"."id" = ? LIMIT ?[0m  [["id", 2], ["LIMIT", 1]]
  [1m[36mActiveStorage::Attachment Load (0.4ms)[0m  [1m[34mSELECT "active_storage_attachments".* FROM "active_storage_attachments" WHERE "active_storage_attachments"."record_id" = ? AND "active_storage_attachments"."record_type" = ? AND "active_storage_attachments"."name" = ? LIMIT ?[0m  [["record_id", 5], ["record_type", "Item"], ["name", "image"], ["LIMIT", 1]]
  Rendered items/index.html.erb within layouts/application (Duration: 230.5ms | Allocations: 35069)
  Rendered layout layouts/application.html.erb (Duration: 267.5ms | Allocations: 40484)
Completed 200 OK in 432ms (Views: 274.4ms | ActiveRecord: 9.5ms | Allocations: 57515)


Started GET "/rails/active_storage/blobs/redirect/eyJfcmFpbHMiOnsibWVzc2FnZSI6IkJBaHBCdz09IiwiZXhwIjpudWxsLCJwdXIiOiJibG9iX2lkIn19--106c1880109ab7b85e3c5d20127ffa2e5803cef3/mobile.webp" for 127.0.0.1 at 2026-10-02 19:51:30 +0530
Processing by ActiveStorage::Blobs::RedirectController#show as */*
  Parameters: {"signed_id"=>"eyJfcmFpbHMiOnsibWVzc2FnZSI6IkJBaHBCdz09IiwiZXhwIjpudWxsLCJwdXIiOiJibG9iX2lkIn19--106c1880109ab7b85e3c5d20127ffa2e5803cef3", "filename"=>"mobile"}
  [1m[36mActiveStorage::Blob Load (0.7ms)[0m  [1m[34mSELECT "active_storage_blobs".* FROM "active_storage_blobs" WHERE "active_storage_blobs"."id" = ? LIMIT ?[0m  [["id", 2], ["LIMIT", 1]]
[36m  Disk Storage (2.6ms) [0m[34mGenerated URL for file at key: ip8ptval8ovb3xlf1toodpjxxb14 (http://127.0.0.1:3000/rails/active_storage/disk/eyJfcmFpbHMiOnsibWVzc2FnZSI6IkJBaDdDVG9JYTJWNVNTSWhhWEE0Y0hSMllXdzRiM1ppTTNoc1pqRjBiMjlrY0dwNGVHSXhOQVk2QmtWVU9oQmthWE53YjNOcGRHbHZia2tpUldGMGRHRmphRzFsYm5RN0lHWnBiR1Z1WVcxbFBTSnRiMkpwYkdVdWQyVmljQ0k3SUdacGJHVnVZVzFsS2oxVlZFWXRPQ2NuYlc5aWFXeGxMbmRsWW5BR093WlVPaEZqYjI1MFpXNTBYM1I1Y0dWSklnOXBiV0ZuWlM5M1pXSndCanNHVkRvUmMyVnlkbWxqWlY5dVlXMWxPZ3BzYjJOaGJBPT0iLCJleHAiOiIyMDI2LTEwLTAyVDE0OjI2OjMwLjY1NFoiLCJwdXIiOiJibG9iX2tleSJ9fQ==--461aeed16b84b8a2645e8b63b2dcc3112b2825d8/mobile.webp)[0m
Redirected to http://127.0.0.1:3000/rails/active_storage/disk/eyJfcmFpbHMiOnsibWVzc2FnZSI6IkJBaDdDVG9JYTJWNVNTSWhhWEE0Y0hSMllXdzRiM1ppTTNoc1pqRjBiMjlrY0dwNGVHSXhOQVk2QmtWVU9oQmthWE53YjNOcGRHbHZia2tpUldGMGRHRmphRzFsYm5RN0lHWnBiR1Z1WVcxbFBTSnRiMkpwYkdVdWQyVmljQ0k3SUdacGJHVnVZVzFsS2oxVlZFWXRPQ2NuYlc5aWFXeGxMbmRsWW5BR093WlVPaEZqYjI1MFpXNTBYM1I1Y0dWSklnOXBiV0ZuWlM5M1pXSndCanNHVkRvUmMyVnlkbWxqWlY5dVlXMWxPZ3BzYjJOaGJBPT0iLCJleHAiOiIyMDI2LTEwLTAyVDE0OjI2OjMwLjY1NFoiLCJwdXIiOiJibG9iX2tleSJ9fQ==--461aeed16b84b8a2645e8b63b2dcc3112b2825d8/mobile.webp
Completed 302 Found in 19ms (ActiveRecord: 0.7ms | Allocations: 2048)


Started GET "/rails/active_storage/disk/eyJfcmFpbHMiOnsibWVzc2FnZSI6IkJBaDdDVG9JYTJWNVNTSWhhWEE0Y0hSMllXdzRiM1ppTTNoc1pqRjBiMjlrY0dwNGVHSXhOQVk2QmtWVU9oQmthWE53YjNOcGRHbHZia2tpUldGMGRHRmphRzFsYm5RN0lHWnBiR1Z1WVcxbFBTSnRiMkpwYkdVdWQyVmljQ0k3SUdacGJHVnVZVzFsS2oxVlZFWXRPQ2NuYlc5aWFXeGxMbmRsWW5BR093WlVPaEZqYjI1MFpXNTBYM1I1Y0dWSklnOXBiV0ZuWlM5M1pXSndCanNHVkRvUmMyVnlkbWxqWlY5dVlXMWxPZ3BzYjJOaGJBPT0iLCJleHAiOiIyMDI2LTEwLTAyVDE0OjI2OjMwLjY1NFoiLCJwdXIiOiJibG9iX2tleSJ9fQ==--461aeed16b84b8a2645e8b63b2dcc3112b2825d8/mobile.webp" for 127.0.0.1 at 2026-10-02 19:51:30 +0530
Processing by ActiveStorage::DiskController#show as */*
  Parameters: {"encoded_key"=>"[FILTERED]", "filename"=>"mobile"}
Completed 200 OK in 1ms (ActiveRecord: 0.0ms | Allocations: 275)


Started GET "/items/new" for 127.0.0.1 at 2026-10-02 19:51:42 +0530
Processing by ItemsController#new as HTML
  Rendering layout layouts/application.html.erb
  Rendering items/new.html.erb within layouts/application
  Rendered items/new.html.erb within layouts/application (Duration: 51.0ms | Allocations: 4366)
  Rendered layout layouts/application.html.erb (Duration: 60.9ms | Allocations: 5441)
Completed 200 OK in 65ms (Views: 62.7ms | ActiveRecord: 0.0ms | Allocations: 5875)


Started POST "/items" for 127.0.0.1 at 2026-10-02 19:52:21 +0530
Processing by ItemsController#create as HTML
  Parameters: {"authenticity_token"=>"[FILTERED]", "item"=>{"title"=>" Blue Mobile", "description"=>"black cover", "category"=>"Mobile", "location"=>"college campus", "date_lost_found"=>"2026-10-02", "status"=>"Lost", "contact_name"=>"Eniya", "contact_email"=>"eniyae24cs@psnacet.edu.in", "image"=>#<ActionDispatch::Http::UploadedFile:0x00000286b5a8ea88 @tempfile=#<Tempfile:C:/Users/ELCOT/AppData/Local/Temp/RackMultipart20261002-17580-iycggr.webp>, @content_type="image/webp", @original_filename="mobile.webp", @headers="Content-Disposition: form-data; name=\"item[image]\"; filename=\"mobile.webp\"\r\nContent-Type: image/webp\r\n">}, "commit"=>"Submit Report"}
  [1m[36mTRANSACTION (0.1ms)[0m  [1m[36mbegin transaction[0m
  [1m[36mItem Create (2.7ms)[0m  [1m[32mINSERT INTO "items" ("title", "description", "category", "location", "date_lost_found", "status", "created_at", "updated_at", "contact", "contact_name", "contact_email") VALUES (?, ?, ?, ?, ?, ?, ?, ?, ?, ?, ?)[0m  [["title", " Blue Mobile"], ["description", "black cover"], ["category", "Mobile"], ["location", "college campus"], ["date_lost_found", "2026-10-02"], ["status", "Lost"], ["created_at", "2026-10-02 14:22:21.191801"], ["updated_at", "2026-10-02 14:22:21.191801"], ["contact", nil], ["contact_name", "Eniya"], ["contact_email", "eniyae24cs@psnacet.edu.in"]]
  [1m[36mActiveStorage::Blob Load (0.3ms)[0m  [1m[34mSELECT "active_storage_blobs".* FROM "active_storage_blobs" INNER JOIN "active_storage_attachments" ON "active_storage_blobs"."id" = "active_storage_attachments"."blob_id" WHERE "active_storage_attachments"."record_id" = ? AND "active_storage_attachments"."record_type" = ? AND "active_storage_attachments"."name" = ? LIMIT ?[0m  [["record_id", 7], ["record_type", "Item"], ["name", "image"], ["LIMIT", 1]]
  [1m[36mActiveStorage::Attachment Load (0.2ms)[0m  [1m[34mSELECT "active_storage_attachments".* FROM "active_storage_attachments" WHERE "active_storage_attachments"."record_id" = ? AND "active_storage_attachments"."record_type" = ? AND "active_storage_attachments"."name" = ? LIMIT ?[0m  [["record_id", 7], ["record_type", "Item"], ["name", "image"], ["LIMIT", 1]]
  [1m[36mActiveStorage::Blob Create (0.6ms)[0m  [1m[32mINSERT INTO "active_storage_blobs" ("key", "filename", "content_type", "metadata", "service_name", "byte_size", "checksum", "created_at") VALUES (?, ?, ?, ?, ?, ?, ?, ?)[0m  [["key", "wbs65cu12q2kyyx62a2yo0f4drdz"], ["filename", "mobile.webp"], ["content_type", "image/webp"], ["metadata", "{\"identified\":true}"], ["service_name", "local"], ["byte_size", 24922], ["checksum", "JrVYngoQJTnAhQAQV4Rz/w=="], ["created_at", "2026-10-02 14:22:21.245116"]]
  [1m[36mActiveStorage::Attachment Create (0.3ms)[0m  [1m[32mINSERT INTO "active_storage_attachments" ("name", "record_type", "record_id", "blob_id", "created_at") VALUES (?, ?, ?, ?, ?)[0m  [["name", "image"], ["record_type", "Item"], ["record_id", 7], ["blob_id", 3], ["created_at", "2026-10-02 14:22:21.248177"]]
  [1m[36mItem Update (0.7ms)[0m  [1m[33mUPDATE "items" SET "updated_at" = ? WHERE "items"."id" = ?[0m  [["updated_at", "2026-10-02 14:22:21.250508"], ["id", 7]]
  [1m[36mTRANSACTION (5.1ms)[0m  [1m[36mcommit transaction[0m
[36m  Disk Storage (3.7ms) [0m[32mUploaded file to key: wbs65cu12q2kyyx62a2yo0f4drdz (checksum: JrVYngoQJTnAhQAQV4Rz/w==)[0m
[ActiveJob] Enqueued ActiveStorage::AnalyzeJob (Job ID: 54707908-fc1f-447f-a7b2-af8e242d5f13) to Async(default) with arguments: #<GlobalID:0x00000286b6013800 @uri=#<URI::GID gid://lost-and-found/ActiveStorage::Blob/3>>
Redirected to http://127.0.0.1:3000/items/7
Completed 302 Found in 110ms (ActiveRecord: 10.1ms | Allocations: 9885)


Started GET "/items/7" for 127.0.0.1 at 2026-10-02 19:52:21 +0530
[ActiveJob] [ActiveStorage::AnalyzeJob] [54707908-fc1f-447f-a7b2-af8e242d5f13]   [1m[36mActiveStorage::Blob Load (0.4ms)[0m  [1m[34mSELECT "active_storage_blobs".* FROM "active_storage_blobs" WHERE "active_storage_blobs"."id" = ? LIMIT ?[0m  [["id", 3], ["LIMIT", 1]]
[ActiveJob] [ActiveStorage::AnalyzeJob] [54707908-fc1f-447f-a7b2-af8e242d5f13] Performing ActiveStorage::AnalyzeJob (Job ID: 54707908-fc1f-447f-a7b2-af8e242d5f13) from Async(default) enqueued at 2026-10-02T14:22:21Z with arguments: #<GlobalID:0x00000286b60a5458 @uri=#<URI::GID gid://lost-and-found/ActiveStorage::Blob/3>>
[ActiveJob] [ActiveStorage::AnalyzeJob] [54707908-fc1f-447f-a7b2-af8e242d5f13] Skipping image analysis because the ruby-vips gem isn't installed
[ActiveJob] [ActiveStorage::AnalyzeJob] [54707908-fc1f-447f-a7b2-af8e242d5f13]   [1m[36mTRANSACTION (0.1ms)[0m  [1m[36mbegin transaction[0m
[ActiveJob] [ActiveStorage::AnalyzeJob] [54707908-fc1f-447f-a7b2-af8e242d5f13]   [1m[36mActiveStorage::Blob Update (2.5ms)[0m  [1m[33mUPDATE "active_storage_blobs" SET "metadata" = ? WHERE "active_storage_blobs"."id" = ?[0m  [["metadata", "{\"identified\":true,\"analyzed\":true}"], ["id", 3]]
[ActiveJob] [ActiveStorage::AnalyzeJob] [54707908-fc1f-447f-a7b2-af8e242d5f13]   [1m[36mTRANSACTION (4.1ms)[0m  [1m[36mcommit transaction[0m
[ActiveJob] [ActiveStorage::AnalyzeJob] [54707908-fc1f-447f-a7b2-af8e242d5f13] Performed ActiveStorage::AnalyzeJob (Job ID: 54707908-fc1f-447f-a7b2-af8e242d5f13) from Async(default) in 27.62ms
Processing by ItemsController#show as HTML
  Parameters: {"id"=>"7"}
  [1m[36mItem Load (0.9ms)[0m  [1m[34mSELECT "items".* FROM "items" WHERE "items"."id" = ? LIMIT ?[0m  [["id", 7], ["LIMIT", 1]]
  Rendering layout layouts/application.html.erb
  Rendering items/show.html.erb within layouts/application
  [1m[36mActiveStorage::Attachment Load (0.3ms)[0m  [1m[34mSELECT "active_storage_attachments".* FROM "active_storage_attachments" WHERE "active_storage_attachments"."record_id" = ? AND "active_storage_attachments"."record_type" = ? AND "active_storage_attachments"."name" = ? LIMIT ?[0m  [["record_id", 7], ["record_type", "Item"], ["name", "image"], ["LIMIT", 1]]
  [1m[36mActiveStorage::Blob Load (0.3ms)[0m  [1m[34mSELECT "active_storage_blobs".* FROM "active_storage_blobs" WHERE "active_storage_blobs"."id" = ? LIMIT ?[0m  [["id", 3], ["LIMIT", 1]]
  Rendered items/show.html.erb within layouts/application (Duration: 8.6ms | Allocations: 1521)
  Rendered layout layouts/application.html.erb (Duration: 17.7ms | Allocations: 2788)
Completed 200 OK in 26ms (Views: 18.6ms | ActiveRecord: 1.6ms | Allocations: 3854)


Started GET "/rails/active_storage/blobs/redirect/eyJfcmFpbHMiOnsibWVzc2FnZSI6IkJBaHBDQT09IiwiZXhwIjpudWxsLCJwdXIiOiJibG9iX2lkIn19--96bdd189c9b61f7005a81194b25160ccc056f53a/mobile.webp" for 127.0.0.1 at 2026-10-02 19:52:21 +0530
Processing by ActiveStorage::Blobs::RedirectController#show as */*
  Parameters: {"signed_id"=>"eyJfcmFpbHMiOnsibWVzc2FnZSI6IkJBaHBDQT09IiwiZXhwIjpudWxsLCJwdXIiOiJibG9iX2lkIn19--96bdd189c9b61f7005a81194b25160ccc056f53a", "filename"=>"mobile"}
  [1m[36mActiveStorage::Blob Load (0.4ms)[0m  [1m[34mSELECT "active_storage_blobs".* FROM "active_storage_blobs" WHERE "active_storage_blobs"."id" = ? LIMIT ?[0m  [["id", 3], ["LIMIT", 1]]
[36m  Disk Storage (1.2ms) [0m[34mGenerated URL for file at key: wbs65cu12q2kyyx62a2yo0f4drdz (http://127.0.0.1:3000/rails/active_storage/disk/eyJfcmFpbHMiOnsibWVzc2FnZSI6IkJBaDdDVG9JYTJWNVNTSWhkMkp6TmpWamRURXljVEpyZVhsNE5qSmhNbmx2TUdZMFpISmtlZ1k2QmtWVU9oQmthWE53YjNOcGRHbHZia2tpUldGMGRHRmphRzFsYm5RN0lHWnBiR1Z1WVcxbFBTSnRiMkpwYkdVdWQyVmljQ0k3SUdacGJHVnVZVzFsS2oxVlZFWXRPQ2NuYlc5aWFXeGxMbmRsWW5BR093WlVPaEZqYjI1MFpXNTBYM1I1Y0dWSklnOXBiV0ZuWlM5M1pXSndCanNHVkRvUmMyVnlkbWxqWlY5dVlXMWxPZ3BzYjJOaGJBPT0iLCJleHAiOiIyMDI2LTEwLTAyVDE0OjI3OjIxLjQ5MFoiLCJwdXIiOiJibG9iX2tleSJ9fQ==--5b5688900e963582c85ac9d112df31d6c6f84ec6/mobile.webp)[0m
Redirected to http://127.0.0.1:3000/rails/active_storage/disk/eyJfcmFpbHMiOnsibWVzc2FnZSI6IkJBaDdDVG9JYTJWNVNTSWhkMkp6TmpWamRURXljVEpyZVhsNE5qSmhNbmx2TUdZMFpISmtlZ1k2QmtWVU9oQmthWE53YjNOcGRHbHZia2tpUldGMGRHRmphRzFsYm5RN0lHWnBiR1Z1WVcxbFBTSnRiMkpwYkdVdWQyVmljQ0k3SUdacGJHVnVZVzFsS2oxVlZFWXRPQ2NuYlc5aWFXeGxMbmRsWW5BR093WlVPaEZqYjI1MFpXNTBYM1I1Y0dWSklnOXBiV0ZuWlM5M1pXSndCanNHVkRvUmMyVnlkbWxqWlY5dVlXMWxPZ3BzYjJOaGJBPT0iLCJleHAiOiIyMDI2LTEwLTAyVDE0OjI3OjIxLjQ5MFoiLCJwdXIiOiJibG9iX2tleSJ9fQ==--5b5688900e963582c85ac9d112df31d6c6f84ec6/mobile.webp
Completed 302 Found in 5ms (ActiveRecord: 0.4ms | Allocations: 564)


Started GET "/rails/active_storage/disk/eyJfcmFpbHMiOnsibWVzc2FnZSI6IkJBaDdDVG9JYTJWNVNTSWhkMkp6TmpWamRURXljVEpyZVhsNE5qSmhNbmx2TUdZMFpISmtlZ1k2QmtWVU9oQmthWE53YjNOcGRHbHZia2tpUldGMGRHRmphRzFsYm5RN0lHWnBiR1Z1WVcxbFBTSnRiMkpwYkdVdWQyVmljQ0k3SUdacGJHVnVZVzFsS2oxVlZFWXRPQ2NuYlc5aWFXeGxMbmRsWW5BR093WlVPaEZqYjI1MFpXNTBYM1I1Y0dWSklnOXBiV0ZuWlM5M1pXSndCanNHVkRvUmMyVnlkbWxqWlY5dVlXMWxPZ3BzYjJOaGJBPT0iLCJleHAiOiIyMDI2LTEwLTAyVDE0OjI3OjIxLjQ5MFoiLCJwdXIiOiJibG9iX2tleSJ9fQ==--5b5688900e963582c85ac9d112df31d6c6f84ec6/mobile.webp" for 127.0.0.1 at 2026-10-02 19:52:21 +0530
Processing by ActiveStorage::DiskController#show as */*
  Parameters: {"encoded_key"=>"[FILTERED]", "filename"=>"mobile"}
Completed 200 OK in 1ms (ActiveRecord: 0.0ms | Allocations: 160)


Started GET "/items/7" for 127.0.0.1 at 2026-10-02 19:52:28 +0530
Processing by ItemsController#show as HTML
  Parameters: {"id"=>"7"}
  [1m[36mItem Load (0.4ms)[0m  [1m[34mSELECT "items".* FROM "items" WHERE "items"."id" = ? LIMIT ?[0m  [["id", 7], ["LIMIT", 1]]
  Rendering layout layouts/application.html.erb
  Rendering items/show.html.erb within layouts/application
  [1m[36mActiveStorage::Attachment Load (0.8ms)[0m  [1m[34mSELECT "active_storage_attachments".* FROM "active_storage_attachments" WHERE "active_storage_attachments"."record_id" = ? AND "active_storage_attachments"."record_type" = ? AND "active_storage_attachments"."name" = ? LIMIT ?[0m  [["record_id", 7], ["record_type", "Item"], ["name", "image"], ["LIMIT", 1]]
  [1m[36mActiveStorage::Blob Load (0.5ms)[0m  [1m[34mSELECT "active_storage_blobs".* FROM "active_storage_blobs" WHERE "active_storage_blobs"."id" = ? LIMIT ?[0m  [["id", 3], ["LIMIT", 1]]
  Rendered items/show.html.erb within layouts/application (Duration: 9.4ms | Allocations: 959)
  Rendered layout layouts/application.html.erb (Duration: 16.3ms | Allocations: 2087)
Completed 200 OK in 20ms (Views: 16.5ms | ActiveRecord: 1.8ms | Allocations: 2438)


Started GET "/rails/active_storage/disk/eyJfcmFpbHMiOnsibWVzc2FnZSI6IkJBaDdDVG9JYTJWNVNTSWhkMkp6TmpWamRURXljVEpyZVhsNE5qSmhNbmx2TUdZMFpISmtlZ1k2QmtWVU9oQmthWE53YjNOcGRHbHZia2tpUldGMGRHRmphRzFsYm5RN0lHWnBiR1Z1WVcxbFBTSnRiMkpwYkdVdWQyVmljQ0k3SUdacGJHVnVZVzFsS2oxVlZFWXRPQ2NuYlc5aWFXeGxMbmRsWW5BR093WlVPaEZqYjI1MFpXNTBYM1I1Y0dWSklnOXBiV0ZuWlM5M1pXSndCanNHVkRvUmMyVnlkbWxqWlY5dVlXMWxPZ3BzYjJOaGJBPT0iLCJleHAiOiIyMDI2LTEwLTAyVDE0OjI3OjIxLjQ5MFoiLCJwdXIiOiJibG9iX2tleSJ9fQ==--5b5688900e963582c85ac9d112df31d6c6f84ec6/mobile.webp" for 127.0.0.1 at 2026-10-02 19:52:29 +0530
Processing by ActiveStorage::DiskController#show as */*
  Parameters: {"encoded_key"=>"[FILTERED]", "filename"=>"mobile"}
Completed 304 Not Modified in 1ms (ActiveRecord: 0.0ms | Allocations: 134)


Started GET "/items" for 127.0.0.1 at 2026-10-02 19:52:36 +0530
Processing by ItemsController#index as HTML
  Rendering layout layouts/application.html.erb
  Rendering items/index.html.erb within layouts/application
  [1m[36mItem Exists? (0.5ms)[0m  [1m[34mSELECT 1 AS one FROM "items" LIMIT ?[0m  [["LIMIT", 1]]
  [1m[36mItem Load (0.3ms)[0m  [1m[34mSELECT "items".* FROM "items" ORDER BY "items"."created_at" DESC[0m
  [1m[36mActiveStorage::Attachment Load (0.3ms)[0m  [1m[34mSELECT "active_storage_attachments".* FROM "active_storage_attachments" WHERE "active_storage_attachments"."record_id" = ? AND "active_storage_attachments"."record_type" = ? AND "active_storage_attachments"."name" = ? LIMIT ?[0m  [["record_id", 7], ["record_type", "Item"], ["name", "image"], ["LIMIT", 1]]
  [1m[36mActiveStorage::Blob Load (0.2ms)[0m  [1m[34mSELECT "active_storage_blobs".* FROM "active_storage_blobs" WHERE "active_storage_blobs"."id" = ? LIMIT ?[0m  [["id", 3], ["LIMIT", 1]]
  [1m[36mActiveStorage::Attachment Load (0.3ms)[0m  [1m[34mSELECT "active_storage_attachments".* FROM "active_storage_attachments" WHERE "active_storage_attachments"."record_id" = ? AND "active_storage_attachments"."record_type" = ? AND "active_storage_attachments"."name" = ? LIMIT ?[0m  [["record_id", 6], ["record_type", "Item"], ["name", "image"], ["LIMIT", 1]]
  [1m[36mActiveStorage::Blob Load (0.3ms)[0m  [1m[34mSELECT "active_storage_blobs".* FROM "active_storage_blobs" WHERE "active_storage_blobs"."id" = ? LIMIT ?[0m  [["id", 2], ["LIMIT", 1]]
  [1m[36mActiveStorage::Attachment Load (0.4ms)[0m  [1m[34mSELECT "active_storage_attachments".* FROM "active_storage_attachments" WHERE "active_storage_attachments"."record_id" = ? AND "active_storage_attachments"."record_type" = ? AND "active_storage_attachments"."name" = ? LIMIT ?[0m  [["record_id", 5], ["record_type", "Item"], ["name", "image"], ["LIMIT", 1]]
  Rendered items/index.html.erb within layouts/application (Duration: 21.5ms | Allocations: 3639)
  Rendered layout layouts/application.html.erb (Duration: 28.2ms | Allocations: 4773)
Completed 200 OK in 31ms (Views: 27.8ms | ActiveRecord: 2.4ms | Allocations: 5069)


Started GET "/rails/active_storage/disk/eyJfcmFpbHMiOnsibWVzc2FnZSI6IkJBaDdDVG9JYTJWNVNTSWhhWEE0Y0hSMllXdzRiM1ppTTNoc1pqRjBiMjlrY0dwNGVHSXhOQVk2QmtWVU9oQmthWE53YjNOcGRHbHZia2tpUldGMGRHRmphRzFsYm5RN0lHWnBiR1Z1WVcxbFBTSnRiMkpwYkdVdWQyVmljQ0k3SUdacGJHVnVZVzFsS2oxVlZFWXRPQ2NuYlc5aWFXeGxMbmRsWW5BR093WlVPaEZqYjI1MFpXNTBYM1I1Y0dWSklnOXBiV0ZuWlM5M1pXSndCanNHVkRvUmMyVnlkbWxqWlY5dVlXMWxPZ3BzYjJOaGJBPT0iLCJleHAiOiIyMDI2LTEwLTAyVDE0OjI2OjMwLjY1NFoiLCJwdXIiOiJibG9iX2tleSJ9fQ==--461aeed16b84b8a2645e8b63b2dcc3112b2825d8/mobile.webp" for 127.0.0.1 at 2026-10-02 19:52:36 +0530
Started GET "/rails/active_storage/disk/eyJfcmFpbHMiOnsibWVzc2FnZSI6IkJBaDdDVG9JYTJWNVNTSWhkMkp6TmpWamRURXljVEpyZVhsNE5qSmhNbmx2TUdZMFpISmtlZ1k2QmtWVU9oQmthWE53YjNOcGRHbHZia2tpUldGMGRHRmphRzFsYm5RN0lHWnBiR1Z1WVcxbFBTSnRiMkpwYkdVdWQyVmljQ0k3SUdacGJHVnVZVzFsS2oxVlZFWXRPQ2NuYlc5aWFXeGxMbmRsWW5BR093WlVPaEZqYjI1MFpXNTBYM1I1Y0dWSklnOXBiV0ZuWlM5M1pXSndCanNHVkRvUmMyVnlkbWxqWlY5dVlXMWxPZ3BzYjJOaGJBPT0iLCJleHAiOiIyMDI2LTEwLTAyVDE0OjI3OjIxLjQ5MFoiLCJwdXIiOiJibG9iX2tleSJ9fQ==--5b5688900e963582c85ac9d112df31d6c6f84ec6/mobile.webp" for 127.0.0.1 at 2026-10-02 19:52:36 +0530
Processing by ActiveStorage::DiskController#show as */*
  Parameters: {"encoded_key"=>"[FILTERED]", "filename"=>"mobile"}
Completed 304 Not Modified in 1ms (ActiveRecord: 0.0ms | Allocations: 134)


Processing by ActiveStorage::DiskController#show as */*
  Parameters: {"encoded_key"=>"[FILTERED]", "filename"=>"mobile"}
Completed 304 Not Modified in 1ms (ActiveRecord: 0.0ms | Allocations: 132)


Started GET "/items/6" for 127.0.0.1 at 2026-10-02 19:52:59 +0530
Processing by ItemsController#show as HTML
  Parameters: {"id"=>"6"}
  [1m[36mItem Load (0.5ms)[0m  [1m[34mSELECT "items".* FROM "items" WHERE "items"."id" = ? LIMIT ?[0m  [["id", 6], ["LIMIT", 1]]
  Rendering layout layouts/application.html.erb
  Rendering items/show.html.erb within layouts/application
  [1m[36mActiveStorage::Attachment Load (0.5ms)[0m  [1m[34mSELECT "active_storage_attachments".* FROM "active_storage_attachments" WHERE "active_storage_attachments"."record_id" = ? AND "active_storage_attachments"."record_type" = ? AND "active_storage_attachments"."name" = ? LIMIT ?[0m  [["record_id", 6], ["record_type", "Item"], ["name", "image"], ["LIMIT", 1]]
  [1m[36mActiveStorage::Blob Load (0.5ms)[0m  [1m[34mSELECT "active_storage_blobs".* FROM "active_storage_blobs" WHERE "active_storage_blobs"."id" = ? LIMIT ?[0m  [["id", 2], ["LIMIT", 1]]
  Rendered items/show.html.erb within layouts/application (Duration: 9.7ms | Allocations: 956)
  Rendered layout layouts/application.html.erb (Duration: 16.2ms | Allocations: 2087)
Completed 200 OK in 20ms (Views: 16.7ms | ActiveRecord: 1.4ms | Allocations: 2438)


Started GET "/rails/active_storage/disk/eyJfcmFpbHMiOnsibWVzc2FnZSI6IkJBaDdDVG9JYTJWNVNTSWhhWEE0Y0hSMllXdzRiM1ppTTNoc1pqRjBiMjlrY0dwNGVHSXhOQVk2QmtWVU9oQmthWE53YjNOcGRHbHZia2tpUldGMGRHRmphRzFsYm5RN0lHWnBiR1Z1WVcxbFBTSnRiMkpwYkdVdWQyVmljQ0k3SUdacGJHVnVZVzFsS2oxVlZFWXRPQ2NuYlc5aWFXeGxMbmRsWW5BR093WlVPaEZqYjI1MFpXNTBYM1I1Y0dWSklnOXBiV0ZuWlM5M1pXSndCanNHVkRvUmMyVnlkbWxqWlY5dVlXMWxPZ3BzYjJOaGJBPT0iLCJleHAiOiIyMDI2LTEwLTAyVDE0OjI2OjMwLjY1NFoiLCJwdXIiOiJibG9iX2tleSJ9fQ==--461aeed16b84b8a2645e8b63b2dcc3112b2825d8/mobile.webp" for 127.0.0.1 at 2026-10-02 19:52:59 +0530
Processing by ActiveStorage::DiskController#show as */*
  Parameters: {"encoded_key"=>"[FILTERED]", "filename"=>"mobile"}
Completed 304 Not Modified in 1ms (ActiveRecord: 0.0ms | Allocations: 132)


Started GET "/items" for 127.0.0.1 at 2026-10-02 19:53:05 +0530
Processing by ItemsController#index as HTML
  Rendering layout layouts/application.html.erb
  Rendering items/index.html.erb within layouts/application
  [1m[36mItem Exists? (0.9ms)[0m  [1m[34mSELECT 1 AS one FROM "items" LIMIT ?[0m  [["LIMIT", 1]]
  [1m[36mItem Load (0.5ms)[0m  [1m[34mSELECT "items".* FROM "items" ORDER BY "items"."created_at" DESC[0m
  [1m[36mActiveStorage::Attachment Load (0.4ms)[0m  [1m[34mSELECT "active_storage_attachments".* FROM "active_storage_attachments" WHERE "active_storage_attachments"."record_id" = ? AND "active_storage_attachments"."record_type" = ? AND "active_storage_attachments"."name" = ? LIMIT ?[0m  [["record_id", 7], ["record_type", "Item"], ["name", "image"], ["LIMIT", 1]]
  [1m[36mActiveStorage::Blob Load (0.3ms)[0m  [1m[34mSELECT "active_storage_blobs".* FROM "active_storage_blobs" WHERE "active_storage_blobs"."id" = ? LIMIT ?[0m  [["id", 3], ["LIMIT", 1]]
  [1m[36mActiveStorage::Attachment Load (0.4ms)[0m  [1m[34mSELECT "active_storage_attachments".* FROM "active_storage_attachments" WHERE "active_storage_attachments"."record_id" = ? AND "active_storage_attachments"."record_type" = ? AND "active_storage_attachments"."name" = ? LIMIT ?[0m  [["record_id", 6], ["record_type", "Item"], ["name", "image"], ["LIMIT", 1]]
  [1m[36mActiveStorage::Blob Load (0.3ms)[0m  [1m[34mSELECT "active_storage_blobs".* FROM "active_storage_blobs" WHERE "active_storage_blobs"."id" = ? LIMIT ?[0m  [["id", 2], ["LIMIT", 1]]
  [1m[36mActiveStorage::Attachment Load (0.5ms)[0m  [1m[34mSELECT "active_storage_attachments".* FROM "active_storage_attachments" WHERE "active_storage_attachments"."record_id" = ? AND "active_storage_attachments"."record_type" = ? AND "active_storage_attachments"."name" = ? LIMIT ?[0m  [["record_id", 5], ["record_type", "Item"], ["name", "image"], ["LIMIT", 1]]
  Rendered items/index.html.erb within layouts/application (Duration: 25.2ms | Allocations: 3599)
  Rendered layout layouts/application.html.erb (Duration: 32.1ms | Allocations: 4742)
Completed 200 OK in 35ms (Views: 30.9ms | ActiveRecord: 3.1ms | Allocations: 5024)


Started GET "/rails/active_storage/disk/eyJfcmFpbHMiOnsibWVzc2FnZSI6IkJBaDdDVG9JYTJWNVNTSWhhWEE0Y0hSMllXdzRiM1ppTTNoc1pqRjBiMjlrY0dwNGVHSXhOQVk2QmtWVU9oQmthWE53YjNOcGRHbHZia2tpUldGMGRHRmphRzFsYm5RN0lHWnBiR1Z1WVcxbFBTSnRiMkpwYkdVdWQyVmljQ0k3SUdacGJHVnVZVzFsS2oxVlZFWXRPQ2NuYlc5aWFXeGxMbmRsWW5BR093WlVPaEZqYjI1MFpXNTBYM1I1Y0dWSklnOXBiV0ZuWlM5M1pXSndCanNHVkRvUmMyVnlkbWxqWlY5dVlXMWxPZ3BzYjJOaGJBPT0iLCJleHAiOiIyMDI2LTEwLTAyVDE0OjI2OjMwLjY1NFoiLCJwdXIiOiJibG9iX2tleSJ9fQ==--461aeed16b84b8a2645e8b63b2dcc3112b2825d8/mobile.webp" for 127.0.0.1 at 2026-10-02 19:53:05 +0530
Started GET "/rails/active_storage/disk/eyJfcmFpbHMiOnsibWVzc2FnZSI6IkJBaDdDVG9JYTJWNVNTSWhkMkp6TmpWamRURXljVEpyZVhsNE5qSmhNbmx2TUdZMFpISmtlZ1k2QmtWVU9oQmthWE53YjNOcGRHbHZia2tpUldGMGRHRmphRzFsYm5RN0lHWnBiR1Z1WVcxbFBTSnRiMkpwYkdVdWQyVmljQ0k3SUdacGJHVnVZVzFsS2oxVlZFWXRPQ2NuYlc5aWFXeGxMbmRsWW5BR093WlVPaEZqYjI1MFpXNTBYM1I1Y0dWSklnOXBiV0ZuWlM5M1pXSndCanNHVkRvUmMyVnlkbWxqWlY5dVlXMWxPZ3BzYjJOaGJBPT0iLCJleHAiOiIyMDI2LTEwLTAyVDE0OjI3OjIxLjQ5MFoiLCJwdXIiOiJibG9iX2tleSJ9fQ==--5b5688900e963582c85ac9d112df31d6c6f84ec6/mobile.webp" for 127.0.0.1 at 2026-10-02 19:53:05 +0530
Processing by ActiveStorage::DiskController#show as */*
  Parameters: {"encoded_key"=>"[FILTERED]", "filename"=>"mobile"}
Completed 304 Not Modified in 2ms (ActiveRecord: 0.0ms | Allocations: 134)


Processing by ActiveStorage::DiskController#show as */*
  Parameters: {"encoded_key"=>"[FILTERED]", "filename"=>"mobile"}
Completed 304 Not Modified in 1ms (ActiveRecord: 0.0ms | Allocations: 132)


Started GET "/items" for 127.0.0.1 at 2026-10-03 10:06:14 +0530
Processing by ItemsController#index as HTML
  Rendering layout layouts/application.html.erb
  Rendering items/index.html.erb within layouts/application
  [1m[36mItem Exists? (0.5ms)[0m  [1m[34mSELECT 1 AS one FROM "items" LIMIT ?[0m  [["LIMIT", 1]]
  [1m[36mItem Load (0.4ms)[0m  [1m[34mSELECT "items".* FROM "items" ORDER BY "items"."created_at" DESC[0m
  [1m[36mActiveStorage::Attachment Load (0.4ms)[0m  [1m[34mSELECT "active_storage_attachments".* FROM "active_storage_attachments" WHERE "active_storage_attachments"."record_id" = ? AND "active_storage_attachments"."record_type" = ? AND "active_storage_attachments"."name" = ? LIMIT ?[0m  [["record_id", 7], ["record_type", "Item"], ["name", "image"], ["LIMIT", 1]]
  [1m[36mActiveStorage::Blob Load (0.4ms)[0m  [1m[34mSELECT "active_storage_blobs".* FROM "active_storage_blobs" WHERE "active_storage_blobs"."id" = ? LIMIT ?[0m  [["id", 3], ["LIMIT", 1]]
  [1m[36mActiveStorage::Attachment Load (0.3ms)[0m  [1m[34mSELECT "active_storage_attachments".* FROM "active_storage_attachments" WHERE "active_storage_attachments"."record_id" = ? AND "active_storage_attachments"."record_type" = ? AND "active_storage_attachments"."name" = ? LIMIT ?[0m  [["record_id", 6], ["record_type", "Item"], ["name", "image"], ["LIMIT", 1]]
  [1m[36mActiveStorage::Blob Load (0.2ms)[0m  [1m[34mSELECT "active_storage_blobs".* FROM "active_storage_blobs" WHERE "active_storage_blobs"."id" = ? LIMIT ?[0m  [["id", 2], ["LIMIT", 1]]
  [1m[36mActiveStorage::Attachment Load (0.2ms)[0m  [1m[34mSELECT "active_storage_attachments".* FROM "active_storage_attachments" WHERE "active_storage_attachments"."record_id" = ? AND "active_storage_attachments"."record_type" = ? AND "active_storage_attachments"."name" = ? LIMIT ?[0m  [["record_id", 5], ["record_type", "Item"], ["name", "image"], ["LIMIT", 1]]
  Rendered items/index.html.erb within layouts/application (Duration: 38.5ms | Allocations: 3726)
  Rendered layout layouts/application.html.erb (Duration: 51.1ms | Allocations: 4749)
Completed 200 OK in 80ms (Views: 52.7ms | ActiveRecord: 4.4ms | Allocations: 5180)


Started GET "/assets/application-ac75cfafc3d332fff467412b984a4c5c011a3a5bc0ff353b7203e5e1b28b9a43.css" for 127.0.0.1 at 2026-10-03 10:06:14 +0530
Started GET "/rails/active_storage/blobs/redirect/eyJfcmFpbHMiOnsibWVzc2FnZSI6IkJBaHBDQT09IiwiZXhwIjpudWxsLCJwdXIiOiJibG9iX2lkIn19--96bdd189c9b61f7005a81194b25160ccc056f53a/mobile.webp" for 127.0.0.1 at 2026-10-03 10:06:14 +0530
Started GET "/rails/active_storage/blobs/redirect/eyJfcmFpbHMiOnsibWVzc2FnZSI6IkJBaHBCdz09IiwiZXhwIjpudWxsLCJwdXIiOiJibG9iX2lkIn19--106c1880109ab7b85e3c5d20127ffa2e5803cef3/mobile.webp" for 127.0.0.1 at 2026-10-03 10:06:14 +0530
Processing by ActiveStorage::Blobs::RedirectController#show as */*
  Parameters: {"signed_id"=>"eyJfcmFpbHMiOnsibWVzc2FnZSI6IkJBaHBDQT09IiwiZXhwIjpudWxsLCJwdXIiOiJibG9iX2lkIn19--96bdd189c9b61f7005a81194b25160ccc056f53a", "filename"=>"mobile"}
  [1m[36mActiveStorage::Blob Load (0.8ms)[0m  [1m[34mSELECT "active_storage_blobs".* FROM "active_storage_blobs" WHERE "active_storage_blobs"."id" = ? LIMIT ?[0m  [["id", 3], ["LIMIT", 1]]
[36m  Disk Storage (6.4ms) [0m[34mGenerated URL for file at key: wbs65cu12q2kyyx62a2yo0f4drdz (http://127.0.0.1:3000/rails/active_storage/disk/eyJfcmFpbHMiOnsibWVzc2FnZSI6IkJBaDdDVG9JYTJWNVNTSWhkMkp6TmpWamRURXljVEpyZVhsNE5qSmhNbmx2TUdZMFpISmtlZ1k2QmtWVU9oQmthWE53YjNOcGRHbHZia2tpUldGMGRHRmphRzFsYm5RN0lHWnBiR1Z1WVcxbFBTSnRiMkpwYkdVdWQyVmljQ0k3SUdacGJHVnVZVzFsS2oxVlZFWXRPQ2NuYlc5aWFXeGxMbmRsWW5BR093WlVPaEZqYjI1MFpXNTBYM1I1Y0dWSklnOXBiV0ZuWlM5M1pXSndCanNHVkRvUmMyVnlkbWxqWlY5dVlXMWxPZ3BzYjJOaGJBPT0iLCJleHAiOiIyMDI2LTEwLTAzVDA0OjQxOjE0LjMyNloiLCJwdXIiOiJibG9iX2tleSJ9fQ==--76b0a948eb1db862ef2a0c797e5fd09fe4d2627e/mobile.webp)[0m
Redirected to http://127.0.0.1:3000/rails/active_storage/disk/eyJfcmFpbHMiOnsibWVzc2FnZSI6IkJBaDdDVG9JYTJWNVNTSWhkMkp6TmpWamRURXljVEpyZVhsNE5qSmhNbmx2TUdZMFpISmtlZ1k2QmtWVU9oQmthWE53YjNOcGRHbHZia2tpUldGMGRHRmphRzFsYm5RN0lHWnBiR1Z1WVcxbFBTSnRiMkpwYkdVdWQyVmljQ0k3SUdacGJHVnVZVzFsS2oxVlZFWXRPQ2NuYlc5aWFXeGxMbmRsWW5BR093WlVPaEZqYjI1MFpXNTBYM1I1Y0dWSklnOXBiV0ZuWlM5M1pXSndCanNHVkRvUmMyVnlkbWxqWlY5dVlXMWxPZ3BzYjJOaGJBPT0iLCJleHAiOiIyMDI2LTEwLTAzVDA0OjQxOjE0LjMyNloiLCJwdXIiOiJibG9iX2tleSJ9fQ==--76b0a948eb1db862ef2a0c797e5fd09fe4d2627e/mobile.webp
Completed 302 Found in 14ms (ActiveRecord: 0.8ms | Allocations: 543)


Processing by ActiveStorage::Blobs::RedirectController#show as */*
  Parameters: {"signed_id"=>"eyJfcmFpbHMiOnsibWVzc2FnZSI6IkJBaHBCdz09IiwiZXhwIjpudWxsLCJwdXIiOiJibG9iX2lkIn19--106c1880109ab7b85e3c5d20127ffa2e5803cef3", "filename"=>"mobile"}
  [1m[36mActiveStorage::Blob Load (0.5ms)[0m  [1m[34mSELECT "active_storage_blobs".* FROM "active_storage_blobs" WHERE "active_storage_blobs"."id" = ? LIMIT ?[0m  [["id", 2], ["LIMIT", 1]]
[36m  Disk Storage (1.2ms) [0m[34mGenerated URL for file at key: ip8ptval8ovb3xlf1toodpjxxb14 (http://127.0.0.1:3000/rails/active_storage/disk/eyJfcmFpbHMiOnsibWVzc2FnZSI6IkJBaDdDVG9JYTJWNVNTSWhhWEE0Y0hSMllXdzRiM1ppTTNoc1pqRjBiMjlrY0dwNGVHSXhOQVk2QmtWVU9oQmthWE53YjNOcGRHbHZia2tpUldGMGRHRmphRzFsYm5RN0lHWnBiR1Z1WVcxbFBTSnRiMkpwYkdVdWQyVmljQ0k3SUdacGJHVnVZVzFsS2oxVlZFWXRPQ2NuYlc5aWFXeGxMbmRsWW5BR093WlVPaEZqYjI1MFpXNTBYM1I1Y0dWSklnOXBiV0ZuWlM5M1pXSndCanNHVkRvUmMyVnlkbWxqWlY5dVlXMWxPZ3BzYjJOaGJBPT0iLCJleHAiOiIyMDI2LTEwLTAzVDA0OjQxOjE0LjMzOVoiLCJwdXIiOiJibG9iX2tleSJ9fQ==--4a40d03489720ce6b25e95e7c620d25e86d5cca8/mobile.webp)[0m
Redirected to http://127.0.0.1:3000/rails/active_storage/disk/eyJfcmFpbHMiOnsibWVzc2FnZSI6IkJBaDdDVG9JYTJWNVNTSWhhWEE0Y0hSMllXdzRiM1ppTTNoc1pqRjBiMjlrY0dwNGVHSXhOQVk2QmtWVU9oQmthWE53YjNOcGRHbHZia2tpUldGMGRHRmphRzFsYm5RN0lHWnBiR1Z1WVcxbFBTSnRiMkpwYkdVdWQyVmljQ0k3SUdacGJHVnVZVzFsS2oxVlZFWXRPQ2NuYlc5aWFXeGxMbmRsWW5BR093WlVPaEZqYjI1MFpXNTBYM1I1Y0dWSklnOXBiV0ZuWlM5M1pXSndCanNHVkRvUmMyVnlkbWxqWlY5dVlXMWxPZ3BzYjJOaGJBPT0iLCJleHAiOiIyMDI2LTEwLTAzVDA0OjQxOjE0LjMzOVoiLCJwdXIiOiJibG9iX2tleSJ9fQ==--4a40d03489720ce6b25e95e7c620d25e86d5cca8/mobile.webp
Completed 302 Found in 5ms (ActiveRecord: 0.5ms | Allocations: 506)


Started GET "/rails/active_storage/disk/eyJfcmFpbHMiOnsibWVzc2FnZSI6IkJBaDdDVG9JYTJWNVNTSWhhWEE0Y0hSMllXdzRiM1ppTTNoc1pqRjBiMjlrY0dwNGVHSXhOQVk2QmtWVU9oQmthWE53YjNOcGRHbHZia2tpUldGMGRHRmphRzFsYm5RN0lHWnBiR1Z1WVcxbFBTSnRiMkpwYkdVdWQyVmljQ0k3SUdacGJHVnVZVzFsS2oxVlZFWXRPQ2NuYlc5aWFXeGxMbmRsWW5BR093WlVPaEZqYjI1MFpXNTBYM1I1Y0dWSklnOXBiV0ZuWlM5M1pXSndCanNHVkRvUmMyVnlkbWxqWlY5dVlXMWxPZ3BzYjJOaGJBPT0iLCJleHAiOiIyMDI2LTEwLTAzVDA0OjQxOjE0LjMzOVoiLCJwdXIiOiJibG9iX2tleSJ9fQ==--4a40d03489720ce6b25e95e7c620d25e86d5cca8/mobile.webp" for 127.0.0.1 at 2026-10-03 10:06:14 +0530
Started GET "/rails/active_storage/disk/eyJfcmFpbHMiOnsibWVzc2FnZSI6IkJBaDdDVG9JYTJWNVNTSWhkMkp6TmpWamRURXljVEpyZVhsNE5qSmhNbmx2TUdZMFpISmtlZ1k2QmtWVU9oQmthWE53YjNOcGRHbHZia2tpUldGMGRHRmphRzFsYm5RN0lHWnBiR1Z1WVcxbFBTSnRiMkpwYkdVdWQyVmljQ0k3SUdacGJHVnVZVzFsS2oxVlZFWXRPQ2NuYlc5aWFXeGxMbmRsWW5BR093WlVPaEZqYjI1MFpXNTBYM1I1Y0dWSklnOXBiV0ZuWlM5M1pXSndCanNHVkRvUmMyVnlkbWxqWlY5dVlXMWxPZ3BzYjJOaGJBPT0iLCJleHAiOiIyMDI2LTEwLTAzVDA0OjQxOjE0LjMyNloiLCJwdXIiOiJibG9iX2tleSJ9fQ==--76b0a948eb1db862ef2a0c797e5fd09fe4d2627e/mobile.webp" for 127.0.0.1 at 2026-10-03 10:06:14 +0530
Processing by ActiveStorage::DiskController#show as */*
  Parameters: {"encoded_key"=>"[FILTERED]", "filename"=>"mobile"}
Completed 200 OK in 3ms (ActiveRecord: 0.0ms | Allocations: 167)


Processing by ActiveStorage::DiskController#show as */*
  Parameters: {"encoded_key"=>"[FILTERED]", "filename"=>"mobile"}
Completed 200 OK in 2ms (ActiveRecord: 0.0ms | Allocations: 145)


Started GET "/" for ::1 at 2026-10-04 21:23:53 +0530
Processing by ItemsController#index as HTML
  Rendering layout layouts/application.html.erb
  Rendering items/index.html.erb within layouts/application
  [1m[36mItem Exists? (0.4ms)[0m  [1m[34mSELECT 1 AS one FROM "items" LIMIT ?[0m  [["LIMIT", 1]]
  [1m[36mItem Load (0.4ms)[0m  [1m[34mSELECT "items".* FROM "items" ORDER BY "items"."created_at" DESC[0m
  [1m[36mActiveStorage::Attachment Load (0.4ms)[0m  [1m[34mSELECT "active_storage_attachments".* FROM "active_storage_attachments" WHERE "active_storage_attachments"."record_id" = ? AND "active_storage_attachments"."record_type" = ? AND "active_storage_attachments"."name" = ? LIMIT ?[0m  [["record_id", 7], ["record_type", "Item"], ["name", "image"], ["LIMIT", 1]]
  [1m[36mActiveStorage::Blob Load (0.3ms)[0m  [1m[34mSELECT "active_storage_blobs".* FROM "active_storage_blobs" WHERE "active_storage_blobs"."id" = ? LIMIT ?[0m  [["id", 3], ["LIMIT", 1]]
  [1m[36mActiveStorage::Attachment Load (0.3ms)[0m  [1m[34mSELECT "active_storage_attachments".* FROM "active_storage_attachments" WHERE "active_storage_attachments"."record_id" = ? AND "active_storage_attachments"."record_type" = ? AND "active_storage_attachments"."name" = ? LIMIT ?[0m  [["record_id", 6], ["record_type", "Item"], ["name", "image"], ["LIMIT", 1]]
  [1m[36mActiveStorage::Blob Load (0.2ms)[0m  [1m[34mSELECT "active_storage_blobs".* FROM "active_storage_blobs" WHERE "active_storage_blobs"."id" = ? LIMIT ?[0m  [["id", 2], ["LIMIT", 1]]
  [1m[36mActiveStorage::Attachment Load (0.2ms)[0m  [1m[34mSELECT "active_storage_attachments".* FROM "active_storage_attachments" WHERE "active_storage_attachments"."record_id" = ? AND "active_storage_attachments"."record_type" = ? AND "active_storage_attachments"."name" = ? LIMIT ?[0m  [["record_id", 5], ["record_type", "Item"], ["name", "image"], ["LIMIT", 1]]
  Rendered items/index.html.erb within layouts/application (Duration: 226.3ms | Allocations: 40871)
  Rendered layout layouts/application.html.erb (Duration: 320.9ms | Allocations: 46152)
Completed 200 OK in 582ms (Views: 332.3ms | ActiveRecord: 9.9ms | Allocations: 74784)


Started GET "/assets/application-ac75cfafc3d332fff467412b984a4c5c011a3a5bc0ff353b7203e5e1b28b9a43.css" for ::1 at 2026-10-04 21:23:54 +0530
Started GET "/rails/active_storage/blobs/redirect/eyJfcmFpbHMiOnsibWVzc2FnZSI6IkJBaHBDQT09IiwiZXhwIjpudWxsLCJwdXIiOiJibG9iX2lkIn19--96bdd189c9b61f7005a81194b25160ccc056f53a/mobile.webp" for ::1 at 2026-10-04 21:23:54 +0530
Started GET "/rails/active_storage/blobs/redirect/eyJfcmFpbHMiOnsibWVzc2FnZSI6IkJBaHBCdz09IiwiZXhwIjpudWxsLCJwdXIiOiJibG9iX2lkIn19--106c1880109ab7b85e3c5d20127ffa2e5803cef3/mobile.webp" for ::1 at 2026-10-04 21:23:54 +0530
Processing by ActiveStorage::Blobs::RedirectController#show as */*
  Parameters: {"signed_id"=>"eyJfcmFpbHMiOnsibWVzc2FnZSI6IkJBaHBDQT09IiwiZXhwIjpudWxsLCJwdXIiOiJibG9iX2lkIn19--96bdd189c9b61f7005a81194b25160ccc056f53a", "filename"=>"mobile"}
Processing by ActiveStorage::Blobs::RedirectController#show as */*
  Parameters: {"signed_id"=>"eyJfcmFpbHMiOnsibWVzc2FnZSI6IkJBaHBCdz09IiwiZXhwIjpudWxsLCJwdXIiOiJibG9iX2lkIn19--106c1880109ab7b85e3c5d20127ffa2e5803cef3", "filename"=>"mobile"}
  [1m[36mActiveStorage::Blob Load (0.3ms)[0m  [1m[34mSELECT "active_storage_blobs".* FROM "active_storage_blobs" WHERE "active_storage_blobs"."id" = ? LIMIT ?[0m  [["id", 3], ["LIMIT", 1]]
[36m  Disk Storage (1.1ms) [0m[34mGenerated URL for file at key: wbs65cu12q2kyyx62a2yo0f4drdz (http://localhost:3000/rails/active_storage/disk/eyJfcmFpbHMiOnsibWVzc2FnZSI6IkJBaDdDVG9JYTJWNVNTSWhkMkp6TmpWamRURXljVEpyZVhsNE5qSmhNbmx2TUdZMFpISmtlZ1k2QmtWVU9oQmthWE53YjNOcGRHbHZia2tpUldGMGRHRmphRzFsYm5RN0lHWnBiR1Z1WVcxbFBTSnRiMkpwYkdVdWQyVmljQ0k3SUdacGJHVnVZVzFsS2oxVlZFWXRPQ2NuYlc5aWFXeGxMbmRsWW5BR093WlVPaEZqYjI1MFpXNTBYM1I1Y0dWSklnOXBiV0ZuWlM5M1pXSndCanNHVkRvUmMyVnlkbWxqWlY5dVlXMWxPZ3BzYjJOaGJBPT0iLCJleHAiOiIyMDI2LTEwLTA0VDE1OjU4OjU0LjE1N1oiLCJwdXIiOiJibG9iX2tleSJ9fQ==--4c9e8aaa0516f6068ab6f53f8dbddb79af106605/mobile.webp)[0m
Redirected to http://localhost:3000/rails/active_storage/disk/eyJfcmFpbHMiOnsibWVzc2FnZSI6IkJBaDdDVG9JYTJWNVNTSWhkMkp6TmpWamRURXljVEpyZVhsNE5qSmhNbmx2TUdZMFpISmtlZ1k2QmtWVU9oQmthWE53YjNOcGRHbHZia2tpUldGMGRHRmphRzFsYm5RN0lHWnBiR1Z1WVcxbFBTSnRiMkpwYkdVdWQyVmljQ0k3SUdacGJHVnVZVzFsS2oxVlZFWXRPQ2NuYlc5aWFXeGxMbmRsWW5BR093WlVPaEZqYjI1MFpXNTBYM1I1Y0dWSklnOXBiV0ZuWlM5M1pXSndCanNHVkRvUmMyVnlkbWxqWlY5dVlXMWxPZ3BzYjJOaGJBPT0iLCJleHAiOiIyMDI2LTEwLTA0VDE1OjU4OjU0LjE1N1oiLCJwdXIiOiJibG9iX2tleSJ9fQ==--4c9e8aaa0516f6068ab6f53f8dbddb79af106605/mobile.webp
Completed 302 Found in 13ms (ActiveRecord: 0.3ms | Allocations: 2473)


  [1m[36mActiveStorage::Blob Load (0.5ms)[0m  [1m[34mSELECT "active_storage_blobs".* FROM "active_storage_blobs" WHERE "active_storage_blobs"."id" = ? LIMIT ?[0m  [["id", 2], ["LIMIT", 1]]
[36m  Disk Storage (0.8ms) [0m[34mGenerated URL for file at key: ip8ptval8ovb3xlf1toodpjxxb14 (http://localhost:3000/rails/active_storage/disk/eyJfcmFpbHMiOnsibWVzc2FnZSI6IkJBaDdDVG9JYTJWNVNTSWhhWEE0Y0hSMllXdzRiM1ppTTNoc1pqRjBiMjlrY0dwNGVHSXhOQVk2QmtWVU9oQmthWE53YjNOcGRHbHZia2tpUldGMGRHRmphRzFsYm5RN0lHWnBiR1Z1WVcxbFBTSnRiMkpwYkdVdWQyVmljQ0k3SUdacGJHVnVZVzFsS2oxVlZFWXRPQ2NuYlc5aWFXeGxMbmRsWW5BR093WlVPaEZqYjI1MFpXNTBYM1I1Y0dWSklnOXBiV0ZuWlM5M1pXSndCanNHVkRvUmMyVnlkbWxqWlY5dVlXMWxPZ3BzYjJOaGJBPT0iLCJleHAiOiIyMDI2LTEwLTA0VDE1OjU4OjU0LjE2NFoiLCJwdXIiOiJibG9iX2tleSJ9fQ==--d05b3d88846973351057880d4b86406a3fa6f9b2/mobile.webp)[0m
Redirected to http://localhost:3000/rails/active_storage/disk/eyJfcmFpbHMiOnsibWVzc2FnZSI6IkJBaDdDVG9JYTJWNVNTSWhhWEE0Y0hSMllXdzRiM1ppTTNoc1pqRjBiMjlrY0dwNGVHSXhOQVk2QmtWVU9oQmthWE53YjNOcGRHbHZia2tpUldGMGRHRmphRzFsYm5RN0lHWnBiR1Z1WVcxbFBTSnRiMkpwYkdVdWQyVmljQ0k3SUdacGJHVnVZVzFsS2oxVlZFWXRPQ2NuYlc5aWFXeGxMbmRsWW5BR093WlVPaEZqYjI1MFpXNTBYM1I1Y0dWSklnOXBiV0ZuWlM5M1pXSndCanNHVkRvUmMyVnlkbWxqWlY5dVlXMWxPZ3BzYjJOaGJBPT0iLCJleHAiOiIyMDI2LTEwLTA0VDE1OjU4OjU0LjE2NFoiLCJwdXIiOiJibG9iX2tleSJ9fQ==--d05b3d88846973351057880d4b86406a3fa6f9b2/mobile.webp
Completed 302 Found in 15ms (ActiveRecord: 1.5ms | Allocations: 3094)


Started GET "/rails/active_storage/disk/eyJfcmFpbHMiOnsibWVzc2FnZSI6IkJBaDdDVG9JYTJWNVNTSWhhWEE0Y0hSMllXdzRiM1ppTTNoc1pqRjBiMjlrY0dwNGVHSXhOQVk2QmtWVU9oQmthWE53YjNOcGRHbHZia2tpUldGMGRHRmphRzFsYm5RN0lHWnBiR1Z1WVcxbFBTSnRiMkpwYkdVdWQyVmljQ0k3SUdacGJHVnVZVzFsS2oxVlZFWXRPQ2NuYlc5aWFXeGxMbmRsWW5BR093WlVPaEZqYjI1MFpXNTBYM1I1Y0dWSklnOXBiV0ZuWlM5M1pXSndCanNHVkRvUmMyVnlkbWxqWlY5dVlXMWxPZ3BzYjJOaGJBPT0iLCJleHAiOiIyMDI2LTEwLTA0VDE1OjU4OjU0LjE2NFoiLCJwdXIiOiJibG9iX2tleSJ9fQ==--d05b3d88846973351057880d4b86406a3fa6f9b2/mobile.webp" for ::1 at 2026-10-04 21:23:54 +0530
Started GET "/rails/active_storage/disk/eyJfcmFpbHMiOnsibWVzc2FnZSI6IkJBaDdDVG9JYTJWNVNTSWhkMkp6TmpWamRURXljVEpyZVhsNE5qSmhNbmx2TUdZMFpISmtlZ1k2QmtWVU9oQmthWE53YjNOcGRHbHZia2tpUldGMGRHRmphRzFsYm5RN0lHWnBiR1Z1WVcxbFBTSnRiMkpwYkdVdWQyVmljQ0k3SUdacGJHVnVZVzFsS2oxVlZFWXRPQ2NuYlc5aWFXeGxMbmRsWW5BR093WlVPaEZqYjI1MFpXNTBYM1I1Y0dWSklnOXBiV0ZuWlM5M1pXSndCanNHVkRvUmMyVnlkbWxqWlY5dVlXMWxPZ3BzYjJOaGJBPT0iLCJleHAiOiIyMDI2LTEwLTA0VDE1OjU4OjU0LjE1N1oiLCJwdXIiOiJibG9iX2tleSJ9fQ==--4c9e8aaa0516f6068ab6f53f8dbddb79af106605/mobile.webp" for ::1 at 2026-10-04 21:23:54 +0530
Processing by ActiveStorage::DiskController#show as */*
  Parameters: {"encoded_key"=>"[FILTERED]", "filename"=>"mobile"}
Processing by ActiveStorage::DiskController#show as */*
  Parameters: {"encoded_key"=>"[FILTERED]", "filename"=>"mobile"}
Completed 200 OK in 2ms (ActiveRecord: 0.0ms | Allocations: 414)


Completed 200 OK in 2ms (ActiveRecord: 0.0ms | Allocations: 451)


Started GET "/items/new" for ::1 at 2026-10-04 21:24:03 +0530
Processing by ItemsController#new as HTML
  Rendering layout layouts/application.html.erb
  Rendering items/new.html.erb within layouts/application
  Rendered items/new.html.erb within layouts/application (Duration: 60.4ms | Allocations: 4823)
  Rendered layout layouts/application.html.erb (Duration: 71.5ms | Allocations: 5900)
Completed 200 OK in 77ms (Views: 73.4ms | ActiveRecord: 0.0ms | Allocations: 6329)


Started POST "/items" for ::1 at 2026-10-04 21:25:40 +0530
Processing by ItemsController#create as HTML
  Parameters: {"authenticity_token"=>"[FILTERED]", "item"=>{"title"=>" Blue Mobile", "description"=>"black cover", "category"=>"Mobile", "location"=>"college campus", "date_lost_found"=>"2026-10-04", "status"=>"Lost", "contact_name"=>"Eniya", "contact_email"=>"eniyae24cs@psnacet.edu.in", "image"=>#<ActionDispatch::Http::UploadedFile:0x000001dcdac46180 @tempfile=#<Tempfile:C:/Users/ELCOT/AppData/Local/Temp/RackMultipart20261004-18396-mbmdh5.webp>, @content_type="image/webp", @original_filename="mobile.webp", @headers="Content-Disposition: form-data; name=\"item[image]\"; filename=\"mobile.webp\"\r\nContent-Type: image/webp\r\n">}, "commit"=>"Submit Report"}
  [1m[36mTRANSACTION (0.1ms)[0m  [1m[36mbegin transaction[0m
  [1m[36mItem Create (1.9ms)[0m  [1m[32mINSERT INTO "items" ("title", "description", "category", "location", "date_lost_found", "status", "created_at", "updated_at", "contact", "contact_name", "contact_email") VALUES (?, ?, ?, ?, ?, ?, ?, ?, ?, ?, ?)[0m  [["title", " Blue Mobile"], ["description", "black cover"], ["category", "Mobile"], ["location", "college campus"], ["date_lost_found", "2026-10-04"], ["status", "Lost"], ["created_at", "2026-10-04 15:55:40.427803"], ["updated_at", "2026-10-04 15:55:40.427803"], ["contact", nil], ["contact_name", "Eniya"], ["contact_email", "eniyae24cs@psnacet.edu.in"]]
  [1m[36mActiveStorage::Blob Load (0.9ms)[0m  [1m[34mSELECT "active_storage_blobs".* FROM "active_storage_blobs" INNER JOIN "active_storage_attachments" ON "active_storage_blobs"."id" = "active_storage_attachments"."blob_id" WHERE "active_storage_attachments"."record_id" = ? AND "active_storage_attachments"."record_type" = ? AND "active_storage_attachments"."name" = ? LIMIT ?[0m  [["record_id", 8], ["record_type", "Item"], ["name", "image"], ["LIMIT", 1]]
  [1m[36mActiveStorage::Attachment Load (0.3ms)[0m  [1m[34mSELECT "active_storage_attachments".* FROM "active_storage_attachments" WHERE "active_storage_attachments"."record_id" = ? AND "active_storage_attachments"."record_type" = ? AND "active_storage_attachments"."name" = ? LIMIT ?[0m  [["record_id", 8], ["record_type", "Item"], ["name", "image"], ["LIMIT", 1]]
  [1m[36mActiveStorage::Blob Create (0.6ms)[0m  [1m[32mINSERT INTO "active_storage_blobs" ("key", "filename", "content_type", "metadata", "service_name", "byte_size", "checksum", "created_at") VALUES (?, ?, ?, ?, ?, ?, ?, ?)[0m  [["key", "srrbq64ildbn74biqdjt58xoexis"], ["filename", "mobile.webp"], ["content_type", "image/webp"], ["metadata", "{\"identified\":true}"], ["service_name", "local"], ["byte_size", 24922], ["checksum", "JrVYngoQJTnAhQAQV4Rz/w=="], ["created_at", "2026-10-04 15:55:40.497048"]]
  [1m[36mActiveStorage::Attachment Create (0.3ms)[0m  [1m[32mINSERT INTO "active_storage_attachments" ("name", "record_type", "record_id", "blob_id", "created_at") VALUES (?, ?, ?, ?, ?)[0m  [["name", "image"], ["record_type", "Item"], ["record_id", 8], ["blob_id", 4], ["created_at", "2026-10-04 15:55:40.500378"]]
  [1m[36mItem Update (0.5ms)[0m  [1m[33mUPDATE "items" SET "updated_at" = ? WHERE "items"."id" = ?[0m  [["updated_at", "2026-10-04 15:55:40.503263"], ["id", 8]]
  [1m[36mTRANSACTION (3.6ms)[0m  [1m[36mcommit transaction[0m
[36m  Disk Storage (3.5ms) [0m[32mUploaded file to key: srrbq64ildbn74biqdjt58xoexis (checksum: JrVYngoQJTnAhQAQV4Rz/w==)[0m
[ActiveJob] Enqueued ActiveStorage::AnalyzeJob (Job ID: eefe5ee4-bfa5-427b-89a9-d1251e877751) to Async(default) with arguments: #<GlobalID:0x000001dcdb310150 @uri=#<URI::GID gid://lost-and-found/ActiveStorage::Blob/4>>
Redirected to http://localhost:3000/items/8
Completed 302 Found in 136ms (ActiveRecord: 8.3ms | Allocations: 11052)


Started GET "/items/8" for ::1 at 2026-10-04 21:25:40 +0530
[ActiveJob] [ActiveStorage::AnalyzeJob] [eefe5ee4-bfa5-427b-89a9-d1251e877751]   [1m[36mActiveStorage::Blob Load (0.4ms)[0m  [1m[34mSELECT "active_storage_blobs".* FROM "active_storage_blobs" WHERE "active_storage_blobs"."id" = ? LIMIT ?[0m  [["id", 4], ["LIMIT", 1]]
[ActiveJob] [ActiveStorage::AnalyzeJob] [eefe5ee4-bfa5-427b-89a9-d1251e877751] Performing ActiveStorage::AnalyzeJob (Job ID: eefe5ee4-bfa5-427b-89a9-d1251e877751) from Async(default) enqueued at 2026-10-04T15:55:40Z with arguments: #<GlobalID:0x000001dcda424088 @uri=#<URI::GID gid://lost-and-found/ActiveStorage::Blob/4>>
[ActiveJob] [ActiveStorage::AnalyzeJob] [eefe5ee4-bfa5-427b-89a9-d1251e877751] Skipping image analysis because the ruby-vips gem isn't installed
[ActiveJob] [ActiveStorage::AnalyzeJob] [eefe5ee4-bfa5-427b-89a9-d1251e877751]   [1m[36mTRANSACTION (0.1ms)[0m  [1m[36mbegin transaction[0m
[ActiveJob] [ActiveStorage::AnalyzeJob] [eefe5ee4-bfa5-427b-89a9-d1251e877751]   [1m[36mActiveStorage::Blob Update (1.6ms)[0m  [1m[33mUPDATE "active_storage_blobs" SET "metadata" = ? WHERE "active_storage_blobs"."id" = ?[0m  [["metadata", "{\"identified\":true,\"analyzed\":true}"], ["id", 4]]
[ActiveJob] [ActiveStorage::AnalyzeJob] [eefe5ee4-bfa5-427b-89a9-d1251e877751]   [1m[36mTRANSACTION (4.9ms)[0m  [1m[36mcommit transaction[0m
[ActiveJob] [ActiveStorage::AnalyzeJob] [eefe5ee4-bfa5-427b-89a9-d1251e877751] Performed ActiveStorage::AnalyzeJob (Job ID: eefe5ee4-bfa5-427b-89a9-d1251e877751) from Async(default) in 35.29ms
Processing by ItemsController#show as HTML
  Parameters: {"id"=>"8"}
  [1m[36mItem Load (0.5ms)[0m  [1m[34mSELECT "items".* FROM "items" WHERE "items"."id" = ? LIMIT ?[0m  [["id", 8], ["LIMIT", 1]]
  Rendering layout layouts/application.html.erb
  Rendering items/show.html.erb within layouts/application
  [1m[36mActiveStorage::Attachment Load (0.3ms)[0m  [1m[34mSELECT "active_storage_attachments".* FROM "active_storage_attachments" WHERE "active_storage_attachments"."record_id" = ? AND "active_storage_attachments"."record_type" = ? AND "active_storage_attachments"."name" = ? LIMIT ?[0m  [["record_id", 8], ["record_type", "Item"], ["name", "image"], ["LIMIT", 1]]
  [1m[36mActiveStorage::Blob Load (0.3ms)[0m  [1m[34mSELECT "active_storage_blobs".* FROM "active_storage_blobs" WHERE "active_storage_blobs"."id" = ? LIMIT ?[0m  [["id", 4], ["LIMIT", 1]]
  Rendered items/show.html.erb within layouts/application (Duration: 9.3ms | Allocations: 1521)
  Rendered layout layouts/application.html.erb (Duration: 18.4ms | Allocations: 2810)
Completed 200 OK in 26ms (Views: 20.0ms | ActiveRecord: 1.1ms | Allocations: 3873)


Started GET "/rails/active_storage/blobs/redirect/eyJfcmFpbHMiOnsibWVzc2FnZSI6IkJBaHBDUT09IiwiZXhwIjpudWxsLCJwdXIiOiJibG9iX2lkIn19--1a569d148b4444b3abb50a1f274fa605d8126f00/mobile.webp" for ::1 at 2026-10-04 21:25:40 +0530
Processing by ActiveStorage::Blobs::RedirectController#show as */*
  Parameters: {"signed_id"=>"eyJfcmFpbHMiOnsibWVzc2FnZSI6IkJBaHBDUT09IiwiZXhwIjpudWxsLCJwdXIiOiJibG9iX2lkIn19--1a569d148b4444b3abb50a1f274fa605d8126f00", "filename"=>"mobile"}
  [1m[36mActiveStorage::Blob Load (0.4ms)[0m  [1m[34mSELECT "active_storage_blobs".* FROM "active_storage_blobs" WHERE "active_storage_blobs"."id" = ? LIMIT ?[0m  [["id", 4], ["LIMIT", 1]]
[36m  Disk Storage (1.5ms) [0m[34mGenerated URL for file at key: srrbq64ildbn74biqdjt58xoexis (http://localhost:3000/rails/active_storage/disk/eyJfcmFpbHMiOnsibWVzc2FnZSI6IkJBaDdDVG9JYTJWNVNTSWhjM0p5WW5FMk5HbHNaR0p1TnpSaWFYRmthblExT0hodlpYaHBjd1k2QmtWVU9oQmthWE53YjNOcGRHbHZia2tpUldGMGRHRmphRzFsYm5RN0lHWnBiR1Z1WVcxbFBTSnRiMkpwYkdVdWQyVmljQ0k3SUdacGJHVnVZVzFsS2oxVlZFWXRPQ2NuYlc5aWFXeGxMbmRsWW5BR093WlVPaEZqYjI1MFpXNTBYM1I1Y0dWSklnOXBiV0ZuWlM5M1pXSndCanNHVkRvUmMyVnlkbWxqWlY5dVlXMWxPZ3BzYjJOaGJBPT0iLCJleHAiOiIyMDI2LTEwLTA0VDE2OjAwOjQwLjc2OFoiLCJwdXIiOiJibG9iX2tleSJ9fQ==--62e5d0ee366d2d33d5b0e571e7e4b1cd07ab37c4/mobile.webp)[0m
Redirected to http://localhost:3000/rails/active_storage/disk/eyJfcmFpbHMiOnsibWVzc2FnZSI6IkJBaDdDVG9JYTJWNVNTSWhjM0p5WW5FMk5HbHNaR0p1TnpSaWFYRmthblExT0hodlpYaHBjd1k2QmtWVU9oQmthWE53YjNOcGRHbHZia2tpUldGMGRHRmphRzFsYm5RN0lHWnBiR1Z1WVcxbFBTSnRiMkpwYkdVdWQyVmljQ0k3SUdacGJHVnVZVzFsS2oxVlZFWXRPQ2NuYlc5aWFXeGxMbmRsWW5BR093WlVPaEZqYjI1MFpXNTBYM1I1Y0dWSklnOXBiV0ZuWlM5M1pXSndCanNHVkRvUmMyVnlkbWxqWlY5dVlXMWxPZ3BzYjJOaGJBPT0iLCJleHAiOiIyMDI2LTEwLTA0VDE2OjAwOjQwLjc2OFoiLCJwdXIiOiJibG9iX2tleSJ9fQ==--62e5d0ee366d2d33d5b0e571e7e4b1cd07ab37c4/mobile.webp
Completed 302 Found in 6ms (ActiveRecord: 0.4ms | Allocations: 550)


Started GET "/rails/active_storage/disk/eyJfcmFpbHMiOnsibWVzc2FnZSI6IkJBaDdDVG9JYTJWNVNTSWhjM0p5WW5FMk5HbHNaR0p1TnpSaWFYRmthblExT0hodlpYaHBjd1k2QmtWVU9oQmthWE53YjNOcGRHbHZia2tpUldGMGRHRmphRzFsYm5RN0lHWnBiR1Z1WVcxbFBTSnRiMkpwYkdVdWQyVmljQ0k3SUdacGJHVnVZVzFsS2oxVlZFWXRPQ2NuYlc5aWFXeGxMbmRsWW5BR093WlVPaEZqYjI1MFpXNTBYM1I1Y0dWSklnOXBiV0ZuWlM5M1pXSndCanNHVkRvUmMyVnlkbWxqWlY5dVlXMWxPZ3BzYjJOaGJBPT0iLCJleHAiOiIyMDI2LTEwLTA0VDE2OjAwOjQwLjc2OFoiLCJwdXIiOiJibG9iX2tleSJ9fQ==--62e5d0ee366d2d33d5b0e571e7e4b1cd07ab37c4/mobile.webp" for ::1 at 2026-10-04 21:25:40 +0530
Processing by ActiveStorage::DiskController#show as */*
  Parameters: {"encoded_key"=>"[FILTERED]", "filename"=>"mobile"}
Completed 200 OK in 2ms (ActiveRecord: 0.0ms | Allocations: 158)


Started GET "/items/8/edit" for ::1 at 2026-10-04 21:29:30 +0530
Processing by ItemsController#edit as HTML
  Parameters: {"id"=>"8"}
  [1m[36mItem Load (0.5ms)[0m  [1m[34mSELECT "items".* FROM "items" WHERE "items"."id" = ? LIMIT ?[0m  [["id", 8], ["LIMIT", 1]]
  Rendering layout layouts/application.html.erb
  Rendering items/edit.html.erb within layouts/application
  Rendered items/edit.html.erb within layouts/application (Duration: 7.0ms | Allocations: 2972)
  Rendered layout layouts/application.html.erb (Duration: 18.9ms | Allocations: 3911)
Completed 200 OK in 28ms (Views: 20.5ms | ActiveRecord: 0.5ms | Allocations: 4317)


Started PATCH "/items/8" for ::1 at 2026-10-04 21:29:36 +0530
Processing by ItemsController#update as HTML
  Parameters: {"authenticity_token"=>"[FILTERED]", "item"=>{"title"=>" Blue Mobile", "description"=>"black cover", "category"=>"Mobile", "location"=>"college campus", "date_lost_found"=>"2026-10-04", "status"=>"Lost", "contact_name"=>"Eniya", "contact_email"=>"eniyae24cs@psnacet.edu.in"}, "commit"=>"Update Item", "id"=>"8"}
  [1m[36mItem Load (0.5ms)[0m  [1m[34mSELECT "items".* FROM "items" WHERE "items"."id" = ? LIMIT ?[0m  [["id", 8], ["LIMIT", 1]]
Redirected to http://localhost:3000/items/8
Completed 302 Found in 6ms (ActiveRecord: 0.5ms | Allocations: 891)


Started GET "/items/8" for ::1 at 2026-10-04 21:29:37 +0530
Processing by ItemsController#show as HTML
  Parameters: {"id"=>"8"}
  [1m[36mItem Load (0.4ms)[0m  [1m[34mSELECT "items".* FROM "items" WHERE "items"."id" = ? LIMIT ?[0m  [["id", 8], ["LIMIT", 1]]
  Rendering layout layouts/application.html.erb
  Rendering items/show.html.erb within layouts/application
  [1m[36mActiveStorage::Attachment Load (0.4ms)[0m  [1m[34mSELECT "active_storage_attachments".* FROM "active_storage_attachments" WHERE "active_storage_attachments"."record_id" = ? AND "active_storage_attachments"."record_type" = ? AND "active_storage_attachments"."name" = ? LIMIT ?[0m  [["record_id", 8], ["record_type", "Item"], ["name", "image"], ["LIMIT", 1]]
  [1m[36mActiveStorage::Blob Load (0.5ms)[0m  [1m[34mSELECT "active_storage_blobs".* FROM "active_storage_blobs" WHERE "active_storage_blobs"."id" = ? LIMIT ?[0m  [["id", 4], ["LIMIT", 1]]
  Rendered items/show.html.erb within layouts/application (Duration: 6.5ms | Allocations: 957)
  Rendered layout layouts/application.html.erb (Duration: 15.6ms | Allocations: 2068)
Completed 200 OK in 19ms (Views: 16.3ms | ActiveRecord: 1.2ms | Allocations: 2424)


Started GET "/rails/active_storage/disk/eyJfcmFpbHMiOnsibWVzc2FnZSI6IkJBaDdDVG9JYTJWNVNTSWhjM0p5WW5FMk5HbHNaR0p1TnpSaWFYRmthblExT0hodlpYaHBjd1k2QmtWVU9oQmthWE53YjNOcGRHbHZia2tpUldGMGRHRmphRzFsYm5RN0lHWnBiR1Z1WVcxbFBTSnRiMkpwYkdVdWQyVmljQ0k3SUdacGJHVnVZVzFsS2oxVlZFWXRPQ2NuYlc5aWFXeGxMbmRsWW5BR093WlVPaEZqYjI1MFpXNTBYM1I1Y0dWSklnOXBiV0ZuWlM5M1pXSndCanNHVkRvUmMyVnlkbWxqWlY5dVlXMWxPZ3BzYjJOaGJBPT0iLCJleHAiOiIyMDI2LTEwLTA0VDE2OjAwOjQwLjc2OFoiLCJwdXIiOiJibG9iX2tleSJ9fQ==--62e5d0ee366d2d33d5b0e571e7e4b1cd07ab37c4/mobile.webp" for ::1 at 2026-10-04 21:29:37 +0530
Processing by ActiveStorage::DiskController#show as */*
  Parameters: {"encoded_key"=>"[FILTERED]", "filename"=>"mobile"}
Completed 304 Not Modified in 3ms (ActiveRecord: 0.0ms | Allocations: 132)


Started GET "/items/8/edit" for ::1 at 2026-10-04 21:30:46 +0530
Processing by ItemsController#edit as HTML
  Parameters: {"id"=>"8"}
  [1m[36mItem Load (0.4ms)[0m  [1m[34mSELECT "items".* FROM "items" WHERE "items"."id" = ? LIMIT ?[0m  [["id", 8], ["LIMIT", 1]]
  Rendering layout layouts/application.html.erb
  Rendering items/edit.html.erb within layouts/application
  Rendered items/edit.html.erb within layouts/application (Duration: 4.0ms | Allocations: 2321)
  Rendered layout layouts/application.html.erb (Duration: 13.8ms | Allocations: 3260)
Completed 200 OK in 18ms (Views: 15.2ms | ActiveRecord: 0.4ms | Allocations: 3611)


Started PATCH "/items/8" for ::1 at 2026-10-04 21:30:55 +0530
Processing by ItemsController#update as HTML
  Parameters: {"authenticity_token"=>"[FILTERED]", "item"=>{"title"=>" Blue Mobile", "description"=>"black cover updated", "category"=>"Mobile", "location"=>"college campus", "date_lost_found"=>"2026-10-04", "status"=>"Lost", "contact_name"=>"Eniya", "contact_email"=>"eniyae24cs@psnacet.edu.in"}, "commit"=>"Update Item", "id"=>"8"}
  [1m[36mItem Load (0.5ms)[0m  [1m[34mSELECT "items".* FROM "items" WHERE "items"."id" = ? LIMIT ?[0m  [["id", 8], ["LIMIT", 1]]
  [1m[36mTRANSACTION (0.1ms)[0m  [1m[36mbegin transaction[0m
  [1m[36mItem Update (17.3ms)[0m  [1m[33mUPDATE "items" SET "description" = ?, "updated_at" = ? WHERE "items"."id" = ?[0m  [["description", "black cover updated"], ["updated_at", "2026-10-04 16:00:55.836277"], ["id", 8]]
  [1m[36mTRANSACTION (3.2ms)[0m  [1m[36mcommit transaction[0m
Redirected to http://localhost:3000/items/8
Completed 302 Found in 31ms (ActiveRecord: 21.1ms | Allocations: 1053)


Started GET "/items/8" for ::1 at 2026-10-04 21:30:55 +0530
Processing by ItemsController#show as HTML
  Parameters: {"id"=>"8"}
  [1m[36mItem Load (0.7ms)[0m  [1m[34mSELECT "items".* FROM "items" WHERE "items"."id" = ? LIMIT ?[0m  [["id", 8], ["LIMIT", 1]]
  Rendering layout layouts/application.html.erb
  Rendering items/show.html.erb within layouts/application
  [1m[36mActiveStorage::Attachment Load (0.4ms)[0m  [1m[34mSELECT "active_storage_attachments".* FROM "active_storage_attachments" WHERE "active_storage_attachments"."record_id" = ? AND "active_storage_attachments"."record_type" = ? AND "active_storage_attachments"."name" = ? LIMIT ?[0m  [["record_id", 8], ["record_type", "Item"], ["name", "image"], ["LIMIT", 1]]
  [1m[36mActiveStorage::Blob Load (0.3ms)[0m  [1m[34mSELECT "active_storage_blobs".* FROM "active_storage_blobs" WHERE "active_storage_blobs"."id" = ? LIMIT ?[0m  [["id", 4], ["LIMIT", 1]]
  Rendered items/show.html.erb within layouts/application (Duration: 6.1ms | Allocations: 958)
  Rendered layout layouts/application.html.erb (Duration: 14.4ms | Allocations: 2058)
Completed 200 OK in 21ms (Views: 17.1ms | ActiveRecord: 1.4ms | Allocations: 2424)


Started GET "/rails/active_storage/blobs/redirect/eyJfcmFpbHMiOnsibWVzc2FnZSI6IkJBaHBDUT09IiwiZXhwIjpudWxsLCJwdXIiOiJibG9iX2lkIn19--1a569d148b4444b3abb50a1f274fa605d8126f00/mobile.webp" for ::1 at 2026-10-04 21:30:55 +0530
Processing by ActiveStorage::Blobs::RedirectController#show as */*
  Parameters: {"signed_id"=>"eyJfcmFpbHMiOnsibWVzc2FnZSI6IkJBaHBDUT09IiwiZXhwIjpudWxsLCJwdXIiOiJibG9iX2lkIn19--1a569d148b4444b3abb50a1f274fa605d8126f00", "filename"=>"mobile"}
  [1m[36mActiveStorage::Blob Load (0.7ms)[0m  [1m[34mSELECT "active_storage_blobs".* FROM "active_storage_blobs" WHERE "active_storage_blobs"."id" = ? LIMIT ?[0m  [["id", 4], ["LIMIT", 1]]
[36m  Disk Storage (1.9ms) [0m[34mGenerated URL for file at key: srrbq64ildbn74biqdjt58xoexis (http://localhost:3000/rails/active_storage/disk/eyJfcmFpbHMiOnsibWVzc2FnZSI6IkJBaDdDVG9JYTJWNVNTSWhjM0p5WW5FMk5HbHNaR0p1TnpSaWFYRmthblExT0hodlpYaHBjd1k2QmtWVU9oQmthWE53YjNOcGRHbHZia2tpUldGMGRHRmphRzFsYm5RN0lHWnBiR1Z1WVcxbFBTSnRiMkpwYkdVdWQyVmljQ0k3SUdacGJHVnVZVzFsS2oxVlZFWXRPQ2NuYlc5aWFXeGxMbmRsWW5BR093WlVPaEZqYjI1MFpXNTBYM1I1Y0dWSklnOXBiV0ZuWlM5M1pXSndCanNHVkRvUmMyVnlkbWxqWlY5dVlXMWxPZ3BzYjJOaGJBPT0iLCJleHAiOiIyMDI2LTEwLTA0VDE2OjA1OjU2LjA0MFoiLCJwdXIiOiJibG9iX2tleSJ9fQ==--35964ed60b40b7362bd1e2398129cb6787f4c31f/mobile.webp)[0m
Redirected to http://localhost:3000/rails/active_storage/disk/eyJfcmFpbHMiOnsibWVzc2FnZSI6IkJBaDdDVG9JYTJWNVNTSWhjM0p5WW5FMk5HbHNaR0p1TnpSaWFYRmthblExT0hodlpYaHBjd1k2QmtWVU9oQmthWE53YjNOcGRHbHZia2tpUldGMGRHRmphRzFsYm5RN0lHWnBiR1Z1WVcxbFBTSnRiMkpwYkdVdWQyVmljQ0k3SUdacGJHVnVZVzFsS2oxVlZFWXRPQ2NuYlc5aWFXeGxMbmRsWW5BR093WlVPaEZqYjI1MFpXNTBYM1I1Y0dWSklnOXBiV0ZuWlM5M1pXSndCanNHVkRvUmMyVnlkbWxqWlY5dVlXMWxPZ3BzYjJOaGJBPT0iLCJleHAiOiIyMDI2LTEwLTA0VDE2OjA1OjU2LjA0MFoiLCJwdXIiOiJibG9iX2tleSJ9fQ==--35964ed60b40b7362bd1e2398129cb6787f4c31f/mobile.webp
Completed 302 Found in 7ms (ActiveRecord: 0.7ms | Allocations: 509)


Started GET "/rails/active_storage/disk/eyJfcmFpbHMiOnsibWVzc2FnZSI6IkJBaDdDVG9JYTJWNVNTSWhjM0p5WW5FMk5HbHNaR0p1TnpSaWFYRmthblExT0hodlpYaHBjd1k2QmtWVU9oQmthWE53YjNOcGRHbHZia2tpUldGMGRHRmphRzFsYm5RN0lHWnBiR1Z1WVcxbFBTSnRiMkpwYkdVdWQyVmljQ0k3SUdacGJHVnVZVzFsS2oxVlZFWXRPQ2NuYlc5aWFXeGxMbmRsWW5BR093WlVPaEZqYjI1MFpXNTBYM1I1Y0dWSklnOXBiV0ZuWlM5M1pXSndCanNHVkRvUmMyVnlkbWxqWlY5dVlXMWxPZ3BzYjJOaGJBPT0iLCJleHAiOiIyMDI2LTEwLTA0VDE2OjA1OjU2LjA0MFoiLCJwdXIiOiJibG9iX2tleSJ9fQ==--35964ed60b40b7362bd1e2398129cb6787f4c31f/mobile.webp" for ::1 at 2026-10-04 21:30:56 +0530
Processing by ActiveStorage::DiskController#show as */*
  Parameters: {"encoded_key"=>"[FILTERED]", "filename"=>"mobile"}
Completed 200 OK in 2ms (ActiveRecord: 0.0ms | Allocations: 143)


Started GET "/items/8" for ::1 at 2026-10-04 21:31:43 +0530
Processing by ItemsController#show as HTML
  Parameters: {"id"=>"8"}
  [1m[36mItem Load (0.4ms)[0m  [1m[34mSELECT "items".* FROM "items" WHERE "items"."id" = ? LIMIT ?[0m  [["id", 8], ["LIMIT", 1]]
  Rendering layout layouts/application.html.erb
  Rendering items/show.html.erb within layouts/application
  [1m[36mActiveStorage::Attachment Load (0.4ms)[0m  [1m[34mSELECT "active_storage_attachments".* FROM "active_storage_attachments" WHERE "active_storage_attachments"."record_id" = ? AND "active_storage_attachments"."record_type" = ? AND "active_storage_attachments"."name" = ? LIMIT ?[0m  [["record_id", 8], ["record_type", "Item"], ["name", "image"], ["LIMIT", 1]]
  [1m[36mActiveStorage::Blob Load (0.3ms)[0m  [1m[34mSELECT "active_storage_blobs".* FROM "active_storage_blobs" WHERE "active_storage_blobs"."id" = ? LIMIT ?[0m  [["id", 4], ["LIMIT", 1]]
  Rendered items/show.html.erb within layouts/application (Duration: 5.7ms | Allocations: 957)
  Rendered layout layouts/application.html.erb (Duration: 18.0ms | Allocations: 2085)
Completed 200 OK in 22ms (Views: 18.7ms | ActiveRecord: 1.1ms | Allocations: 2436)


Started GET "/rails/active_storage/disk/eyJfcmFpbHMiOnsibWVzc2FnZSI6IkJBaDdDVG9JYTJWNVNTSWhjM0p5WW5FMk5HbHNaR0p1TnpSaWFYRmthblExT0hodlpYaHBjd1k2QmtWVU9oQmthWE53YjNOcGRHbHZia2tpUldGMGRHRmphRzFsYm5RN0lHWnBiR1Z1WVcxbFBTSnRiMkpwYkdVdWQyVmljQ0k3SUdacGJHVnVZVzFsS2oxVlZFWXRPQ2NuYlc5aWFXeGxMbmRsWW5BR093WlVPaEZqYjI1MFpXNTBYM1I1Y0dWSklnOXBiV0ZuWlM5M1pXSndCanNHVkRvUmMyVnlkbWxqWlY5dVlXMWxPZ3BzYjJOaGJBPT0iLCJleHAiOiIyMDI2LTEwLTA0VDE2OjA1OjU2LjA0MFoiLCJwdXIiOiJibG9iX2tleSJ9fQ==--35964ed60b40b7362bd1e2398129cb6787f4c31f/mobile.webp" for ::1 at 2026-10-04 21:31:43 +0530
Processing by ActiveStorage::DiskController#show as */*
  Parameters: {"encoded_key"=>"[FILTERED]", "filename"=>"mobile"}
Completed 304 Not Modified in 2ms (ActiveRecord: 0.0ms | Allocations: 132)


Started GET "/items/8" for ::1 at 2026-10-04 21:31:48 +0530
Processing by ItemsController#show as HTML
  Parameters: {"id"=>"8"}
  [1m[36mItem Load (0.4ms)[0m  [1m[34mSELECT "items".* FROM "items" WHERE "items"."id" = ? LIMIT ?[0m  [["id", 8], ["LIMIT", 1]]
  Rendering layout layouts/application.html.erb
  Rendering items/show.html.erb within layouts/application
  [1m[36mActiveStorage::Attachment Load (0.4ms)[0m  [1m[34mSELECT "active_storage_attachments".* FROM "active_storage_attachments" WHERE "active_storage_attachments"."record_id" = ? AND "active_storage_attachments"."record_type" = ? AND "active_storage_attachments"."name" = ? LIMIT ?[0m  [["record_id", 8], ["record_type", "Item"], ["name", "image"], ["LIMIT", 1]]
  [1m[36mActiveStorage::Blob Load (1.0ms)[0m  [1m[34mSELECT "active_storage_blobs".* FROM "active_storage_blobs" WHERE "active_storage_blobs"."id" = ? LIMIT ?[0m  [["id", 4], ["LIMIT", 1]]
  Rendered items/show.html.erb within layouts/application (Duration: 9.0ms | Allocations: 958)
  Rendered layout layouts/application.html.erb (Duration: 16.2ms | Allocations: 2082)
Completed 200 OK in 20ms (Views: 16.0ms | ActiveRecord: 1.8ms | Allocations: 2435)


Started GET "/rails/active_storage/disk/eyJfcmFpbHMiOnsibWVzc2FnZSI6IkJBaDdDVG9JYTJWNVNTSWhjM0p5WW5FMk5HbHNaR0p1TnpSaWFYRmthblExT0hodlpYaHBjd1k2QmtWVU9oQmthWE53YjNOcGRHbHZia2tpUldGMGRHRmphRzFsYm5RN0lHWnBiR1Z1WVcxbFBTSnRiMkpwYkdVdWQyVmljQ0k3SUdacGJHVnVZVzFsS2oxVlZFWXRPQ2NuYlc5aWFXeGxMbmRsWW5BR093WlVPaEZqYjI1MFpXNTBYM1I1Y0dWSklnOXBiV0ZuWlM5M1pXSndCanNHVkRvUmMyVnlkbWxqWlY5dVlXMWxPZ3BzYjJOaGJBPT0iLCJleHAiOiIyMDI2LTEwLTA0VDE2OjA1OjU2LjA0MFoiLCJwdXIiOiJibG9iX2tleSJ9fQ==--35964ed60b40b7362bd1e2398129cb6787f4c31f/mobile.webp" for ::1 at 2026-10-04 21:31:48 +0530
Processing by ActiveStorage::DiskController#show as */*
  Parameters: {"encoded_key"=>"[FILTERED]", "filename"=>"mobile"}
Completed 304 Not Modified in 2ms (ActiveRecord: 0.0ms | Allocations: 132)


Started GET "/items/8" for ::1 at 2026-10-04 21:31:53 +0530
Processing by ItemsController#show as HTML
  Parameters: {"id"=>"8"}
  [1m[36mItem Load (0.6ms)[0m  [1m[34mSELECT "items".* FROM "items" WHERE "items"."id" = ? LIMIT ?[0m  [["id", 8], ["LIMIT", 1]]
  Rendering layout layouts/application.html.erb
  Rendering items/show.html.erb within layouts/application
  [1m[36mActiveStorage::Attachment Load (0.4ms)[0m  [1m[34mSELECT "active_storage_attachments".* FROM "active_storage_attachments" WHERE "active_storage_attachments"."record_id" = ? AND "active_storage_attachments"."record_type" = ? AND "active_storage_attachments"."name" = ? LIMIT ?[0m  [["record_id", 8], ["record_type", "Item"], ["name", "image"], ["LIMIT", 1]]
  [1m[36mActiveStorage::Blob Load (0.3ms)[0m  [1m[34mSELECT "active_storage_blobs".* FROM "active_storage_blobs" WHERE "active_storage_blobs"."id" = ? LIMIT ?[0m  [["id", 4], ["LIMIT", 1]]
  Rendered items/show.html.erb within layouts/application (Duration: 6.0ms | Allocations: 957)
  Rendered layout layouts/application.html.erb (Duration: 17.5ms | Allocations: 2058)
Completed 200 OK in 22ms (Views: 18.1ms | ActiveRecord: 1.3ms | Allocations: 2409)


Started GET "/rails/active_storage/disk/eyJfcmFpbHMiOnsibWVzc2FnZSI6IkJBaDdDVG9JYTJWNVNTSWhjM0p5WW5FMk5HbHNaR0p1TnpSaWFYRmthblExT0hodlpYaHBjd1k2QmtWVU9oQmthWE53YjNOcGRHbHZia2tpUldGMGRHRmphRzFsYm5RN0lHWnBiR1Z1WVcxbFBTSnRiMkpwYkdVdWQyVmljQ0k3SUdacGJHVnVZVzFsS2oxVlZFWXRPQ2NuYlc5aWFXeGxMbmRsWW5BR093WlVPaEZqYjI1MFpXNTBYM1I1Y0dWSklnOXBiV0ZuWlM5M1pXSndCanNHVkRvUmMyVnlkbWxqWlY5dVlXMWxPZ3BzYjJOaGJBPT0iLCJleHAiOiIyMDI2LTEwLTA0VDE2OjA1OjU2LjA0MFoiLCJwdXIiOiJibG9iX2tleSJ9fQ==--35964ed60b40b7362bd1e2398129cb6787f4c31f/mobile.webp" for ::1 at 2026-10-04 21:31:53 +0530
Processing by ActiveStorage::DiskController#show as */*
  Parameters: {"encoded_key"=>"[FILTERED]", "filename"=>"mobile"}
Completed 304 Not Modified in 2ms (ActiveRecord: 0.0ms | Allocations: 132)


Started GET "/items/8" for ::1 at 2026-10-04 21:31:57 +0530
Processing by ItemsController#show as HTML
  Parameters: {"id"=>"8"}
  [1m[36mItem Load (1.1ms)[0m  [1m[34mSELECT "items".* FROM "items" WHERE "items"."id" = ? LIMIT ?[0m  [["id", 8], ["LIMIT", 1]]
  Rendering layout layouts/application.html.erb
  Rendering items/show.html.erb within layouts/application
  [1m[36mActiveStorage::Attachment Load (0.4ms)[0m  [1m[34mSELECT "active_storage_attachments".* FROM "active_storage_attachments" WHERE "active_storage_attachments"."record_id" = ? AND "active_storage_attachments"."record_type" = ? AND "active_storage_attachments"."name" = ? LIMIT ?[0m  [["record_id", 8], ["record_type", "Item"], ["name", "image"], ["LIMIT", 1]]
  [1m[36mActiveStorage::Blob Load (0.3ms)[0m  [1m[34mSELECT "active_storage_blobs".* FROM "active_storage_blobs" WHERE "active_storage_blobs"."id" = ? LIMIT ?[0m  [["id", 4], ["LIMIT", 1]]
  Rendered items/show.html.erb within layouts/application (Duration: 6.1ms | Allocations: 957)
  Rendered layout layouts/application.html.erb (Duration: 13.6ms | Allocations: 2058)
Completed 200 OK in 20ms (Views: 15.7ms | ActiveRecord: 1.7ms | Allocations: 2409)


Started GET "/rails/active_storage/disk/eyJfcmFpbHMiOnsibWVzc2FnZSI6IkJBaDdDVG9JYTJWNVNTSWhjM0p5WW5FMk5HbHNaR0p1TnpSaWFYRmthblExT0hodlpYaHBjd1k2QmtWVU9oQmthWE53YjNOcGRHbHZia2tpUldGMGRHRmphRzFsYm5RN0lHWnBiR1Z1WVcxbFBTSnRiMkpwYkdVdWQyVmljQ0k3SUdacGJHVnVZVzFsS2oxVlZFWXRPQ2NuYlc5aWFXeGxMbmRsWW5BR093WlVPaEZqYjI1MFpXNTBYM1I1Y0dWSklnOXBiV0ZuWlM5M1pXSndCanNHVkRvUmMyVnlkbWxqWlY5dVlXMWxPZ3BzYjJOaGJBPT0iLCJleHAiOiIyMDI2LTEwLTA0VDE2OjA1OjU2LjA0MFoiLCJwdXIiOiJibG9iX2tleSJ9fQ==--35964ed60b40b7362bd1e2398129cb6787f4c31f/mobile.webp" for ::1 at 2026-10-04 21:31:57 +0530
Processing by ActiveStorage::DiskController#show as */*
  Parameters: {"encoded_key"=>"[FILTERED]", "filename"=>"mobile"}
Completed 304 Not Modified in 2ms (ActiveRecord: 0.0ms | Allocations: 132)


Started GET "/items/8" for ::1 at 2026-10-04 21:32:03 +0530
Processing by ItemsController#show as HTML
  Parameters: {"id"=>"8"}
  [1m[36mItem Load (0.4ms)[0m  [1m[34mSELECT "items".* FROM "items" WHERE "items"."id" = ? LIMIT ?[0m  [["id", 8], ["LIMIT", 1]]
  Rendering layout layouts/application.html.erb
  Rendering items/show.html.erb within layouts/application
  [1m[36mActiveStorage::Attachment Load (0.7ms)[0m  [1m[34mSELECT "active_storage_attachments".* FROM "active_storage_attachments" WHERE "active_storage_attachments"."record_id" = ? AND "active_storage_attachments"."record_type" = ? AND "active_storage_attachments"."name" = ? LIMIT ?[0m  [["record_id", 8], ["record_type", "Item"], ["name", "image"], ["LIMIT", 1]]
  [1m[36mActiveStorage::Blob Load (0.5ms)[0m  [1m[34mSELECT "active_storage_blobs".* FROM "active_storage_blobs" WHERE "active_storage_blobs"."id" = ? LIMIT ?[0m  [["id", 4], ["LIMIT", 1]]
  Rendered items/show.html.erb within layouts/application (Duration: 9.4ms | Allocations: 957)
  Rendered layout layouts/application.html.erb (Duration: 16.5ms | Allocations: 2085)
Completed 200 OK in 20ms (Views: 16.9ms | ActiveRecord: 1.6ms | Allocations: 2436)


Started GET "/rails/active_storage/disk/eyJfcmFpbHMiOnsibWVzc2FnZSI6IkJBaDdDVG9JYTJWNVNTSWhjM0p5WW5FMk5HbHNaR0p1TnpSaWFYRmthblExT0hodlpYaHBjd1k2QmtWVU9oQmthWE53YjNOcGRHbHZia2tpUldGMGRHRmphRzFsYm5RN0lHWnBiR1Z1WVcxbFBTSnRiMkpwYkdVdWQyVmljQ0k3SUdacGJHVnVZVzFsS2oxVlZFWXRPQ2NuYlc5aWFXeGxMbmRsWW5BR093WlVPaEZqYjI1MFpXNTBYM1I1Y0dWSklnOXBiV0ZuWlM5M1pXSndCanNHVkRvUmMyVnlkbWxqWlY5dVlXMWxPZ3BzYjJOaGJBPT0iLCJleHAiOiIyMDI2LTEwLTA0VDE2OjA1OjU2LjA0MFoiLCJwdXIiOiJibG9iX2tleSJ9fQ==--35964ed60b40b7362bd1e2398129cb6787f4c31f/mobile.webp" for ::1 at 2026-10-04 21:32:03 +0530
Processing by ActiveStorage::DiskController#show as */*
  Parameters: {"encoded_key"=>"[FILTERED]", "filename"=>"mobile"}
Completed 304 Not Modified in 2ms (ActiveRecord: 0.0ms | Allocations: 132)


Started GET "/items/8" for ::1 at 2026-10-04 21:32:07 +0530
Processing by ItemsController#show as HTML
  Parameters: {"id"=>"8"}
  [1m[36mItem Load (0.5ms)[0m  [1m[34mSELECT "items".* FROM "items" WHERE "items"."id" = ? LIMIT ?[0m  [["id", 8], ["LIMIT", 1]]
  Rendering layout layouts/application.html.erb
  Rendering items/show.html.erb within layouts/application
  [1m[36mActiveStorage::Attachment Load (0.4ms)[0m  [1m[34mSELECT "active_storage_attachments".* FROM "active_storage_attachments" WHERE "active_storage_attachments"."record_id" = ? AND "active_storage_attachments"."record_type" = ? AND "active_storage_attachments"."name" = ? LIMIT ?[0m  [["record_id", 8], ["record_type", "Item"], ["name", "image"], ["LIMIT", 1]]
  [1m[36mActiveStorage::Blob Load (0.4ms)[0m  [1m[34mSELECT "active_storage_blobs".* FROM "active_storage_blobs" WHERE "active_storage_blobs"."id" = ? LIMIT ?[0m  [["id", 4], ["LIMIT", 1]]
  Rendered items/show.html.erb within layouts/application (Duration: 6.6ms | Allocations: 957)
  Rendered layout layouts/application.html.erb (Duration: 16.2ms | Allocations: 2076)
Completed 200 OK in 22ms (Views: 17.9ms | ActiveRecord: 1.3ms | Allocations: 2427)


Started GET "/rails/active_storage/disk/eyJfcmFpbHMiOnsibWVzc2FnZSI6IkJBaDdDVG9JYTJWNVNTSWhjM0p5WW5FMk5HbHNaR0p1TnpSaWFYRmthblExT0hodlpYaHBjd1k2QmtWVU9oQmthWE53YjNOcGRHbHZia2tpUldGMGRHRmphRzFsYm5RN0lHWnBiR1Z1WVcxbFBTSnRiMkpwYkdVdWQyVmljQ0k3SUdacGJHVnVZVzFsS2oxVlZFWXRPQ2NuYlc5aWFXeGxMbmRsWW5BR093WlVPaEZqYjI1MFpXNTBYM1I1Y0dWSklnOXBiV0ZuWlM5M1pXSndCanNHVkRvUmMyVnlkbWxqWlY5dVlXMWxPZ3BzYjJOaGJBPT0iLCJleHAiOiIyMDI2LTEwLTA0VDE2OjA1OjU2LjA0MFoiLCJwdXIiOiJibG9iX2tleSJ9fQ==--35964ed60b40b7362bd1e2398129cb6787f4c31f/mobile.webp" for ::1 at 2026-10-04 21:32:07 +0530
Processing by ActiveStorage::DiskController#show as */*
  Parameters: {"encoded_key"=>"[FILTERED]", "filename"=>"mobile"}
Completed 304 Not Modified in 2ms (ActiveRecord: 0.0ms | Allocations: 132)


Started GET "/admin/dashboard" for 127.0.0.1 at 2026-10-04 21:54:53 +0530
Processing by AdminDashboardController#index as HTML
Redirected to http://127.0.0.1:3000/admin/login
Filter chain halted as :require_admin rendered or redirected
Completed 302 Found in 3ms (ActiveRecord: 0.0ms | Allocations: 631)


Started GET "/admin/login" for 127.0.0.1 at 2026-10-04 21:54:54 +0530
Processing by AdminSessionsController#new as HTML
  Rendering layout layouts/application.html.erb
  Rendering admin_sessions/new.html.erb within layouts/application
  Rendered admin_sessions/new.html.erb within layouts/application (Duration: 36.4ms | Allocations: 5662)
  Rendered layout layouts/application.html.erb (Duration: 130.8ms | Allocations: 10686)
Completed 200 OK in 175ms (Views: 147.2ms | ActiveRecord: 0.0ms | Allocations: 15493)


Started GET "/assets/application-ac75cfafc3d332fff467412b984a4c5c011a3a5bc0ff353b7203e5e1b28b9a43.css" for 127.0.0.1 at 2026-10-04 21:54:54 +0530
Started POST "/admin/login" for 127.0.0.1 at 2026-10-04 21:55:03 +0530
Processing by AdminSessionsController#create as HTML
  Parameters: {"authenticity_token"=>"[FILTERED]", "username"=>"admin", "password"=>"[FILTERED]", "commit"=>"Login"}
  [1m[36mAdmin Load (0.9ms)[0m  [1m[34mSELECT "admins".* FROM "admins" WHERE "admins"."username" = ? LIMIT ?[0m  [["username", "admin"], ["LIMIT", 1]]
Redirected to http://127.0.0.1:3000/admin/dashboard
Completed 302 Found in 568ms (ActiveRecord: 12.5ms | Allocations: 28521)


Started GET "/admin/dashboard" for 127.0.0.1 at 2026-10-04 21:55:03 +0530
Processing by AdminDashboardController#index as HTML
  [1m[36mAdmin Load (0.4ms)[0m  [1m[34mSELECT "admins".* FROM "admins" WHERE "admins"."id" = ? LIMIT ?[0m  [["id", 1], ["LIMIT", 1]]
  Rendering layout layouts/application.html.erb
  Rendering admin_dashboard/index.html.erb within layouts/application
  [1m[36mItem Count (0.8ms)[0m  [1m[34mSELECT COUNT(*) FROM "items"[0m
  [1m[36mItem Count (0.6ms)[0m  [1m[34mSELECT COUNT(*) FROM "items" WHERE "items"."status" = ?[0m  [["status", "Lost"]]
  [1m[36mItem Count (0.3ms)[0m  [1m[34mSELECT COUNT(*) FROM "items" WHERE "items"."status" = ?[0m  [["status", "Found"]]
  Rendered admin_dashboard/index.html.erb within layouts/application (Duration: 45.5ms | Allocations: 3860)
  Rendered layout layouts/application.html.erb (Duration: 51.6ms | Allocations: 4987)
Completed 200 OK in 61ms (Views: 53.2ms | ActiveRecord: 2.8ms | Allocations: 6680)


Started GET "/items" for 127.0.0.1 at 2026-10-04 21:55:10 +0530
Processing by ItemsController#index as HTML
  Rendering layout layouts/application.html.erb
  Rendering items/index.html.erb within layouts/application
  [1m[36mItem Exists? (0.6ms)[0m  [1m[34mSELECT 1 AS one FROM "items" LIMIT ?[0m  [["LIMIT", 1]]
  [1m[36mItem Load (0.5ms)[0m  [1m[34mSELECT "items".* FROM "items" ORDER BY "items"."created_at" DESC[0m
  [1m[36mActiveStorage::Attachment Load (0.9ms)[0m  [1m[34mSELECT "active_storage_attachments".* FROM "active_storage_attachments" WHERE "active_storage_attachments"."record_id" = ? AND "active_storage_attachments"."record_type" = ? AND "active_storage_attachments"."name" = ? LIMIT ?[0m  [["record_id", 8], ["record_type", "Item"], ["name", "image"], ["LIMIT", 1]]
  [1m[36mActiveStorage::Blob Load (0.6ms)[0m  [1m[34mSELECT "active_storage_blobs".* FROM "active_storage_blobs" WHERE "active_storage_blobs"."id" = ? LIMIT ?[0m  [["id", 4], ["LIMIT", 1]]
  [1m[36mActiveStorage::Attachment Load (0.4ms)[0m  [1m[34mSELECT "active_storage_attachments".* FROM "active_storage_attachments" WHERE "active_storage_attachments"."record_id" = ? AND "active_storage_attachments"."record_type" = ? AND "active_storage_attachments"."name" = ? LIMIT ?[0m  [["record_id", 7], ["record_type", "Item"], ["name", "image"], ["LIMIT", 1]]
  [1m[36mActiveStorage::Blob Load (1.0ms)[0m  [1m[34mSELECT "active_storage_blobs".* FROM "active_storage_blobs" WHERE "active_storage_blobs"."id" = ? LIMIT ?[0m  [["id", 3], ["LIMIT", 1]]
  [1m[36mActiveStorage::Attachment Load (0.4ms)[0m  [1m[34mSELECT "active_storage_attachments".* FROM "active_storage_attachments" WHERE "active_storage_attachments"."record_id" = ? AND "active_storage_attachments"."record_type" = ? AND "active_storage_attachments"."name" = ? LIMIT ?[0m  [["record_id", 6], ["record_type", "Item"], ["name", "image"], ["LIMIT", 1]]
  [1m[36mActiveStorage::Blob Load (0.3ms)[0m  [1m[34mSELECT "active_storage_blobs".* FROM "active_storage_blobs" WHERE "active_storage_blobs"."id" = ? LIMIT ?[0m  [["id", 2], ["LIMIT", 1]]
  [1m[36mActiveStorage::Attachment Load (0.3ms)[0m  [1m[34mSELECT "active_storage_attachments".* FROM "active_storage_attachments" WHERE "active_storage_attachments"."record_id" = ? AND "active_storage_attachments"."record_type" = ? AND "active_storage_attachments"."name" = ? LIMIT ?[0m  [["record_id", 5], ["record_type", "Item"], ["name", "image"], ["LIMIT", 1]]
  Rendered items/index.html.erb within layouts/application (Duration: 321.9ms | Allocations: 35854)
  Rendered layout layouts/application.html.erb (Duration: 330.8ms | Allocations: 37214)
Completed 200 OK in 341ms (Views: 328.7ms | ActiveRecord: 8.7ms | Allocations: 38011)


Started GET "/rails/active_storage/blobs/redirect/eyJfcmFpbHMiOnsibWVzc2FnZSI6IkJBaHBDUT09IiwiZXhwIjpudWxsLCJwdXIiOiJibG9iX2lkIn19--1a569d148b4444b3abb50a1f274fa605d8126f00/mobile.webp" for 127.0.0.1 at 2026-10-04 21:55:10 +0530
Started GET "/rails/active_storage/blobs/redirect/eyJfcmFpbHMiOnsibWVzc2FnZSI6IkJBaHBDQT09IiwiZXhwIjpudWxsLCJwdXIiOiJibG9iX2lkIn19--96bdd189c9b61f7005a81194b25160ccc056f53a/mobile.webp" for 127.0.0.1 at 2026-10-04 21:55:10 +0530
Started GET "/rails/active_storage/blobs/redirect/eyJfcmFpbHMiOnsibWVzc2FnZSI6IkJBaHBCdz09IiwiZXhwIjpudWxsLCJwdXIiOiJibG9iX2lkIn19--106c1880109ab7b85e3c5d20127ffa2e5803cef3/mobile.webp" for 127.0.0.1 at 2026-10-04 21:55:10 +0530
Processing by ActiveStorage::Blobs::RedirectController#show as */*
  Parameters: {"signed_id"=>"eyJfcmFpbHMiOnsibWVzc2FnZSI6IkJBaHBDUT09IiwiZXhwIjpudWxsLCJwdXIiOiJibG9iX2lkIn19--1a569d148b4444b3abb50a1f274fa605d8126f00", "filename"=>"mobile"}
Processing by ActiveStorage::Blobs::RedirectController#show as */*
  Parameters: {"signed_id"=>"eyJfcmFpbHMiOnsibWVzc2FnZSI6IkJBaHBCdz09IiwiZXhwIjpudWxsLCJwdXIiOiJibG9iX2lkIn19--106c1880109ab7b85e3c5d20127ffa2e5803cef3", "filename"=>"mobile"}
Processing by ActiveStorage::Blobs::RedirectController#show as */*
  Parameters: {"signed_id"=>"eyJfcmFpbHMiOnsibWVzc2FnZSI6IkJBaHBDQT09IiwiZXhwIjpudWxsLCJwdXIiOiJibG9iX2lkIn19--96bdd189c9b61f7005a81194b25160ccc056f53a", "filename"=>"mobile"}
  [1m[36mActiveStorage::Blob Load (0.4ms)[0m  [1m[34mSELECT "active_storage_blobs".* FROM "active_storage_blobs" WHERE "active_storage_blobs"."id" = ? LIMIT ?[0m  [["id", 4], ["LIMIT", 1]]
[36m  Disk Storage (2.0ms) [0m[34mGenerated URL for file at key: srrbq64ildbn74biqdjt58xoexis (http://127.0.0.1:3000/rails/active_storage/disk/eyJfcmFpbHMiOnsibWVzc2FnZSI6IkJBaDdDVG9JYTJWNVNTSWhjM0p5WW5FMk5HbHNaR0p1TnpSaWFYRmthblExT0hodlpYaHBjd1k2QmtWVU9oQmthWE53YjNOcGRHbHZia2tpUldGMGRHRmphRzFsYm5RN0lHWnBiR1Z1WVcxbFBTSnRiMkpwYkdVdWQyVmljQ0k3SUdacGJHVnVZVzFsS2oxVlZFWXRPQ2NuYlc5aWFXeGxMbmRsWW5BR093WlVPaEZqYjI1MFpXNTBYM1I1Y0dWSklnOXBiV0ZuWlM5M1pXSndCanNHVkRvUmMyVnlkbWxqWlY5dVlXMWxPZ3BzYjJOaGJBPT0iLCJleHAiOiIyMDI2LTEwLTA0VDE2OjMwOjEwLjgzOVoiLCJwdXIiOiJibG9iX2tleSJ9fQ==--68e6c802cdaf390c37a576a49589e0cd889cb158/mobile.webp)[0m
Redirected to http://127.0.0.1:3000/rails/active_storage/disk/eyJfcmFpbHMiOnsibWVzc2FnZSI6IkJBaDdDVG9JYTJWNVNTSWhjM0p5WW5FMk5HbHNaR0p1TnpSaWFYRmthblExT0hodlpYaHBjd1k2QmtWVU9oQmthWE53YjNOcGRHbHZia2tpUldGMGRHRmphRzFsYm5RN0lHWnBiR1Z1WVcxbFBTSnRiMkpwYkdVdWQyVmljQ0k3SUdacGJHVnVZVzFsS2oxVlZFWXRPQ2NuYlc5aWFXeGxMbmRsWW5BR093WlVPaEZqYjI1MFpXNTBYM1I1Y0dWSklnOXBiV0ZuWlM5M1pXSndCanNHVkRvUmMyVnlkbWxqWlY5dVlXMWxPZ3BzYjJOaGJBPT0iLCJleHAiOiIyMDI2LTEwLTA0VDE2OjMwOjEwLjgzOVoiLCJwdXIiOiJibG9iX2tleSJ9fQ==--68e6c802cdaf390c37a576a49589e0cd889cb158/mobile.webp
Completed 302 Found in 25ms (ActiveRecord: 0.4ms | Allocations: 2754)


  [1m[36mActiveStorage::Blob Load (0.3ms)[0m  [1m[34mSELECT "active_storage_blobs".* FROM "active_storage_blobs" WHERE "active_storage_blobs"."id" = ? LIMIT ?[0m  [["id", 3], ["LIMIT", 1]]
[36m  Disk Storage (1.2ms) [0m[34mGenerated URL for file at key: wbs65cu12q2kyyx62a2yo0f4drdz (http://127.0.0.1:3000/rails/active_storage/disk/eyJfcmFpbHMiOnsibWVzc2FnZSI6IkJBaDdDVG9JYTJWNVNTSWhkMkp6TmpWamRURXljVEpyZVhsNE5qSmhNbmx2TUdZMFpISmtlZ1k2QmtWVU9oQmthWE53YjNOcGRHbHZia2tpUldGMGRHRmphRzFsYm5RN0lHWnBiR1Z1WVcxbFBTSnRiMkpwYkdVdWQyVmljQ0k3SUdacGJHVnVZVzFsS2oxVlZFWXRPQ2NuYlc5aWFXeGxMbmRsWW5BR093WlVPaEZqYjI1MFpXNTBYM1I1Y0dWSklnOXBiV0ZuWlM5M1pXSndCanNHVkRvUmMyVnlkbWxqWlY5dVlXMWxPZ3BzYjJOaGJBPT0iLCJleHAiOiIyMDI2LTEwLTA0VDE2OjMwOjEwLjg1MloiLCJwdXIiOiJibG9iX2tleSJ9fQ==--4b7d5ab2341863b68cf3793a5e5e7490cc6975d5/mobile.webp)[0m
Redirected to http://127.0.0.1:3000/rails/active_storage/disk/eyJfcmFpbHMiOnsibWVzc2FnZSI6IkJBaDdDVG9JYTJWNVNTSWhkMkp6TmpWamRURXljVEpyZVhsNE5qSmhNbmx2TUdZMFpISmtlZ1k2QmtWVU9oQmthWE53YjNOcGRHbHZia2tpUldGMGRHRmphRzFsYm5RN0lHWnBiR1Z1WVcxbFBTSnRiMkpwYkdVdWQyVmljQ0k3SUdacGJHVnVZVzFsS2oxVlZFWXRPQ2NuYlc5aWFXeGxMbmRsWW5BR093WlVPaEZqYjI1MFpXNTBYM1I1Y0dWSklnOXBiV0ZuWlM5M1pXSndCanNHVkRvUmMyVnlkbWxqWlY5dVlXMWxPZ3BzYjJOaGJBPT0iLCJleHAiOiIyMDI2LTEwLTA0VDE2OjMwOjEwLjg1MloiLCJwdXIiOiJibG9iX2tleSJ9fQ==--4b7d5ab2341863b68cf3793a5e5e7490cc6975d5/mobile.webp
Completed 302 Found in 28ms (ActiveRecord: 1.2ms | Allocations: 3338)


  [1m[36mActiveStorage::Blob Load (0.2ms)[0m  [1m[34mSELECT "active_storage_blobs".* FROM "active_storage_blobs" WHERE "active_storage_blobs"."id" = ? LIMIT ?[0m  [["id", 2], ["LIMIT", 1]]
[36m  Disk Storage (1.3ms) [0m[34mGenerated URL for file at key: ip8ptval8ovb3xlf1toodpjxxb14 (http://127.0.0.1:3000/rails/active_storage/disk/eyJfcmFpbHMiOnsibWVzc2FnZSI6IkJBaDdDVG9JYTJWNVNTSWhhWEE0Y0hSMllXdzRiM1ppTTNoc1pqRjBiMjlrY0dwNGVHSXhOQVk2QmtWVU9oQmthWE53YjNOcGRHbHZia2tpUldGMGRHRmphRzFsYm5RN0lHWnBiR1Z1WVcxbFBTSnRiMkpwYkdVdWQyVmljQ0k3SUdacGJHVnVZVzFsS2oxVlZFWXRPQ2NuYlc5aWFXeGxMbmRsWW5BR093WlVPaEZqYjI1MFpXNTBYM1I1Y0dWSklnOXBiV0ZuWlM5M1pXSndCanNHVkRvUmMyVnlkbWxqWlY5dVlXMWxPZ3BzYjJOaGJBPT0iLCJleHAiOiIyMDI2LTEwLTA0VDE2OjMwOjEwLjg1N1oiLCJwdXIiOiJibG9iX2tleSJ9fQ==--273373242376b5846b56f7b3c74dac1373fad65e/mobile.webp)[0m
Redirected to http://127.0.0.1:3000/rails/active_storage/disk/eyJfcmFpbHMiOnsibWVzc2FnZSI6IkJBaDdDVG9JYTJWNVNTSWhhWEE0Y0hSMllXdzRiM1ppTTNoc1pqRjBiMjlrY0dwNGVHSXhOQVk2QmtWVU9oQmthWE53YjNOcGRHbHZia2tpUldGMGRHRmphRzFsYm5RN0lHWnBiR1Z1WVcxbFBTSnRiMkpwYkdVdWQyVmljQ0k3SUdacGJHVnVZVzFsS2oxVlZFWXRPQ2NuYlc5aWFXeGxMbmRsWW5BR093WlVPaEZqYjI1MFpXNTBYM1I1Y0dWSklnOXBiV0ZuWlM5M1pXSndCanNHVkRvUmMyVnlkbWxqWlY5dVlXMWxPZ3BzYjJOaGJBPT0iLCJleHAiOiIyMDI2LTEwLTA0VDE2OjMwOjEwLjg1N1oiLCJwdXIiOiJibG9iX2tleSJ9fQ==--273373242376b5846b56f7b3c74dac1373fad65e/mobile.webp
Completed 302 Found in 33ms (ActiveRecord: 0.9ms | Allocations: 3946)


Started GET "/rails/active_storage/disk/eyJfcmFpbHMiOnsibWVzc2FnZSI6IkJBaDdDVG9JYTJWNVNTSWhjM0p5WW5FMk5HbHNaR0p1TnpSaWFYRmthblExT0hodlpYaHBjd1k2QmtWVU9oQmthWE53YjNOcGRHbHZia2tpUldGMGRHRmphRzFsYm5RN0lHWnBiR1Z1WVcxbFBTSnRiMkpwYkdVdWQyVmljQ0k3SUdacGJHVnVZVzFsS2oxVlZFWXRPQ2NuYlc5aWFXeGxMbmRsWW5BR093WlVPaEZqYjI1MFpXNTBYM1I1Y0dWSklnOXBiV0ZuWlM5M1pXSndCanNHVkRvUmMyVnlkbWxqWlY5dVlXMWxPZ3BzYjJOaGJBPT0iLCJleHAiOiIyMDI2LTEwLTA0VDE2OjMwOjEwLjgzOVoiLCJwdXIiOiJibG9iX2tleSJ9fQ==--68e6c802cdaf390c37a576a49589e0cd889cb158/mobile.webp" for 127.0.0.1 at 2026-10-04 21:55:10 +0530
Started GET "/rails/active_storage/disk/eyJfcmFpbHMiOnsibWVzc2FnZSI6IkJBaDdDVG9JYTJWNVNTSWhkMkp6TmpWamRURXljVEpyZVhsNE5qSmhNbmx2TUdZMFpISmtlZ1k2QmtWVU9oQmthWE53YjNOcGRHbHZia2tpUldGMGRHRmphRzFsYm5RN0lHWnBiR1Z1WVcxbFBTSnRiMkpwYkdVdWQyVmljQ0k3SUdacGJHVnVZVzFsS2oxVlZFWXRPQ2NuYlc5aWFXeGxMbmRsWW5BR093WlVPaEZqYjI1MFpXNTBYM1I1Y0dWSklnOXBiV0ZuWlM5M1pXSndCanNHVkRvUmMyVnlkbWxqWlY5dVlXMWxPZ3BzYjJOaGJBPT0iLCJleHAiOiIyMDI2LTEwLTA0VDE2OjMwOjEwLjg1MloiLCJwdXIiOiJibG9iX2tleSJ9fQ==--4b7d5ab2341863b68cf3793a5e5e7490cc6975d5/mobile.webp" for 127.0.0.1 at 2026-10-04 21:55:10 +0530
Started GET "/rails/active_storage/disk/eyJfcmFpbHMiOnsibWVzc2FnZSI6IkJBaDdDVG9JYTJWNVNTSWhhWEE0Y0hSMllXdzRiM1ppTTNoc1pqRjBiMjlrY0dwNGVHSXhOQVk2QmtWVU9oQmthWE53YjNOcGRHbHZia2tpUldGMGRHRmphRzFsYm5RN0lHWnBiR1Z1WVcxbFBTSnRiMkpwYkdVdWQyVmljQ0k3SUdacGJHVnVZVzFsS2oxVlZFWXRPQ2NuYlc5aWFXeGxMbmRsWW5BR093WlVPaEZqYjI1MFpXNTBYM1I1Y0dWSklnOXBiV0ZuWlM5M1pXSndCanNHVkRvUmMyVnlkbWxqWlY5dVlXMWxPZ3BzYjJOaGJBPT0iLCJleHAiOiIyMDI2LTEwLTA0VDE2OjMwOjEwLjg1N1oiLCJwdXIiOiJibG9iX2tleSJ9fQ==--273373242376b5846b56f7b3c74dac1373fad65e/mobile.webp" for 127.0.0.1 at 2026-10-04 21:55:10 +0530
Processing by ActiveStorage::DiskController#show as */*
  Parameters: {"encoded_key"=>"[FILTERED]", "filename"=>"mobile"}
Processing by ActiveStorage::DiskController#show as */*
  Parameters: {"encoded_key"=>"[FILTERED]", "filename"=>"mobile"}
Processing by ActiveStorage::DiskController#show as */*
  Parameters: {"encoded_key"=>"[FILTERED]", "filename"=>"mobile"}
Completed 200 OK in 4ms (ActiveRecord: 0.0ms | Allocations: 362)


Completed 200 OK in 3ms (ActiveRecord: 0.0ms | Allocations: 431)


Completed 200 OK in 3ms (ActiveRecord: 0.0ms | Allocations: 415)


Started GET "/items/new" for 127.0.0.1 at 2026-10-04 21:55:14 +0530
Processing by ItemsController#new as HTML
  Rendering layout layouts/application.html.erb
  Rendering items/new.html.erb within layouts/application
  Rendered items/new.html.erb within layouts/application (Duration: 60.4ms | Allocations: 4492)
  Rendered layout layouts/application.html.erb (Duration: 68.7ms | Allocations: 5567)
Completed 200 OK in 73ms (Views: 70.6ms | ActiveRecord: 0.0ms | Allocations: 5994)


Started POST "/items" for 127.0.0.1 at 2026-10-04 22:03:38 +0530
Processing by ItemsController#create as HTML
  Parameters: {"authenticity_token"=>"[FILTERED]", "item"=>{"title"=>" Blue Mobile", "description"=>"black cover", "category"=>"Mobile", "location"=>"college campus", "date_lost_found"=>"2026-10-04", "status"=>"Found", "contact_name"=>"Eniya", "contact_email"=>"eniyae24cs@psnacet.edu.in", "image"=>#<ActionDispatch::Http::UploadedFile:0x0000023a36503558 @tempfile=#<Tempfile:C:/Users/ELCOT/AppData/Local/Temp/RackMultipart20261004-10188-dg7gui.webp>, @content_type="image/webp", @original_filename="mobile.webp", @headers="Content-Disposition: form-data; name=\"item[image]\"; filename=\"mobile.webp\"\r\nContent-Type: image/webp\r\n">}, "commit"=>"Submit Report"}
  [1m[36mTRANSACTION (0.1ms)[0m  [1m[36mbegin transaction[0m
  [1m[36mItem Create (2.1ms)[0m  [1m[32mINSERT INTO "items" ("title", "description", "category", "location", "date_lost_found", "status", "created_at", "updated_at", "contact", "contact_name", "contact_email") VALUES (?, ?, ?, ?, ?, ?, ?, ?, ?, ?, ?)[0m  [["title", " Blue Mobile"], ["description", "black cover"], ["category", "Mobile"], ["location", "college campus"], ["date_lost_found", "2026-10-04"], ["status", "Found"], ["created_at", "2026-10-04 16:33:38.501168"], ["updated_at", "2026-10-04 16:33:38.501168"], ["contact", nil], ["contact_name", "Eniya"], ["contact_email", "eniyae24cs@psnacet.edu.in"]]
  [1m[36mActiveStorage::Blob Load (0.7ms)[0m  [1m[34mSELECT "active_storage_blobs".* FROM "active_storage_blobs" INNER JOIN "active_storage_attachments" ON "active_storage_blobs"."id" = "active_storage_attachments"."blob_id" WHERE "active_storage_attachments"."record_id" = ? AND "active_storage_attachments"."record_type" = ? AND "active_storage_attachments"."name" = ? LIMIT ?[0m  [["record_id", 9], ["record_type", "Item"], ["name", "image"], ["LIMIT", 1]]
  [1m[36mActiveStorage::Attachment Load (0.4ms)[0m  [1m[34mSELECT "active_storage_attachments".* FROM "active_storage_attachments" WHERE "active_storage_attachments"."record_id" = ? AND "active_storage_attachments"."record_type" = ? AND "active_storage_attachments"."name" = ? LIMIT ?[0m  [["record_id", 9], ["record_type", "Item"], ["name", "image"], ["LIMIT", 1]]
  [1m[36mActiveStorage::Blob Create (0.9ms)[0m  [1m[32mINSERT INTO "active_storage_blobs" ("key", "filename", "content_type", "metadata", "service_name", "byte_size", "checksum", "created_at") VALUES (?, ?, ?, ?, ?, ?, ?, ?)[0m  [["key", "smcwv83i79pzzttgn4h3z7yo3kru"], ["filename", "mobile.webp"], ["content_type", "image/webp"], ["metadata", "{\"identified\":true}"], ["service_name", "local"], ["byte_size", 24922], ["checksum", "JrVYngoQJTnAhQAQV4Rz/w=="], ["created_at", "2026-10-04 16:33:38.628095"]]
  [1m[36mActiveStorage::Attachment Create (0.5ms)[0m  [1m[32mINSERT INTO "active_storage_attachments" ("name", "record_type", "record_id", "blob_id", "created_at") VALUES (?, ?, ?, ?, ?)[0m  [["name", "image"], ["record_type", "Item"], ["record_id", 9], ["blob_id", 5], ["created_at", "2026-10-04 16:33:38.635395"]]
  [1m[36mItem Update (0.3ms)[0m  [1m[33mUPDATE "items" SET "updated_at" = ? WHERE "items"."id" = ?[0m  [["updated_at", "2026-10-04 16:33:38.639283"], ["id", 9]]
  [1m[36mTRANSACTION (5.8ms)[0m  [1m[36mcommit transaction[0m
[36m  Disk Storage (6.8ms) [0m[32mUploaded file to key: smcwv83i79pzzttgn4h3z7yo3kru (checksum: JrVYngoQJTnAhQAQV4Rz/w==)[0m
[ActiveJob] Enqueued ActiveStorage::AnalyzeJob (Job ID: bbec1508-c563-486e-abe4-fcf57c321a4d) to Async(default) with arguments: #<GlobalID:0x0000023a366b4190 @uri=#<URI::GID gid://lost-and-found/ActiveStorage::Blob/5>>
Redirected to http://127.0.0.1:3000/items/9
Completed 302 Found in 205ms (ActiveRecord: 12.4ms | Allocations: 11227)


Started GET "/items/9" for 127.0.0.1 at 2026-10-04 22:03:38 +0530
[ActiveJob] [ActiveStorage::AnalyzeJob] [bbec1508-c563-486e-abe4-fcf57c321a4d]   [1m[36mActiveStorage::Blob Load (0.6ms)[0m  [1m[34mSELECT "active_storage_blobs".* FROM "active_storage_blobs" WHERE "active_storage_blobs"."id" = ? LIMIT ?[0m  [["id", 5], ["LIMIT", 1]]
[ActiveJob] [ActiveStorage::AnalyzeJob] [bbec1508-c563-486e-abe4-fcf57c321a4d] Performing ActiveStorage::AnalyzeJob (Job ID: bbec1508-c563-486e-abe4-fcf57c321a4d) from Async(default) enqueued at 2026-10-04T16:33:38Z with arguments: #<GlobalID:0x0000023a36758ab0 @uri=#<URI::GID gid://lost-and-found/ActiveStorage::Blob/5>>
[ActiveJob] [ActiveStorage::AnalyzeJob] [bbec1508-c563-486e-abe4-fcf57c321a4d] Skipping image analysis because the ruby-vips gem isn't installed
[ActiveJob] [ActiveStorage::AnalyzeJob] [bbec1508-c563-486e-abe4-fcf57c321a4d]   [1m[36mTRANSACTION (0.1ms)[0m  [1m[36mbegin transaction[0m
[ActiveJob] [ActiveStorage::AnalyzeJob] [bbec1508-c563-486e-abe4-fcf57c321a4d]   [1m[36mActiveStorage::Blob Update (1.7ms)[0m  [1m[33mUPDATE "active_storage_blobs" SET "metadata" = ? WHERE "active_storage_blobs"."id" = ?[0m  [["metadata", "{\"identified\":true,\"analyzed\":true}"], ["id", 5]]
[ActiveJob] [ActiveStorage::AnalyzeJob] [bbec1508-c563-486e-abe4-fcf57c321a4d]   [1m[36mTRANSACTION (4.0ms)[0m  [1m[36mcommit transaction[0m
[ActiveJob] [ActiveStorage::AnalyzeJob] [bbec1508-c563-486e-abe4-fcf57c321a4d] Performed ActiveStorage::AnalyzeJob (Job ID: bbec1508-c563-486e-abe4-fcf57c321a4d) from Async(default) in 35.44ms
Processing by ItemsController#show as HTML
  Parameters: {"id"=>"9"}
  [1m[36mItem Load (0.8ms)[0m  [1m[34mSELECT "items".* FROM "items" WHERE "items"."id" = ? LIMIT ?[0m  [["id", 9], ["LIMIT", 1]]
  Rendering layout layouts/application.html.erb
  Rendering items/show.html.erb within layouts/application
  [1m[36mActiveStorage::Attachment Load (0.7ms)[0m  [1m[34mSELECT "active_storage_attachments".* FROM "active_storage_attachments" WHERE "active_storage_attachments"."record_id" = ? AND "active_storage_attachments"."record_type" = ? AND "active_storage_attachments"."name" = ? LIMIT ?[0m  [["record_id", 9], ["record_type", "Item"], ["name", "image"], ["LIMIT", 1]]
  [1m[36mActiveStorage::Blob Load (0.4ms)[0m  [1m[34mSELECT "active_storage_blobs".* FROM "active_storage_blobs" WHERE "active_storage_blobs"."id" = ? LIMIT ?[0m  [["id", 5], ["LIMIT", 1]]
  Rendered items/show.html.erb within layouts/application (Duration: 35.9ms | Allocations: 1999)
  Rendered layout layouts/application.html.erb (Duration: 48.1ms | Allocations: 3041)
Completed 200 OK in 58ms (Views: 49.2ms | ActiveRecord: 1.9ms | Allocations: 4094)


Started GET "/rails/active_storage/blobs/redirect/eyJfcmFpbHMiOnsibWVzc2FnZSI6IkJBaHBDZz09IiwiZXhwIjpudWxsLCJwdXIiOiJibG9iX2lkIn19--491052e30bb75dedf981910e12ce3657636b5a26/mobile.webp" for 127.0.0.1 at 2026-10-04 22:03:38 +0530
Processing by ActiveStorage::Blobs::RedirectController#show as */*
  Parameters: {"signed_id"=>"eyJfcmFpbHMiOnsibWVzc2FnZSI6IkJBaHBDZz09IiwiZXhwIjpudWxsLCJwdXIiOiJibG9iX2lkIn19--491052e30bb75dedf981910e12ce3657636b5a26", "filename"=>"mobile"}
  [1m[36mActiveStorage::Blob Load (0.5ms)[0m  [1m[34mSELECT "active_storage_blobs".* FROM "active_storage_blobs" WHERE "active_storage_blobs"."id" = ? LIMIT ?[0m  [["id", 5], ["LIMIT", 1]]
[36m  Disk Storage (1.4ms) [0m[34mGenerated URL for file at key: smcwv83i79pzzttgn4h3z7yo3kru (http://127.0.0.1:3000/rails/active_storage/disk/eyJfcmFpbHMiOnsibWVzc2FnZSI6IkJBaDdDVG9JYTJWNVNTSWhjMjFqZDNZNE0yazNPWEI2ZW5SMFoyNDBhRE42TjNsdk0ydHlkUVk2QmtWVU9oQmthWE53YjNOcGRHbHZia2tpUldGMGRHRmphRzFsYm5RN0lHWnBiR1Z1WVcxbFBTSnRiMkpwYkdVdWQyVmljQ0k3SUdacGJHVnVZVzFsS2oxVlZFWXRPQ2NuYlc5aWFXeGxMbmRsWW5BR093WlVPaEZqYjI1MFpXNTBYM1I1Y0dWSklnOXBiV0ZuWlM5M1pXSndCanNHVkRvUmMyVnlkbWxqWlY5dVlXMWxPZ3BzYjJOaGJBPT0iLCJleHAiOiIyMDI2LTEwLTA0VDE2OjM4OjM4Ljk3N1oiLCJwdXIiOiJibG9iX2tleSJ9fQ==--b097f687c8ad9053c7319aaf665b34d3883f35b5/mobile.webp)[0m
Redirected to http://127.0.0.1:3000/rails/active_storage/disk/eyJfcmFpbHMiOnsibWVzc2FnZSI6IkJBaDdDVG9JYTJWNVNTSWhjMjFqZDNZNE0yazNPWEI2ZW5SMFoyNDBhRE42TjNsdk0ydHlkUVk2QmtWVU9oQmthWE53YjNOcGRHbHZia2tpUldGMGRHRmphRzFsYm5RN0lHWnBiR1Z1WVcxbFBTSnRiMkpwYkdVdWQyVmljQ0k3SUdacGJHVnVZVzFsS2oxVlZFWXRPQ2NuYlc5aWFXeGxMbmRsWW5BR093WlVPaEZqYjI1MFpXNTBYM1I1Y0dWSklnOXBiV0ZuWlM5M1pXSndCanNHVkRvUmMyVnlkbWxqWlY5dVlXMWxPZ3BzYjJOaGJBPT0iLCJleHAiOiIyMDI2LTEwLTA0VDE2OjM4OjM4Ljk3N1oiLCJwdXIiOiJibG9iX2tleSJ9fQ==--b097f687c8ad9053c7319aaf665b34d3883f35b5/mobile.webp
Completed 302 Found in 7ms (ActiveRecord: 0.5ms | Allocations: 549)


Started GET "/rails/active_storage/disk/eyJfcmFpbHMiOnsibWVzc2FnZSI6IkJBaDdDVG9JYTJWNVNTSWhjMjFqZDNZNE0yazNPWEI2ZW5SMFoyNDBhRE42TjNsdk0ydHlkUVk2QmtWVU9oQmthWE53YjNOcGRHbHZia2tpUldGMGRHRmphRzFsYm5RN0lHWnBiR1Z1WVcxbFBTSnRiMkpwYkdVdWQyVmljQ0k3SUdacGJHVnVZVzFsS2oxVlZFWXRPQ2NuYlc5aWFXeGxMbmRsWW5BR093WlVPaEZqYjI1MFpXNTBYM1I1Y0dWSklnOXBiV0ZuWlM5M1pXSndCanNHVkRvUmMyVnlkbWxqWlY5dVlXMWxPZ3BzYjJOaGJBPT0iLCJleHAiOiIyMDI2LTEwLTA0VDE2OjM4OjM4Ljk3N1oiLCJwdXIiOiJibG9iX2tleSJ9fQ==--b097f687c8ad9053c7319aaf665b34d3883f35b5/mobile.webp" for 127.0.0.1 at 2026-10-04 22:03:38 +0530
Processing by ActiveStorage::DiskController#show as */*
  Parameters: {"encoded_key"=>"[FILTERED]", "filename"=>"mobile"}
Completed 200 OK in 2ms (ActiveRecord: 0.0ms | Allocations: 158)


Started POST "/items/9/claim" for 127.0.0.1 at 2026-10-04 22:03:45 +0530
Processing by ItemsController#claim as HTML
  Parameters: {"authenticity_token"=>"[FILTERED]", "id"=>"9"}
  [1m[36mItem Load (0.4ms)[0m  [1m[34mSELECT "items".* FROM "items" WHERE "items"."id" = ? LIMIT ?[0m  [["id", 9], ["LIMIT", 1]]
  [1m[36mTRANSACTION (0.1ms)[0m  [1m[36mbegin transaction[0m
  [1m[36mItem Update (4.4ms)[0m  [1m[33mUPDATE "items" SET "status" = ?, "updated_at" = ? WHERE "items"."id" = ?[0m  [["status", "Claimed"], ["updated_at", "2026-10-04 16:33:45.276106"], ["id", 9]]
  [1m[36mTRANSACTION (3.8ms)[0m  [1m[36mcommit transaction[0m
Redirected to http://127.0.0.1:3000/items/9
Completed 302 Found in 17ms (ActiveRecord: 8.7ms | Allocations: 1053)


Started GET "/items/9" for 127.0.0.1 at 2026-10-04 22:03:45 +0530
Processing by ItemsController#show as HTML
  Parameters: {"id"=>"9"}
  [1m[36mItem Load (0.5ms)[0m  [1m[34mSELECT "items".* FROM "items" WHERE "items"."id" = ? LIMIT ?[0m  [["id", 9], ["LIMIT", 1]]
  Rendering layout layouts/application.html.erb
  Rendering items/show.html.erb within layouts/application
  [1m[36mActiveStorage::Attachment Load (0.5ms)[0m  [1m[34mSELECT "active_storage_attachments".* FROM "active_storage_attachments" WHERE "active_storage_attachments"."record_id" = ? AND "active_storage_attachments"."record_type" = ? AND "active_storage_attachments"."name" = ? LIMIT ?[0m  [["record_id", 9], ["record_type", "Item"], ["name", "image"], ["LIMIT", 1]]
  [1m[36mActiveStorage::Blob Load (0.3ms)[0m  [1m[34mSELECT "active_storage_blobs".* FROM "active_storage_blobs" WHERE "active_storage_blobs"."id" = ? LIMIT ?[0m  [["id", 5], ["LIMIT", 1]]
  Rendered items/show.html.erb within layouts/application (Duration: 6.7ms | Allocations: 957)
  Rendered layout layouts/application.html.erb (Duration: 15.1ms | Allocations: 2085)
Completed 200 OK in 19ms (Views: 15.6ms | ActiveRecord: 1.2ms | Allocations: 2436)


Started GET "/rails/active_storage/disk/eyJfcmFpbHMiOnsibWVzc2FnZSI6IkJBaDdDVG9JYTJWNVNTSWhjMjFqZDNZNE0yazNPWEI2ZW5SMFoyNDBhRE42TjNsdk0ydHlkUVk2QmtWVU9oQmthWE53YjNOcGRHbHZia2tpUldGMGRHRmphRzFsYm5RN0lHWnBiR1Z1WVcxbFBTSnRiMkpwYkdVdWQyVmljQ0k3SUdacGJHVnVZVzFsS2oxVlZFWXRPQ2NuYlc5aWFXeGxMbmRsWW5BR093WlVPaEZqYjI1MFpXNTBYM1I1Y0dWSklnOXBiV0ZuWlM5M1pXSndCanNHVkRvUmMyVnlkbWxqWlY5dVlXMWxPZ3BzYjJOaGJBPT0iLCJleHAiOiIyMDI2LTEwLTA0VDE2OjM4OjM4Ljk3N1oiLCJwdXIiOiJibG9iX2tleSJ9fQ==--b097f687c8ad9053c7319aaf665b34d3883f35b5/mobile.webp" for 127.0.0.1 at 2026-10-04 22:03:45 +0530
Processing by ActiveStorage::DiskController#show as */*
  Parameters: {"encoded_key"=>"[FILTERED]", "filename"=>"mobile"}
Completed 304 Not Modified in 1ms (ActiveRecord: 0.0ms | Allocations: 132)


  [1m[36mActiveRecord::SchemaMigration Pluck (0.7ms)[0m  [1m[34mSELECT "schema_migrations"."version" FROM "schema_migrations" ORDER BY "schema_migrations"."version" ASC[0m
  [1m[36mActiveRecord::InternalMetadata Load (0.7ms)[0m  [1m[34mSELECT "ar_internal_metadata".* FROM "ar_internal_metadata" WHERE "ar_internal_metadata"."key" = ? LIMIT ?[0m  [["key", "environment"], ["LIMIT", 1]]
  [1m[36mActiveRecord::SchemaMigration Pluck (0.1ms)[0m  [1m[34mSELECT "schema_migrations"."version" FROM "schema_migrations" ORDER BY "schema_migrations"."version" ASC[0m
Started GET "/" for ::1 at 2026-10-04 22:51:47 +0530
Processing by ItemsController#index as HTML
  Rendering layout layouts/application.html.erb
  Rendering items/index.html.erb within layouts/application
  [1m[36mItem Exists? (0.6ms)[0m  [1m[34mSELECT 1 AS one FROM "items" LIMIT ?[0m  [["LIMIT", 1]]
  [1m[36mItem Load (0.5ms)[0m  [1m[34mSELECT "items".* FROM "items" ORDER BY "items"."created_at" DESC[0m
  [1m[36mActiveStorage::Attachment Load (0.5ms)[0m  [1m[34mSELECT "active_storage_attachments".* FROM "active_storage_attachments" WHERE "active_storage_attachments"."record_id" = ? AND "active_storage_attachments"."record_type" = ? AND "active_storage_attachments"."name" = ? LIMIT ?[0m  [["record_id", 9], ["record_type", "Item"], ["name", "image"], ["LIMIT", 1]]
  [1m[36mActiveStorage::Blob Load (0.4ms)[0m  [1m[34mSELECT "active_storage_blobs".* FROM "active_storage_blobs" WHERE "active_storage_blobs"."id" = ? LIMIT ?[0m  [["id", 5], ["LIMIT", 1]]
  [1m[36mActiveStorage::Attachment Load (1.2ms)[0m  [1m[34mSELECT "active_storage_attachments".* FROM "active_storage_attachments" WHERE "active_storage_attachments"."record_id" = ? AND "active_storage_attachments"."record_type" = ? AND "active_storage_attachments"."name" = ? LIMIT ?[0m  [["record_id", 8], ["record_type", "Item"], ["name", "image"], ["LIMIT", 1]]
  [1m[36mActiveStorage::Blob Load (0.5ms)[0m  [1m[34mSELECT "active_storage_blobs".* FROM "active_storage_blobs" WHERE "active_storage_blobs"."id" = ? LIMIT ?[0m  [["id", 4], ["LIMIT", 1]]
  [1m[36mActiveStorage::Attachment Load (0.7ms)[0m  [1m[34mSELECT "active_storage_attachments".* FROM "active_storage_attachments" WHERE "active_storage_attachments"."record_id" = ? AND "active_storage_attachments"."record_type" = ? AND "active_storage_attachments"."name" = ? LIMIT ?[0m  [["record_id", 7], ["record_type", "Item"], ["name", "image"], ["LIMIT", 1]]
  [1m[36mActiveStorage::Blob Load (0.3ms)[0m  [1m[34mSELECT "active_storage_blobs".* FROM "active_storage_blobs" WHERE "active_storage_blobs"."id" = ? LIMIT ?[0m  [["id", 3], ["LIMIT", 1]]
  [1m[36mActiveStorage::Attachment Load (0.4ms)[0m  [1m[34mSELECT "active_storage_attachments".* FROM "active_storage_attachments" WHERE "active_storage_attachments"."record_id" = ? AND "active_storage_attachments"."record_type" = ? AND "active_storage_attachments"."name" = ? LIMIT ?[0m  [["record_id", 6], ["record_type", "Item"], ["name", "image"], ["LIMIT", 1]]
  [1m[36mActiveStorage::Blob Load (0.4ms)[0m  [1m[34mSELECT "active_storage_blobs".* FROM "active_storage_blobs" WHERE "active_storage_blobs"."id" = ? LIMIT ?[0m  [["id", 2], ["LIMIT", 1]]
  [1m[36mActiveStorage::Attachment Load (0.4ms)[0m  [1m[34mSELECT "active_storage_attachments".* FROM "active_storage_attachments" WHERE "active_storage_attachments"."record_id" = ? AND "active_storage_attachments"."record_type" = ? AND "active_storage_attachments"."name" = ? LIMIT ?[0m  [["record_id", 5], ["record_type", "Item"], ["name", "image"], ["LIMIT", 1]]
  Rendered items/index.html.erb within layouts/application (Duration: 339.6ms | Allocations: 37644)
  Rendered layout layouts/application.html.erb (Duration: 377.8ms | Allocations: 42922)
Completed 200 OK in 531ms (Views: 382.7ms | ActiveRecord: 13.8ms | Allocations: 59953)


Started GET "/rails/active_storage/blobs/redirect/eyJfcmFpbHMiOnsibWVzc2FnZSI6IkJBaHBDZz09IiwiZXhwIjpudWxsLCJwdXIiOiJibG9iX2lkIn19--491052e30bb75dedf981910e12ce3657636b5a26/mobile.webp" for ::1 at 2026-10-04 22:51:48 +0530
Started GET "/rails/active_storage/blobs/redirect/eyJfcmFpbHMiOnsibWVzc2FnZSI6IkJBaHBDUT09IiwiZXhwIjpudWxsLCJwdXIiOiJibG9iX2lkIn19--1a569d148b4444b3abb50a1f274fa605d8126f00/mobile.webp" for ::1 at 2026-10-04 22:51:48 +0530
Started GET "/rails/active_storage/blobs/redirect/eyJfcmFpbHMiOnsibWVzc2FnZSI6IkJBaHBCdz09IiwiZXhwIjpudWxsLCJwdXIiOiJibG9iX2lkIn19--106c1880109ab7b85e3c5d20127ffa2e5803cef3/mobile.webp" for ::1 at 2026-10-04 22:51:48 +0530
Started GET "/rails/active_storage/blobs/redirect/eyJfcmFpbHMiOnsibWVzc2FnZSI6IkJBaHBDQT09IiwiZXhwIjpudWxsLCJwdXIiOiJibG9iX2lkIn19--96bdd189c9b61f7005a81194b25160ccc056f53a/mobile.webp" for ::1 at 2026-10-04 22:51:48 +0530
Processing by ActiveStorage::Blobs::RedirectController#show as */*
  Parameters: {"signed_id"=>"eyJfcmFpbHMiOnsibWVzc2FnZSI6IkJBaHBDZz09IiwiZXhwIjpudWxsLCJwdXIiOiJibG9iX2lkIn19--491052e30bb75dedf981910e12ce3657636b5a26", "filename"=>"mobile"}
Processing by ActiveStorage::Blobs::RedirectController#show as */*
  Parameters: {"signed_id"=>"eyJfcmFpbHMiOnsibWVzc2FnZSI6IkJBaHBDUT09IiwiZXhwIjpudWxsLCJwdXIiOiJibG9iX2lkIn19--1a569d148b4444b3abb50a1f274fa605d8126f00", "filename"=>"mobile"}
Processing by ActiveStorage::Blobs::RedirectController#show as */*
  Parameters: {"signed_id"=>"eyJfcmFpbHMiOnsibWVzc2FnZSI6IkJBaHBDQT09IiwiZXhwIjpudWxsLCJwdXIiOiJibG9iX2lkIn19--96bdd189c9b61f7005a81194b25160ccc056f53a", "filename"=>"mobile"}
Processing by ActiveStorage::Blobs::RedirectController#show as */*
  Parameters: {"signed_id"=>"eyJfcmFpbHMiOnsibWVzc2FnZSI6IkJBaHBCdz09IiwiZXhwIjpudWxsLCJwdXIiOiJibG9iX2lkIn19--106c1880109ab7b85e3c5d20127ffa2e5803cef3", "filename"=>"mobile"}
  [1m[36mActiveStorage::Blob Load (0.5ms)[0m  [1m[34mSELECT "active_storage_blobs".* FROM "active_storage_blobs" WHERE "active_storage_blobs"."id" = ? LIMIT ?[0m  [["id", 5], ["LIMIT", 1]]
[36m  Disk Storage (1.1ms) [0m[34mGenerated URL for file at key: smcwv83i79pzzttgn4h3z7yo3kru (http://localhost:3000/rails/active_storage/disk/eyJfcmFpbHMiOnsibWVzc2FnZSI6IkJBaDdDVG9JYTJWNVNTSWhjMjFqZDNZNE0yazNPWEI2ZW5SMFoyNDBhRE42TjNsdk0ydHlkUVk2QmtWVU9oQmthWE53YjNOcGRHbHZia2tpUldGMGRHRmphRzFsYm5RN0lHWnBiR1Z1WVcxbFBTSnRiMkpwYkdVdWQyVmljQ0k3SUdacGJHVnVZVzFsS2oxVlZFWXRPQ2NuYlc5aWFXeGxMbmRsWW5BR093WlVPaEZqYjI1MFpXNTBYM1I1Y0dWSklnOXBiV0ZuWlM5M1pXSndCanNHVkRvUmMyVnlkbWxqWlY5dVlXMWxPZ3BzYjJOaGJBPT0iLCJleHAiOiIyMDI2LTEwLTA0VDE3OjI2OjQ4LjYzMFoiLCJwdXIiOiJibG9iX2tleSJ9fQ==--818d85c38ba62f0085f415b22d666809a7d4da10/mobile.webp)[0m
Redirected to http://localhost:3000/rails/active_storage/disk/eyJfcmFpbHMiOnsibWVzc2FnZSI6IkJBaDdDVG9JYTJWNVNTSWhjMjFqZDNZNE0yazNPWEI2ZW5SMFoyNDBhRE42TjNsdk0ydHlkUVk2QmtWVU9oQmthWE53YjNOcGRHbHZia2tpUldGMGRHRmphRzFsYm5RN0lHWnBiR1Z1WVcxbFBTSnRiMkpwYkdVdWQyVmljQ0k3SUdacGJHVnVZVzFsS2oxVlZFWXRPQ2NuYlc5aWFXeGxMbmRsWW5BR093WlVPaEZqYjI1MFpXNTBYM1I1Y0dWSklnOXBiV0ZuWlM5M1pXSndCanNHVkRvUmMyVnlkbWxqWlY5dVlXMWxPZ3BzYjJOaGJBPT0iLCJleHAiOiIyMDI2LTEwLTA0VDE3OjI2OjQ4LjYzMFoiLCJwdXIiOiJibG9iX2tleSJ9fQ==--818d85c38ba62f0085f415b22d666809a7d4da10/mobile.webp
Completed 302 Found in 17ms (ActiveRecord: 0.5ms | Allocations: 3127)


  [1m[36mActiveStorage::Blob Load (0.1ms)[0m  [1m[34mSELECT "active_storage_blobs".* FROM "active_storage_blobs" WHERE "active_storage_blobs"."id" = ? LIMIT ?[0m  [["id", 2], ["LIMIT", 1]]
[36m  Disk Storage (0.9ms) [0m[34mGenerated URL for file at key: ip8ptval8ovb3xlf1toodpjxxb14 (http://localhost:3000/rails/active_storage/disk/eyJfcmFpbHMiOnsibWVzc2FnZSI6IkJBaDdDVG9JYTJWNVNTSWhhWEE0Y0hSMllXdzRiM1ppTTNoc1pqRjBiMjlrY0dwNGVHSXhOQVk2QmtWVU9oQmthWE53YjNOcGRHbHZia2tpUldGMGRHRmphRzFsYm5RN0lHWnBiR1Z1WVcxbFBTSnRiMkpwYkdVdWQyVmljQ0k3SUdacGJHVnVZVzFsS2oxVlZFWXRPQ2NuYlc5aWFXeGxMbmRsWW5BR093WlVPaEZqYjI1MFpXNTBYM1I1Y0dWSklnOXBiV0ZuWlM5M1pXSndCanNHVkRvUmMyVnlkbWxqWlY5dVlXMWxPZ3BzYjJOaGJBPT0iLCJleHAiOiIyMDI2LTEwLTA0VDE3OjI2OjQ4LjY0MVoiLCJwdXIiOiJibG9iX2tleSJ9fQ==--71bc472dc384262151e4dca4db5ce2c9571201d3/mobile.webp)[0m
Redirected to http://localhost:3000/rails/active_storage/disk/eyJfcmFpbHMiOnsibWVzc2FnZSI6IkJBaDdDVG9JYTJWNVNTSWhhWEE0Y0hSMllXdzRiM1ppTTNoc1pqRjBiMjlrY0dwNGVHSXhOQVk2QmtWVU9oQmthWE53YjNOcGRHbHZia2tpUldGMGRHRmphRzFsYm5RN0lHWnBiR1Z1WVcxbFBTSnRiMkpwYkdVdWQyVmljQ0k3SUdacGJHVnVZVzFsS2oxVlZFWXRPQ2NuYlc5aWFXeGxMbmRsWW5BR093WlVPaEZqYjI1MFpXNTBYM1I1Y0dWSklnOXBiV0ZuWlM5M1pXSndCanNHVkRvUmMyVnlkbWxqWlY5dVlXMWxPZ3BzYjJOaGJBPT0iLCJleHAiOiIyMDI2LTEwLTA0VDE3OjI2OjQ4LjY0MVoiLCJwdXIiOiJibG9iX2tleSJ9fQ==--71bc472dc384262151e4dca4db5ce2c9571201d3/mobile.webp
Completed 302 Found in 19ms (ActiveRecord: 0.5ms | Allocations: 3692)


  [1m[36mActiveStorage::Blob Load (0.3ms)[0m  [1m[34mSELECT "active_storage_blobs".* FROM "active_storage_blobs" WHERE "active_storage_blobs"."id" = ? LIMIT ?[0m  [["id", 3], ["LIMIT", 1]]
[36m  Disk Storage (0.8ms) [0m[34mGenerated URL for file at key: wbs65cu12q2kyyx62a2yo0f4drdz (http://localhost:3000/rails/active_storage/disk/eyJfcmFpbHMiOnsibWVzc2FnZSI6IkJBaDdDVG9JYTJWNVNTSWhkMkp6TmpWamRURXljVEpyZVhsNE5qSmhNbmx2TUdZMFpISmtlZ1k2QmtWVU9oQmthWE53YjNOcGRHbHZia2tpUldGMGRHRmphRzFsYm5RN0lHWnBiR1Z1WVcxbFBTSnRiMkpwYkdVdWQyVmljQ0k3SUdacGJHVnVZVzFsS2oxVlZFWXRPQ2NuYlc5aWFXeGxMbmRsWW5BR093WlVPaEZqYjI1MFpXNTBYM1I1Y0dWSklnOXBiV0ZuWlM5M1pXSndCanNHVkRvUmMyVnlkbWxqWlY5dVlXMWxPZ3BzYjJOaGJBPT0iLCJleHAiOiIyMDI2LTEwLTA0VDE3OjI2OjQ4LjY0NFoiLCJwdXIiOiJibG9iX2tleSJ9fQ==--5184611020aab524f26c9728a9a7150022847a24/mobile.webp)[0m
Redirected to http://localhost:3000/rails/active_storage/disk/eyJfcmFpbHMiOnsibWVzc2FnZSI6IkJBaDdDVG9JYTJWNVNTSWhkMkp6TmpWamRURXljVEpyZVhsNE5qSmhNbmx2TUdZMFpISmtlZ1k2QmtWVU9oQmthWE53YjNOcGRHbHZia2tpUldGMGRHRmphRzFsYm5RN0lHWnBiR1Z1WVcxbFBTSnRiMkpwYkdVdWQyVmljQ0k3SUdacGJHVnVZVzFsS2oxVlZFWXRPQ2NuYlc5aWFXeGxMbmRsWW5BR093WlVPaEZqYjI1MFpXNTBYM1I1Y0dWSklnOXBiV0ZuWlM5M1pXSndCanNHVkRvUmMyVnlkbWxqWlY5dVlXMWxPZ3BzYjJOaGJBPT0iLCJleHAiOiIyMDI2LTEwLTA0VDE3OjI2OjQ4LjY0NFoiLCJwdXIiOiJibG9iX2tleSJ9fQ==--5184611020aab524f26c9728a9a7150022847a24/mobile.webp
Completed 302 Found in 22ms (ActiveRecord: 1.1ms | Allocations: 4342)


  [1m[36mActiveStorage::Blob Load (0.3ms)[0m  [1m[34mSELECT "active_storage_blobs".* FROM "active_storage_blobs" WHERE "active_storage_blobs"."id" = ? LIMIT ?[0m  [["id", 4], ["LIMIT", 1]]
[36m  Disk Storage (1.0ms) [0m[34mGenerated URL for file at key: srrbq64ildbn74biqdjt58xoexis (http://localhost:3000/rails/active_storage/disk/eyJfcmFpbHMiOnsibWVzc2FnZSI6IkJBaDdDVG9JYTJWNVNTSWhjM0p5WW5FMk5HbHNaR0p1TnpSaWFYRmthblExT0hodlpYaHBjd1k2QmtWVU9oQmthWE53YjNOcGRHbHZia2tpUldGMGRHRmphRzFsYm5RN0lHWnBiR1Z1WVcxbFBTSnRiMkpwYkdVdWQyVmljQ0k3SUdacGJHVnVZVzFsS2oxVlZFWXRPQ2NuYlc5aWFXeGxMbmRsWW5BR093WlVPaEZqYjI1MFpXNTBYM1I1Y0dWSklnOXBiV0ZuWlM5M1pXSndCanNHVkRvUmMyVnlkbWxqWlY5dVlXMWxPZ3BzYjJOaGJBPT0iLCJleHAiOiIyMDI2LTEwLTA0VDE3OjI2OjQ4LjY0N1oiLCJwdXIiOiJibG9iX2tleSJ9fQ==--23704e0ef1b6be9fbae62d94741abc3ad938eb8f/mobile.webp)[0m
Redirected to http://localhost:3000/rails/active_storage/disk/eyJfcmFpbHMiOnsibWVzc2FnZSI6IkJBaDdDVG9JYTJWNVNTSWhjM0p5WW5FMk5HbHNaR0p1TnpSaWFYRmthblExT0hodlpYaHBjd1k2QmtWVU9oQmthWE53YjNOcGRHbHZia2tpUldGMGRHRmphRzFsYm5RN0lHWnBiR1Z1WVcxbFBTSnRiMkpwYkdVdWQyVmljQ0k3SUdacGJHVnVZVzFsS2oxVlZFWXRPQ2NuYlc5aWFXeGxMbmRsWW5BR093WlVPaEZqYjI1MFpXNTBYM1I1Y0dWSklnOXBiV0ZuWlM5M1pXSndCanNHVkRvUmMyVnlkbWxqWlY5dVlXMWxPZ3BzYjJOaGJBPT0iLCJleHAiOiIyMDI2LTEwLTA0VDE3OjI2OjQ4LjY0N1oiLCJwdXIiOiJibG9iX2tleSJ9fQ==--23704e0ef1b6be9fbae62d94741abc3ad938eb8f/mobile.webp
Completed 302 Found in 27ms (ActiveRecord: 1.1ms | Allocations: 5241)


Started GET "/rails/active_storage/disk/eyJfcmFpbHMiOnsibWVzc2FnZSI6IkJBaDdDVG9JYTJWNVNTSWhjMjFqZDNZNE0yazNPWEI2ZW5SMFoyNDBhRE42TjNsdk0ydHlkUVk2QmtWVU9oQmthWE53YjNOcGRHbHZia2tpUldGMGRHRmphRzFsYm5RN0lHWnBiR1Z1WVcxbFBTSnRiMkpwYkdVdWQyVmljQ0k3SUdacGJHVnVZVzFsS2oxVlZFWXRPQ2NuYlc5aWFXeGxMbmRsWW5BR093WlVPaEZqYjI1MFpXNTBYM1I1Y0dWSklnOXBiV0ZuWlM5M1pXSndCanNHVkRvUmMyVnlkbWxqWlY5dVlXMWxPZ3BzYjJOaGJBPT0iLCJleHAiOiIyMDI2LTEwLTA0VDE3OjI2OjQ4LjYzMFoiLCJwdXIiOiJibG9iX2tleSJ9fQ==--818d85c38ba62f0085f415b22d666809a7d4da10/mobile.webp" for ::1 at 2026-10-04 22:51:48 +0530
Started GET "/rails/active_storage/disk/eyJfcmFpbHMiOnsibWVzc2FnZSI6IkJBaDdDVG9JYTJWNVNTSWhhWEE0Y0hSMllXdzRiM1ppTTNoc1pqRjBiMjlrY0dwNGVHSXhOQVk2QmtWVU9oQmthWE53YjNOcGRHbHZia2tpUldGMGRHRmphRzFsYm5RN0lHWnBiR1Z1WVcxbFBTSnRiMkpwYkdVdWQyVmljQ0k3SUdacGJHVnVZVzFsS2oxVlZFWXRPQ2NuYlc5aWFXeGxMbmRsWW5BR093WlVPaEZqYjI1MFpXNTBYM1I1Y0dWSklnOXBiV0ZuWlM5M1pXSndCanNHVkRvUmMyVnlkbWxqWlY5dVlXMWxPZ3BzYjJOaGJBPT0iLCJleHAiOiIyMDI2LTEwLTA0VDE3OjI2OjQ4LjY0MVoiLCJwdXIiOiJibG9iX2tleSJ9fQ==--71bc472dc384262151e4dca4db5ce2c9571201d3/mobile.webp" for ::1 at 2026-10-04 22:51:48 +0530
Started GET "/rails/active_storage/disk/eyJfcmFpbHMiOnsibWVzc2FnZSI6IkJBaDdDVG9JYTJWNVNTSWhkMkp6TmpWamRURXljVEpyZVhsNE5qSmhNbmx2TUdZMFpISmtlZ1k2QmtWVU9oQmthWE53YjNOcGRHbHZia2tpUldGMGRHRmphRzFsYm5RN0lHWnBiR1Z1WVcxbFBTSnRiMkpwYkdVdWQyVmljQ0k3SUdacGJHVnVZVzFsS2oxVlZFWXRPQ2NuYlc5aWFXeGxMbmRsWW5BR093WlVPaEZqYjI1MFpXNTBYM1I1Y0dWSklnOXBiV0ZuWlM5M1pXSndCanNHVkRvUmMyVnlkbWxqWlY5dVlXMWxPZ3BzYjJOaGJBPT0iLCJleHAiOiIyMDI2LTEwLTA0VDE3OjI2OjQ4LjY0NFoiLCJwdXIiOiJibG9iX2tleSJ9fQ==--5184611020aab524f26c9728a9a7150022847a24/mobile.webp" for ::1 at 2026-10-04 22:51:48 +0530
Started GET "/rails/active_storage/disk/eyJfcmFpbHMiOnsibWVzc2FnZSI6IkJBaDdDVG9JYTJWNVNTSWhjM0p5WW5FMk5HbHNaR0p1TnpSaWFYRmthblExT0hodlpYaHBjd1k2QmtWVU9oQmthWE53YjNOcGRHbHZia2tpUldGMGRHRmphRzFsYm5RN0lHWnBiR1Z1WVcxbFBTSnRiMkpwYkdVdWQyVmljQ0k3SUdacGJHVnVZVzFsS2oxVlZFWXRPQ2NuYlc5aWFXeGxMbmRsWW5BR093WlVPaEZqYjI1MFpXNTBYM1I1Y0dWSklnOXBiV0ZuWlM5M1pXSndCanNHVkRvUmMyVnlkbWxqWlY5dVlXMWxPZ3BzYjJOaGJBPT0iLCJleHAiOiIyMDI2LTEwLTA0VDE3OjI2OjQ4LjY0N1oiLCJwdXIiOiJibG9iX2tleSJ9fQ==--23704e0ef1b6be9fbae62d94741abc3ad938eb8f/mobile.webp" for ::1 at 2026-10-04 22:51:48 +0530
Processing by ActiveStorage::DiskController#show as */*
  Parameters: {"encoded_key"=>"[FILTERED]", "filename"=>"mobile"}
Processing by ActiveStorage::DiskController#show as */*
  Parameters: {"encoded_key"=>"[FILTERED]", "filename"=>"mobile"}
Completed 200 OK in 2ms (ActiveRecord: 0.0ms | Allocations: 421)


Completed 200 OK in 2ms (ActiveRecord: 0.0ms | Allocations: 445)


Processing by ActiveStorage::DiskController#show as */*
  Parameters: {"encoded_key"=>"[FILTERED]", "filename"=>"mobile"}
Completed 200 OK in 1ms (ActiveRecord: 0.0ms | Allocations: 149)


Processing by ActiveStorage::DiskController#show as */*
  Parameters: {"encoded_key"=>"[FILTERED]", "filename"=>"mobile"}
Completed 200 OK in 1ms (ActiveRecord: 0.0ms | Allocations: 143)


Started GET "/items/new" for ::1 at 2026-10-04 22:52:15 +0530
Processing by ItemsController#new as HTML
  Rendering layout layouts/application.html.erb
  Rendering items/new.html.erb within layouts/application
  Rendered items/new.html.erb within layouts/application (Duration: 195.1ms | Allocations: 9009)
  Rendered layout layouts/application.html.erb (Duration: 203.0ms | Allocations: 10082)
Completed 200 OK in 207ms (Views: 204.7ms | ActiveRecord: 0.0ms | Allocations: 10508)


Started GET "/" for ::1 at 2026-10-05 22:36:12 +0530
Started GET "/" for ::1 at 2026-10-05 22:36:12 +0530
Processing by ItemsController#index as HTML
Processing by ItemsController#index as HTML
  Rendering layout layouts/application.html.erb
  Rendering items/index.html.erb within layouts/application
  Rendering layout layouts/application.html.erb
  Rendering items/index.html.erb within layouts/application
  [1m[36mItem Exists? (1.2ms)[0m  [1m[34mSELECT 1 AS one FROM "items" LIMIT ?[0m  [["LIMIT", 1]]
  [1m[36mItem Load (0.5ms)[0m  [1m[34mSELECT "items".* FROM "items" ORDER BY "items"."created_at" DESC[0m
  [1m[36mItem Exists? (0.4ms)[0m  [1m[34mSELECT 1 AS one FROM "items" LIMIT ?[0m  [["LIMIT", 1]]
  [1m[36mItem Load (0.6ms)[0m  [1m[34mSELECT "items".* FROM "items" ORDER BY "items"."created_at" DESC[0m
  [1m[36mActiveStorage::Attachment Load (0.5ms)[0m  [1m[34mSELECT "active_storage_attachments".* FROM "active_storage_attachments" WHERE "active_storage_attachments"."record_id" = ? AND "active_storage_attachments"."record_type" = ? AND "active_storage_attachments"."name" = ? LIMIT ?[0m  [["record_id", 9], ["record_type", "Item"], ["name", "image"], ["LIMIT", 1]]
  [1m[36mActiveStorage::Attachment Load (0.5ms)[0m  [1m[34mSELECT "active_storage_attachments".* FROM "active_storage_attachments" WHERE "active_storage_attachments"."record_id" = ? AND "active_storage_attachments"."record_type" = ? AND "active_storage_attachments"."name" = ? LIMIT ?[0m  [["record_id", 9], ["record_type", "Item"], ["name", "image"], ["LIMIT", 1]]
  [1m[36mActiveStorage::Blob Load (0.4ms)[0m  [1m[34mSELECT "active_storage_blobs".* FROM "active_storage_blobs" WHERE "active_storage_blobs"."id" = ? LIMIT ?[0m  [["id", 5], ["LIMIT", 1]]
  [1m[36mActiveStorage::Blob Load (0.7ms)[0m  [1m[34mSELECT "active_storage_blobs".* FROM "active_storage_blobs" WHERE "active_storage_blobs"."id" = ? LIMIT ?[0m  [["id", 5], ["LIMIT", 1]]
  [1m[36mActiveStorage::Attachment Load (0.3ms)[0m  [1m[34mSELECT "active_storage_attachments".* FROM "active_storage_attachments" WHERE "active_storage_attachments"."record_id" = ? AND "active_storage_attachments"."record_type" = ? AND "active_storage_attachments"."name" = ? LIMIT ?[0m  [["record_id", 8], ["record_type", "Item"], ["name", "image"], ["LIMIT", 1]]
  [1m[36mActiveStorage::Blob Load (0.5ms)[0m  [1m[34mSELECT "active_storage_blobs".* FROM "active_storage_blobs" WHERE "active_storage_blobs"."id" = ? LIMIT ?[0m  [["id", 4], ["LIMIT", 1]]
  [1m[36mActiveStorage::Attachment Load (0.3ms)[0m  [1m[34mSELECT "active_storage_attachments".* FROM "active_storage_attachments" WHERE "active_storage_attachments"."record_id" = ? AND "active_storage_attachments"."record_type" = ? AND "active_storage_attachments"."name" = ? LIMIT ?[0m  [["record_id", 7], ["record_type", "Item"], ["name", "image"], ["LIMIT", 1]]
  [1m[36mActiveStorage::Blob Load (0.2ms)[0m  [1m[34mSELECT "active_storage_blobs".* FROM "active_storage_blobs" WHERE "active_storage_blobs"."id" = ? LIMIT ?[0m  [["id", 3], ["LIMIT", 1]]
  [1m[36mActiveStorage::Attachment Load (0.3ms)[0m  [1m[34mSELECT "active_storage_attachments".* FROM "active_storage_attachments" WHERE "active_storage_attachments"."record_id" = ? AND "active_storage_attachments"."record_type" = ? AND "active_storage_attachments"."name" = ? LIMIT ?[0m  [["record_id", 6], ["record_type", "Item"], ["name", "image"], ["LIMIT", 1]]
  [1m[36mActiveStorage::Blob Load (0.2ms)[0m  [1m[34mSELECT "active_storage_blobs".* FROM "active_storage_blobs" WHERE "active_storage_blobs"."id" = ? LIMIT ?[0m  [["id", 2], ["LIMIT", 1]]
  [1m[36mActiveStorage::Attachment Load (0.9ms)[0m  [1m[34mSELECT "active_storage_attachments".* FROM "active_storage_attachments" WHERE "active_storage_attachments"."record_id" = ? AND "active_storage_attachments"."record_type" = ? AND "active_storage_attachments"."name" = ? LIMIT ?[0m  [["record_id", 5], ["record_type", "Item"], ["name", "image"], ["LIMIT", 1]]
  Rendered items/index.html.erb within layouts/application (Duration: 271.3ms | Allocations: 42025)
  [1m[36mActiveStorage::Attachment Load (0.4ms)[0m  [1m[34mSELECT "active_storage_attachments".* FROM "active_storage_attachments" WHERE "active_storage_attachments"."record_id" = ? AND "active_storage_attachments"."record_type" = ? AND "active_storage_attachments"."name" = ? LIMIT ?[0m  [["record_id", 8], ["record_type", "Item"], ["name", "image"], ["LIMIT", 1]]
  [1m[36mActiveStorage::Blob Load (0.3ms)[0m  [1m[34mSELECT "active_storage_blobs".* FROM "active_storage_blobs" WHERE "active_storage_blobs"."id" = ? LIMIT ?[0m  [["id", 4], ["LIMIT", 1]]
  [1m[36mActiveStorage::Attachment Load (0.3ms)[0m  [1m[34mSELECT "active_storage_attachments".* FROM "active_storage_attachments" WHERE "active_storage_attachments"."record_id" = ? AND "active_storage_attachments"."record_type" = ? AND "active_storage_attachments"."name" = ? LIMIT ?[0m  [["record_id", 7], ["record_type", "Item"], ["name", "image"], ["LIMIT", 1]]
  [1m[36mActiveStorage::Blob Load (0.3ms)[0m  [1m[34mSELECT "active_storage_blobs".* FROM "active_storage_blobs" WHERE "active_storage_blobs"."id" = ? LIMIT ?[0m  [["id", 3], ["LIMIT", 1]]
  [1m[36mActiveStorage::Attachment Load (0.3ms)[0m  [1m[34mSELECT "active_storage_attachments".* FROM "active_storage_attachments" WHERE "active_storage_attachments"."record_id" = ? AND "active_storage_attachments"."record_type" = ? AND "active_storage_attachments"."name" = ? LIMIT ?[0m  [["record_id", 6], ["record_type", "Item"], ["name", "image"], ["LIMIT", 1]]
  [1m[36mActiveStorage::Blob Load (0.3ms)[0m  [1m[34mSELECT "active_storage_blobs".* FROM "active_storage_blobs" WHERE "active_storage_blobs"."id" = ? LIMIT ?[0m  [["id", 2], ["LIMIT", 1]]
  [1m[36mActiveStorage::Attachment Load (0.3ms)[0m  [1m[34mSELECT "active_storage_attachments".* FROM "active_storage_attachments" WHERE "active_storage_attachments"."record_id" = ? AND "active_storage_attachments"."record_type" = ? AND "active_storage_attachments"."name" = ? LIMIT ?[0m  [["record_id", 5], ["record_type", "Item"], ["name", "image"], ["LIMIT", 1]]
  Rendered items/index.html.erb within layouts/application (Duration: 289.6ms | Allocations: 45450)
  Rendered layout layouts/application.html.erb (Duration: 340.1ms | Allocations: 53734)
Completed 200 OK in 523ms (Views: 372.3ms | ActiveRecord: 9.1ms | Allocations: 71436)


  Rendered layout layouts/application.html.erb (Duration: 341.9ms | Allocations: 53934)
Completed 200 OK in 526ms (Views: 371.2ms | ActiveRecord: 13.1ms | Allocations: 72100)


Started GET "/rails/active_storage/blobs/redirect/eyJfcmFpbHMiOnsibWVzc2FnZSI6IkJBaHBDUT09IiwiZXhwIjpudWxsLCJwdXIiOiJibG9iX2lkIn19--1a569d148b4444b3abb50a1f274fa605d8126f00/mobile.webp" for ::1 at 2026-10-05 22:36:13 +0530
Started GET "/rails/active_storage/blobs/redirect/eyJfcmFpbHMiOnsibWVzc2FnZSI6IkJBaHBDZz09IiwiZXhwIjpudWxsLCJwdXIiOiJibG9iX2lkIn19--491052e30bb75dedf981910e12ce3657636b5a26/mobile.webp" for ::1 at 2026-10-05 22:36:13 +0530
Started GET "/rails/active_storage/blobs/redirect/eyJfcmFpbHMiOnsibWVzc2FnZSI6IkJBaHBDQT09IiwiZXhwIjpudWxsLCJwdXIiOiJibG9iX2lkIn19--96bdd189c9b61f7005a81194b25160ccc056f53a/mobile.webp" for ::1 at 2026-10-05 22:36:13 +0530
Started GET "/rails/active_storage/blobs/redirect/eyJfcmFpbHMiOnsibWVzc2FnZSI6IkJBaHBCdz09IiwiZXhwIjpudWxsLCJwdXIiOiJibG9iX2lkIn19--106c1880109ab7b85e3c5d20127ffa2e5803cef3/mobile.webp" for ::1 at 2026-10-05 22:36:13 +0530
Processing by ActiveStorage::Blobs::RedirectController#show as */*
  Parameters: {"signed_id"=>"eyJfcmFpbHMiOnsibWVzc2FnZSI6IkJBaHBDUT09IiwiZXhwIjpudWxsLCJwdXIiOiJibG9iX2lkIn19--1a569d148b4444b3abb50a1f274fa605d8126f00", "filename"=>"mobile"}
Processing by ActiveStorage::Blobs::RedirectController#show as */*
  Parameters: {"signed_id"=>"eyJfcmFpbHMiOnsibWVzc2FnZSI6IkJBaHBDZz09IiwiZXhwIjpudWxsLCJwdXIiOiJibG9iX2lkIn19--491052e30bb75dedf981910e12ce3657636b5a26", "filename"=>"mobile"}
Processing by ActiveStorage::Blobs::RedirectController#show as */*
  Parameters: {"signed_id"=>"eyJfcmFpbHMiOnsibWVzc2FnZSI6IkJBaHBCdz09IiwiZXhwIjpudWxsLCJwdXIiOiJibG9iX2lkIn19--106c1880109ab7b85e3c5d20127ffa2e5803cef3", "filename"=>"mobile"}
Processing by ActiveStorage::Blobs::RedirectController#show as */*
  Parameters: {"signed_id"=>"eyJfcmFpbHMiOnsibWVzc2FnZSI6IkJBaHBDQT09IiwiZXhwIjpudWxsLCJwdXIiOiJibG9iX2lkIn19--96bdd189c9b61f7005a81194b25160ccc056f53a", "filename"=>"mobile"}
  [1m[36mActiveStorage::Blob Load (0.2ms)[0m  [1m[34mSELECT "active_storage_blobs".* FROM "active_storage_blobs" WHERE "active_storage_blobs"."id" = ? LIMIT ?[0m  [["id", 4], ["LIMIT", 1]]
[36m  Disk Storage (1.5ms) [0m[34mGenerated URL for file at key: srrbq64ildbn74biqdjt58xoexis (http://localhost:3000/rails/active_storage/disk/eyJfcmFpbHMiOnsibWVzc2FnZSI6IkJBaDdDVG9JYTJWNVNTSWhjM0p5WW5FMk5HbHNaR0p1TnpSaWFYRmthblExT0hodlpYaHBjd1k2QmtWVU9oQmthWE53YjNOcGRHbHZia2tpUldGMGRHRmphRzFsYm5RN0lHWnBiR1Z1WVcxbFBTSnRiMkpwYkdVdWQyVmljQ0k3SUdacGJHVnVZVzFsS2oxVlZFWXRPQ2NuYlc5aWFXeGxMbmRsWW5BR093WlVPaEZqYjI1MFpXNTBYM1I1Y0dWSklnOXBiV0ZuWlM5M1pXSndCanNHVkRvUmMyVnlkbWxqWlY5dVlXMWxPZ3BzYjJOaGJBPT0iLCJleHAiOiIyMDI2LTEwLTA1VDE3OjExOjEzLjM0MloiLCJwdXIiOiJibG9iX2tleSJ9fQ==--44e6724260577c67b91893a70f4d8ea22eb2d29a/mobile.webp)[0m
Redirected to http://localhost:3000/rails/active_storage/disk/eyJfcmFpbHMiOnsibWVzc2FnZSI6IkJBaDdDVG9JYTJWNVNTSWhjM0p5WW5FMk5HbHNaR0p1TnpSaWFYRmthblExT0hodlpYaHBjd1k2QmtWVU9oQmthWE53YjNOcGRHbHZia2tpUldGMGRHRmphRzFsYm5RN0lHWnBiR1Z1WVcxbFBTSnRiMkpwYkdVdWQyVmljQ0k3SUdacGJHVnVZVzFsS2oxVlZFWXRPQ2NuYlc5aWFXeGxMbmRsWW5BR093WlVPaEZqYjI1MFpXNTBYM1I1Y0dWSklnOXBiV0ZuWlM5M1pXSndCanNHVkRvUmMyVnlkbWxqWlY5dVlXMWxPZ3BzYjJOaGJBPT0iLCJleHAiOiIyMDI2LTEwLTA1VDE3OjExOjEzLjM0MloiLCJwdXIiOiJibG9iX2tleSJ9fQ==--44e6724260577c67b91893a70f4d8ea22eb2d29a/mobile.webp
Completed 302 Found in 14ms (ActiveRecord: 0.2ms | Allocations: 2950)


  [1m[36mActiveStorage::Blob Load (0.1ms)[0m  [1m[34mSELECT "active_storage_blobs".* FROM "active_storage_blobs" WHERE "active_storage_blobs"."id" = ? LIMIT ?[0m  [["id", 3], ["LIMIT", 1]]
[36m  Disk Storage (0.8ms) [0m[34mGenerated URL for file at key: wbs65cu12q2kyyx62a2yo0f4drdz (http://localhost:3000/rails/active_storage/disk/eyJfcmFpbHMiOnsibWVzc2FnZSI6IkJBaDdDVG9JYTJWNVNTSWhkMkp6TmpWamRURXljVEpyZVhsNE5qSmhNbmx2TUdZMFpISmtlZ1k2QmtWVU9oQmthWE53YjNOcGRHbHZia2tpUldGMGRHRmphRzFsYm5RN0lHWnBiR1Z1WVcxbFBTSnRiMkpwYkdVdWQyVmljQ0k3SUdacGJHVnVZVzFsS2oxVlZFWXRPQ2NuYlc5aWFXeGxMbmRsWW5BR093WlVPaEZqYjI1MFpXNTBYM1I1Y0dWSklnOXBiV0ZuWlM5M1pXSndCanNHVkRvUmMyVnlkbWxqWlY5dVlXMWxPZ3BzYjJOaGJBPT0iLCJleHAiOiIyMDI2LTEwLTA1VDE3OjExOjEzLjM1MFoiLCJwdXIiOiJibG9iX2tleSJ9fQ==--b962e52988e27659d825793aa5dd32a7361bdd80/mobile.webp)[0m
Redirected to http://localhost:3000/rails/active_storage/disk/eyJfcmFpbHMiOnsibWVzc2FnZSI6IkJBaDdDVG9JYTJWNVNTSWhkMkp6TmpWamRURXljVEpyZVhsNE5qSmhNbmx2TUdZMFpISmtlZ1k2QmtWVU9oQmthWE53YjNOcGRHbHZia2tpUldGMGRHRmphRzFsYm5RN0lHWnBiR1Z1WVcxbFBTSnRiMkpwYkdVdWQyVmljQ0k3SUdacGJHVnVZVzFsS2oxVlZFWXRPQ2NuYlc5aWFXeGxMbmRsWW5BR093WlVPaEZqYjI1MFpXNTBYM1I1Y0dWSklnOXBiV0ZuWlM5M1pXSndCanNHVkRvUmMyVnlkbWxqWlY5dVlXMWxPZ3BzYjJOaGJBPT0iLCJleHAiOiIyMDI2LTEwLTA1VDE3OjExOjEzLjM1MFoiLCJwdXIiOiJibG9iX2tleSJ9fQ==--b962e52988e27659d825793aa5dd32a7361bdd80/mobile.webp
Completed 302 Found in 16ms (ActiveRecord: 0.4ms | Allocations: 3513)


  [1m[36mActiveStorage::Blob Load (0.2ms)[0m  [1m[34mSELECT "active_storage_blobs".* FROM "active_storage_blobs" WHERE "active_storage_blobs"."id" = ? LIMIT ?[0m  [["id", 5], ["LIMIT", 1]]
[36m  Disk Storage (0.7ms) [0m[34mGenerated URL for file at key: smcwv83i79pzzttgn4h3z7yo3kru (http://localhost:3000/rails/active_storage/disk/eyJfcmFpbHMiOnsibWVzc2FnZSI6IkJBaDdDVG9JYTJWNVNTSWhjMjFqZDNZNE0yazNPWEI2ZW5SMFoyNDBhRE42TjNsdk0ydHlkUVk2QmtWVU9oQmthWE53YjNOcGRHbHZia2tpUldGMGRHRmphRzFsYm5RN0lHWnBiR1Z1WVcxbFBTSnRiMkpwYkdVdWQyVmljQ0k3SUdacGJHVnVZVzFsS2oxVlZFWXRPQ2NuYlc5aWFXeGxMbmRsWW5BR093WlVPaEZqYjI1MFpXNTBYM1I1Y0dWSklnOXBiV0ZuWlM5M1pXSndCanNHVkRvUmMyVnlkbWxqWlY5dVlXMWxPZ3BzYjJOaGJBPT0iLCJleHAiOiIyMDI2LTEwLTA1VDE3OjExOjEzLjM1M1oiLCJwdXIiOiJibG9iX2tleSJ9fQ==--875add5fadd1769088f234ab5756b3ae64f9baab/mobile.webp)[0m
Redirected to http://localhost:3000/rails/active_storage/disk/eyJfcmFpbHMiOnsibWVzc2FnZSI6IkJBaDdDVG9JYTJWNVNTSWhjMjFqZDNZNE0yazNPWEI2ZW5SMFoyNDBhRE42TjNsdk0ydHlkUVk2QmtWVU9oQmthWE53YjNOcGRHbHZia2tpUldGMGRHRmphRzFsYm5RN0lHWnBiR1Z1WVcxbFBTSnRiMkpwYkdVdWQyVmljQ0k3SUdacGJHVnVZVzFsS2oxVlZFWXRPQ2NuYlc5aWFXeGxMbmRsWW5BR093WlVPaEZqYjI1MFpXNTBYM1I1Y0dWSklnOXBiV0ZuWlM5M1pXSndCanNHVkRvUmMyVnlkbWxqWlY5dVlXMWxPZ3BzYjJOaGJBPT0iLCJleHAiOiIyMDI2LTEwLTA1VDE3OjExOjEzLjM1M1oiLCJwdXIiOiJibG9iX2tleSJ9fQ==--875add5fadd1769088f234ab5756b3ae64f9baab/mobile.webp
Completed 302 Found in 19ms (ActiveRecord: 0.2ms | Allocations: 4152)


  [1m[36mActiveStorage::Blob Load (0.1ms)[0m  [1m[34mSELECT "active_storage_blobs".* FROM "active_storage_blobs" WHERE "active_storage_blobs"."id" = ? LIMIT ?[0m  [["id", 2], ["LIMIT", 1]]
[36m  Disk Storage (0.8ms) [0m[34mGenerated URL for file at key: ip8ptval8ovb3xlf1toodpjxxb14 (http://localhost:3000/rails/active_storage/disk/eyJfcmFpbHMiOnsibWVzc2FnZSI6IkJBaDdDVG9JYTJWNVNTSWhhWEE0Y0hSMllXdzRiM1ppTTNoc1pqRjBiMjlrY0dwNGVHSXhOQVk2QmtWVU9oQmthWE53YjNOcGRHbHZia2tpUldGMGRHRmphRzFsYm5RN0lHWnBiR1Z1WVcxbFBTSnRiMkpwYkdVdWQyVmljQ0k3SUdacGJHVnVZVzFsS2oxVlZFWXRPQ2NuYlc5aWFXeGxMbmRsWW5BR093WlVPaEZqYjI1MFpXNTBYM1I1Y0dWSklnOXBiV0ZuWlM5M1pXSndCanNHVkRvUmMyVnlkbWxqWlY5dVlXMWxPZ3BzYjJOaGJBPT0iLCJleHAiOiIyMDI2LTEwLTA1VDE3OjExOjEzLjM1NVoiLCJwdXIiOiJibG9iX2tleSJ9fQ==--9db16f562fca77b475144e140c25b2a59b88872c/mobile.webp)[0m
Redirected to http://localhost:3000/rails/active_storage/disk/eyJfcmFpbHMiOnsibWVzc2FnZSI6IkJBaDdDVG9JYTJWNVNTSWhhWEE0Y0hSMllXdzRiM1ppTTNoc1pqRjBiMjlrY0dwNGVHSXhOQVk2QmtWVU9oQmthWE53YjNOcGRHbHZia2tpUldGMGRHRmphRzFsYm5RN0lHWnBiR1Z1WVcxbFBTSnRiMkpwYkdVdWQyVmljQ0k3SUdacGJHVnVZVzFsS2oxVlZFWXRPQ2NuYlc5aWFXeGxMbmRsWW5BR093WlVPaEZqYjI1MFpXNTBYM1I1Y0dWSklnOXBiV0ZuWlM5M1pXSndCanNHVkRvUmMyVnlkbWxqWlY5dVlXMWxPZ3BzYjJOaGJBPT0iLCJleHAiOiIyMDI2LTEwLTA1VDE3OjExOjEzLjM1NVoiLCJwdXIiOiJibG9iX2tleSJ9fQ==--9db16f562fca77b475144e140c25b2a59b88872c/mobile.webp
Completed 302 Found in 22ms (ActiveRecord: 0.7ms | Allocations: 4699)


Started GET "/rails/active_storage/disk/eyJfcmFpbHMiOnsibWVzc2FnZSI6IkJBaDdDVG9JYTJWNVNTSWhjM0p5WW5FMk5HbHNaR0p1TnpSaWFYRmthblExT0hodlpYaHBjd1k2QmtWVU9oQmthWE53YjNOcGRHbHZia2tpUldGMGRHRmphRzFsYm5RN0lHWnBiR1Z1WVcxbFBTSnRiMkpwYkdVdWQyVmljQ0k3SUdacGJHVnVZVzFsS2oxVlZFWXRPQ2NuYlc5aWFXeGxMbmRsWW5BR093WlVPaEZqYjI1MFpXNTBYM1I1Y0dWSklnOXBiV0ZuWlM5M1pXSndCanNHVkRvUmMyVnlkbWxqWlY5dVlXMWxPZ3BzYjJOaGJBPT0iLCJleHAiOiIyMDI2LTEwLTA1VDE3OjExOjEzLjM0MloiLCJwdXIiOiJibG9iX2tleSJ9fQ==--44e6724260577c67b91893a70f4d8ea22eb2d29a/mobile.webp" for ::1 at 2026-10-05 22:36:13 +0530
Started GET "/rails/active_storage/disk/eyJfcmFpbHMiOnsibWVzc2FnZSI6IkJBaDdDVG9JYTJWNVNTSWhkMkp6TmpWamRURXljVEpyZVhsNE5qSmhNbmx2TUdZMFpISmtlZ1k2QmtWVU9oQmthWE53YjNOcGRHbHZia2tpUldGMGRHRmphRzFsYm5RN0lHWnBiR1Z1WVcxbFBTSnRiMkpwYkdVdWQyVmljQ0k3SUdacGJHVnVZVzFsS2oxVlZFWXRPQ2NuYlc5aWFXeGxMbmRsWW5BR093WlVPaEZqYjI1MFpXNTBYM1I1Y0dWSklnOXBiV0ZuWlM5M1pXSndCanNHVkRvUmMyVnlkbWxqWlY5dVlXMWxPZ3BzYjJOaGJBPT0iLCJleHAiOiIyMDI2LTEwLTA1VDE3OjExOjEzLjM1MFoiLCJwdXIiOiJibG9iX2tleSJ9fQ==--b962e52988e27659d825793aa5dd32a7361bdd80/mobile.webp" for ::1 at 2026-10-05 22:36:13 +0530
Started GET "/rails/active_storage/disk/eyJfcmFpbHMiOnsibWVzc2FnZSI6IkJBaDdDVG9JYTJWNVNTSWhjMjFqZDNZNE0yazNPWEI2ZW5SMFoyNDBhRE42TjNsdk0ydHlkUVk2QmtWVU9oQmthWE53YjNOcGRHbHZia2tpUldGMGRHRmphRzFsYm5RN0lHWnBiR1Z1WVcxbFBTSnRiMkpwYkdVdWQyVmljQ0k3SUdacGJHVnVZVzFsS2oxVlZFWXRPQ2NuYlc5aWFXeGxMbmRsWW5BR093WlVPaEZqYjI1MFpXNTBYM1I1Y0dWSklnOXBiV0ZuWlM5M1pXSndCanNHVkRvUmMyVnlkbWxqWlY5dVlXMWxPZ3BzYjJOaGJBPT0iLCJleHAiOiIyMDI2LTEwLTA1VDE3OjExOjEzLjM1M1oiLCJwdXIiOiJibG9iX2tleSJ9fQ==--875add5fadd1769088f234ab5756b3ae64f9baab/mobile.webp" for ::1 at 2026-10-05 22:36:13 +0530
Started GET "/rails/active_storage/disk/eyJfcmFpbHMiOnsibWVzc2FnZSI6IkJBaDdDVG9JYTJWNVNTSWhhWEE0Y0hSMllXdzRiM1ppTTNoc1pqRjBiMjlrY0dwNGVHSXhOQVk2QmtWVU9oQmthWE53YjNOcGRHbHZia2tpUldGMGRHRmphRzFsYm5RN0lHWnBiR1Z1WVcxbFBTSnRiMkpwYkdVdWQyVmljQ0k3SUdacGJHVnVZVzFsS2oxVlZFWXRPQ2NuYlc5aWFXeGxMbmRsWW5BR093WlVPaEZqYjI1MFpXNTBYM1I1Y0dWSklnOXBiV0ZuWlM5M1pXSndCanNHVkRvUmMyVnlkbWxqWlY5dVlXMWxPZ3BzYjJOaGJBPT0iLCJleHAiOiIyMDI2LTEwLTA1VDE3OjExOjEzLjM1NVoiLCJwdXIiOiJibG9iX2tleSJ9fQ==--9db16f562fca77b475144e140c25b2a59b88872c/mobile.webp" for ::1 at 2026-10-05 22:36:13 +0530
Processing by ActiveStorage::DiskController#show as */*
  Parameters: {"encoded_key"=>"[FILTERED]", "filename"=>"mobile"}
Processing by ActiveStorage::DiskController#show as */*
  Parameters: {"encoded_key"=>"[FILTERED]", "filename"=>"mobile"}
Completed 200 OK in 2ms (ActiveRecord: 0.0ms | Allocations: 433)


Completed 200 OK in 1ms (ActiveRecord: 0.0ms | Allocations: 241)


Processing by ActiveStorage::DiskController#show as */*
  Parameters: {"encoded_key"=>"[FILTERED]", "filename"=>"mobile"}
Completed 200 OK in 1ms (ActiveRecord: 0.0ms | Allocations: 151)


Processing by ActiveStorage::DiskController#show as */*
  Parameters: {"encoded_key"=>"[FILTERED]", "filename"=>"mobile"}
Completed 200 OK in 1ms (ActiveRecord: 0.0ms | Allocations: 143)


